AddressID,AddressLine1,AddressLine2,City,StateProvinceID,PostalCode,SpatialLocation,rowguid,ModifiedDate
1,1970 Napa Ct.,,Bothell,79,98011,0xE6100000010CAE8BFC28BCE4474067A89189898A5EC0,9AADCB0D-36CF-483F-84D8-585C2D4EC6E9,04-12-2007
2,9833 Mt. Dias Blv.,,Bothell,79,98011,0xE6100000010CD6FA851AE6D74740BC262A0A03905EC0,32A54B9E-E034-4BFB-B573-A71CDE60D8C0,30-11-2008
3,7484 Roundtree Drive,,Bothell,79,98011,0xE6100000010C18E304C4ADE14740DA930C7893915EC0,4C506923-6D1B-452C-A07C-BAA6F5B142A4,07-03-2013
4,9539 Glenside Dr,,Bothell,79,98011,0xE6100000010C813A0D5F9FDE474011A5C28A7C955EC0,E5946C78-4BCC-477F-9FA1-CC09DE16A880,03-02-2009
5,1226 Shoe St.,,Bothell,79,98011,0xE6100000010C61C64D8ABBD94740C460EA3FD8855EC0,FBAFF937-4A97-4AF0-81FD-B849900E9BB0,19-12-2008
6,1399 Firestone Drive,,Bothell,79,98011,0xE6100000010CE0B4E50458DA47402F12A5F80C975EC0,FEBF8191-9804-44C8-877A-33FDE94F0075,13-02-2009
7,5672 Hale Dr.,,Bothell,79,98011,0xE6100000010C18E304C4ADE1474011A5C28A7C955EC0,0175A174-6C34-4D41-B3C1-4419CD6A0446,11-12-2009
8,6387 Scenic Avenue,,Bothell,79,98011,0xE6100000010C0029A5D93BDF4740E248962FD5975EC0,3715E813-4DCA-49E0-8F1C-31857D21F269,17-12-2008
9,8713 Yosemite Ct.,,Bothell,79,98011,0xE6100000010C6A80AD742DDC4740851574F7198C5EC0,268AF621-76D7-4C78-9441-144FD139821A,30-05-2012
10,250 Race Court,,Bothell,79,98011,0xE6100000010C219D64AE1FE4474040862564B7825EC0,0B6B739D-8EB6-4378-8D55-FE196AF34C04,02-12-2008
11,1318 Lasalle Street,,Bothell,79,98011,0xE6100000010CCEFFBBFD9FE9474057B9479C728E5EC0,981B3303-ACA2-49C7-9A96-FB670785B269,28-02-2013
12,5415 San Gabriel Dr.,,Bothell,79,98011,0xE6100000010C6A80AD742DDC474011A5C28A7C955EC0,1C2C9CFE-AB9F-4F96-8E1F-D9666B6F7F22,05-01-2013
13,9265 La Paz,,Bothell,79,98011,0xE6100000010CC3228C0867E84740F3BC169B7F835EC0,E0BA2F52-C907-4553-A0DB-67FC67D28AE4,14-12-2013
14,8157 W. Book,,Bothell,79,98011,0xE6100000010C219D64AE1FE4474067A89189898A5EC0,A1C658AE-C553-4A9D-A081-A550D39B64DF,04-12-2009
15,4912 La Vuelta,,Bothell,79,98011,0xE6100000010C219D64AE1FE447405E6ED153B4945EC0,F397E64A-A9D8-4E57-9E7C-B10928ACADD6,18-11-2013
16,40 Ellis St.,,Bothell,79,98011,0xE6100000010CF76E45EFC9DC474067A89189898A5EC0,0312B65F-CB60-4396-9EC7-A78B2EAC1A1B,09-11-2012
17,6696 Anchor Drive,,Bothell,79,98011,0xE6100000010C034C75E402DE4740BC262A0A03905EC0,CE9B3B47-9267-4727-BCD2-687C47482C06,08-11-2013
18,1873 Lion Circle,,Bothell,79,98011,0xE6100000010C219D64AE1FE447405FF307D247845EC0,963854F7-E3CB-46A1-A3DB-1B05F71D6473,30-11-2013
19,3148 Rose Street,,Bothell,79,98011,0xE6100000010C813A0D5F9FDE47407DDBB3C144965EC0,6B7ACB0F-CDBF-44FD-BA14-EB08A56C1582,03-04-2014
20,6872 Thornwood Dr.,,Bothell,79,98011,0xE6100000010C034C75E402DE4740483BAF1BF9885EC0,4B1F1ED4-97A4-43FD-BB1E-9E05817718E8,05-02-2009
21,5747 Shirley Drive,,Bothell,79,98011,0xE6100000010CEB9115FA90DB47408E4F342DEF815EC0,D83299D7-A0F4-4055-9BD5-5908E245D757,11-02-2009
22,636 Vine Hill Way,,Portland,58,97205,0xE6100000010CB55B852318C34640DD7A52C8D3A75EC0,7F641525-2704-4F73-9D8A-EB062CFBFA3C,24-05-2011
23,6657 Sand Pointe Lane,,Seattle,79,98104,0xE6100000010C9F07FD5862DD47409F583A2EE9975EC0,B991568F-5096-4A92-B25C-1A3E4D2ACC66,15-01-2009
24,80 Sunview Terrace,,Duluth,36,55802,0xE6100000010C04554A7DD566474059F1E1D0B30457C0,BE07D3C8-6E58-4670-9DA9-151AB6D3D620,24-05-2011
25,9178 Jumping St.,,Dallas,73,75201,0xE6100000010C10A810D1886240403A0F0653663158C0,C8DF3BD9-48F0-4654-A8DD-14A67A84D3C6,31-07-2012
26,5725 Glaze Drive,,San Francisco,9,94109,0xE6100000010CFE3883FD5AE14240E38A86B1249A5EC0,77415959-A4EE-4DA6-86F9-70C097560005,24-05-2011
27,2487 Riverside Drive,,Nevada,74,84407,0xE6100000010C50ECC7344CA044400C0B98AB57FA5BC0,C1D0F3B0-6B2A-4388-8861-48F44D8270A1,24-05-2011
28,9228 Via Del Sol,,Phoenix,6,85004,0xE6100000010CCEEAD68894D440404D9D2EDC020E5CC0,12AE5EE1-FC3E-468B-9B92-3B970B169774,01-08-2011
29,8291 Crossbow Way,,Memphis,72,38103,0xE6100000010C7AED632C1D9641401C8388AE3C8A56C0,7CC794AD-1822-412B-AB94-337A89A1D0C9,24-05-2011
30,9707 Coldwater Drive,,Orlando,15,32804,0xE6100000010C90C10F63019F3C4089A0F6721C5254C0,7431591F-36C1-4A65-B722-0E006DB73557,01-07-2011
31,9100 Sheppard Avenue North,,Ottawa,57,K4B 1T7,0xE6100000010CFE790DE102A84640715F3BDE74D652C0,644DEA26-E6FD-4019-85E6-35364DDAB0CC,24-05-2011
32,26910 Indela Road,,Montreal,63,H1Y 2H5,0xE6100000010C30D3FD464FCA4640CD2A07B90E6152C0,84A95F62-3AE8-4E7E-BBD5-5A6F00CD982D,30-06-2012
33,10203 Acorn Avenue,,Calgary,1,T2P 2G8,0xE6100000010CB2F2FC2E338E4940BA61B7D381795CC0,237986D3-0F02-4D59-9B2E-6B1A6B5A6185,24-05-2011
34,"94, rue Descartes",,Bordeaux,119,33000,0xE6100000010C1F9AACD1B8624640606323101251E3BF,57F25EED-0F07-43BA-83B4-5A4B398F4BF2,21-12-2013
35,Pascalstr 951,,Berlin,20,14111,0xE6100000010C078D021125484A408AD730111F9C2A40,2985CF68-8155-45A3-B086-7B08BD4D46EF,23-05-2013
36,34 Waterloo Road,,Melbourne,77,3000,0xE6100000010C17C9C9D093E642C035B63CBED31E6240,18E590A6-A500-48B5-B092-9E0B59816436,23-05-2013
37,Downshire Way,,Cambridge,14,BA5 3HX,0xE6100000010CFD6ECF37749849406E2CA98C0AF704C0,7F80F9CE-50F1-404B-8C18-7C95EE35A6EE,23-05-2012
38,8154 Via Mexico,,Detroit,35,48226,0xE6100000010C3D5A41438330454086E592457FC954C0,BD54F2AD-157A-4491-9F05-CC1D5A492CF1,24-05-2011
39,3997 Via De Luna,,Cambridge,30,2139,0xE6100000010C74132705E72B4540E64A71E28ACB51C0,A5A9AC6D-5488-4A15-A932-F6FA651093F7,23-09-2012
40,1902 Santa Cruz,,Bothell,79,98011,0xE6100000010C96D19C3E4AE2474057B9479C728E5EC0,5A0C5C47-18BE-420B-89BA-D39878160D80,01-02-2010
41,793 Crawford Street,,Kenmore,79,98028,0xE6100000010CF89D8A7846E84740D1680C2DC38A5EC0,58F28FFB-BE74-47F9-AEC0-D5771026ED8F,25-03-2014
42,463 H Stagecoach Rd.,,Kenmore,79,98028,0xE6100000010C1BF06593F0E047402DCB06C6D9865EC0,782C540D-3EAD-4D15-B170-E60616CF125B,20-01-2009
43,5203 Virginia Lane,,Kenmore,79,98028,0xE6100000010C20D3DF97B7DF47402990709D32895EC0,E210A601-42B9-4313-979D-4BCCA6144343,13-02-2010
44,4095 Cooper Dr.,,Kenmore,79,98028,0xE6100000010C150DEC8E29E24740146981D2EE945EC0,E6A218AE-516C-4CD6-A0A9-105FCD46994B,27-12-2008
45,6697 Ridge Park Drive,,Kenmore,79,98028,0xE6100000010C4225BBB261D84740146981D2EE945EC0,95A73034-BD61-4349-B337-02D647C88CDD,25-11-2008
46,5669 Ironwood Way,,Kenmore,79,98028,0xE6100000010C76AC4DF6E2E84740C9F2DFDB748F5EC0,8FD29F31-EB25-4EC7-9258-FEF7160119C0,29-01-2009
47,8192 Seagull Court,,Kenmore,79,98028,0xE6100000010C04647E81D4E547407941A8BC538C5EC0,3DE1BDE3-FF37-4992-B50E-E12D5E247132,11-01-2009
48,5553 Cash Avenue,,Kenmore,79,98028,0xE6100000010CC0337E30FED8474075061294AC8E5EC0,1875165E-D9E4-414F-8FCB-6A8720625443,31-01-2014
49,7048 Laurel,,Kenmore,79,98028,0xE6100000010C1BF06593F0E04740C9F2DFDB748F5EC0,C172E367-E6E6-4200-8865-12902022B891,01-02-2009
50,25 95th Ave NE,,Kenmore,79,98028,0xE6100000010C0947F8859BE44740BC411D627F965EC0,8AD42881-A81B-4A4D-95C2-6D34A55F3BC9,06-02-2009
51,3280 Pheasant Circle,,Snohomish,79,98296,0xE6100000010CE394E9D501E2474014B8B3D8FE915EC0,D40AA5FF-462B-4322-9C67-C7B5F468E6E3,30-11-2008
52,4231 Spar Court,,Snohomish,79,98296,0xE6100000010C182C38B72BE047407D89EAD8CD805EC0,19801401-913F-45FA-A7D3-8573F35202E7,20-01-2009
53,1285 Greenbrier Street,,Snohomish,79,98296,0xE6100000010C39DB74CBB2F0474003CACBFB25835EC0,D08E2B94-FFC3-44F6-B926-ECD76F0360F6,28-12-2008
54,5724 Victory Lane,,Snohomish,79,98296,0xE6100000010C39DB74CBB2F04740890AAD1E7E855EC0,AEB2271B-A9E9-454E-B04B-8A3B91014463,29-01-2010
55,591 Merriewood Drive,,Snohomish,79,98296,0xE6100000010C1040A96179EF47407261B07BBE8B5EC0,AB314668-EACD-4440-9832-CCCF2B187078,16-02-2009
56,3114 Notre Dame Ave.,,Snohomish,79,98296,0xE6100000010C1040A96179EF4740720828931D7C5EC0,E7A29CE5-7EC6-4E64-9480-0C166297B6A5,29-11-2013
57,7230 Vine Maple Street,,Snohomish,79,98296,0xE6100000010CA50D8F1616F047407261B07BBE8B5EC0,2C5FE85E-796E-4666-B449-9CFDFA870058,22-01-2009
58,2601 Cambridge Drive,,Snohomish,79,98296,0xE6100000010C43CFFD3184E747408E77D2B5A68F5EC0,44668102-3C93-4005-BAAB-E14D351D1522,05-12-2008
59,2115 Passing,,Snohomish,79,98296,0xE6100000010CDAA4DDF73FEE474077754D2A46865EC0,77923F90-FCCD-40AE-8C51-52A2267A5A61,30-11-2008
60,4852 Chaparral Court,,Snohomish,79,98296,0xE6100000010C78664C13AEE54740E6B3A9C13D7F5EC0,5457D27A-52B3-4150-87EA-96B42645AB01,25-12-2009
61,7726 Driftwood Drive,,Monroe,79,98272,0xE6100000010CC440A386ACE847406C86CCD635785EC0,07373E01-BD99-405A-996A-AB68984423C3,23-06-2006
62,3841 Silver Oaks Place,,Monroe,79,98272,0xE6100000010CC56E23CC68EF4740949BC704EA835EC0,851AA003-2D0F-4165-A54B-A13D9B86924A,27-11-2008
63,9652 Los Angeles,,Monroe,79,98272,0xE6100000010CC440A386ACE8474044786554C5795EC0,E031CC1E-3E82-4338-B590-5FE91242DEFF,27-01-2009
64,4566 La Jolla,,Monroe,79,98272,0xE6100000010C827F23CEDBF14740BBA92E875A825EC0,39EFCF68-25CA-4B41-9882-A91F8FC2EC62,08-01-2009
65,1356 Grove Way,,Monroe,79,98272,0xE6100000010C8151A3881FEB474036062D4141865EC0,C9ED93AD-FE56-4A9E-86D0-E53DB70DB0CC,14-02-2009
66,4775 Kentucky Dr.,Unit E,Monroe,79,98272,0xE6100000010C9C3C23C60FE84740E5DB36E5D86E5EC0,462876DD-B30C-4E9B-A0AD-67A0E14986C6,27-05-2014
67,4734 Sycamore Court,,Monroe,79,98272,0xE6100000010C4B7BA30D3FF147406D8D608279855EC0,F6A0BC36-9C6E-4395-A7D5-8F31AD3775F4,20-12-2008
68,896 Southdale,,Monroe,79,98272,0xE6100000010CFA16A3018DE24740D669FED1547B5EC0,BFF6C765-A8EA-4F40-9C87-43C8829EB396,26-02-2009
69,2275 Valley Blvd.,,Monroe,79,98272,0xE6100000010C594D23C882EA474078D4630EAC7D5EC0,192987FC-CA4B-421A-8EA9-52ED8EED3D32,14-01-2009
70,1792 Belmont Rd.,,Monroe,79,98272,0xE6100000010CAA83A38E78F247406C86CCD635785EC0,5F659DE9-3A31-41D5-BB92-EA0D34486C83,02-12-2008
71,5734 Ashford Court,,Monroe,79,98272,0xE6100000010C0730A38439E6474093943359A6765EC0,5CD0EDD1-7841-49C9-AEBB-69ED1CD2989C,13-02-2008
72,5030 Blue Ridge Dr.,,Monroe,79,98272,0xE6100000010C2377234DA2F04740CB22FB4522835EC0,51711CD3-947C-4666-882F-A50943E12339,06-02-2009
73,158 Walnut Ave,,Monroe,79,98272,0xE6100000010C6638A30573E74740A20D00186E775EC0,2AD59424-B8FC-4957-82F7-62C11DD89235,07-02-2009
74,8310 Ridge Circle,,Monroe,79,98272,0xE6100000010C3E9023D04EF447405F38359FBF725EC0,82780FDB-8DF5-4334-9994-2D306ECC73E1,30-11-2008
75,3747 W. Landing Avenue,,Monroe,79,98272,0xE6100000010C221B23C229E34740F23062C892815EC0,05524AB0-4696-4670-8D2F-580B6A5DF760,28-02-2009
76,2598 La Vista Circle,,Duvall,79,98019,0xE6100000010CB0EA3DB968E347402CE232B5ED685EC0,3661F140-8DE9-4C81-A54E-661E6C61A801,03-02-2009
77,9693 Mellowood Street,,Duvall,79,98019,0xE6100000010C2D6899BAAFE747407520D45948725EC0,C83B3A62-3561-4378-B307-540451AC23BD,20-02-2008
78,1825 Corte Del Prado,,Duvall,79,98019,0xE6100000010C1B709E483EDA4740D1D0ABB0F16F5EC0,86F8D7EA-AF62-4A35-8FC6-4278BCA608F1,27-12-2008
79,5086 Nottingham Place,,Duvall,79,98019,0xE6100000010C39F1E4FE68D847402D8183079B6D5EC0,83393058-231C-4D1E-863A-88385D126810,17-01-2010
80,3977 Central Avenue,,Duvall,79,98019,0xE6100000010C0BEF579213DC474076BF24ACF5765EC0,30A7AD1E-78F0-4F04-83EE-2CD1C37D59A5,02-02-2009
81,8209 Green View Court,,Duvall,79,98019,0xE6100000010C8F71FC90CCD74740A0FCEA42B5695EC0,41AE4C8A-1922-427A-B66F-3779639B0F42,20-02-2010
82,8463 Vista Avenue,,Duvall,79,98019,0xE6100000010CA069F7023EE5474062AE9DA7F97D5EC0,C2AE1EA5-4F3C-413C-8810-4185EE46BB96,21-02-2009
83,5379 Treasure Island Way,# 14,Duvall,79,98019,0xE6100000010C2D6899BAAFE747408E2905E3137A5EC0,F229A37B-C8D9-4E4A-99BB-4D12715A2F5E,04-02-2009
84,3421 Bouncing Road,,Duvall,79,98019,0xE6100000010CA069F7023EE5474032792D8C6A7C5EC0,83B10347-08DC-4E5E-8A94-60DEB34D92A7,01-12-2008
85,991 Vista Verde,,Duvall,79,98019,0xE6100000010CE5F1132330D74740A5F494C784785EC0,8EAB0498-EB64-4F80-AEDE-CA3735D4C097,01-02-2009
86,390 Ridgewood Ct.,,Carnation,79,98014,0xE6100000010C8B773FA1AFDD4740ED29E16761775EC0,DAFBD136-5AC2-4F16-8D82-2BFFFD60B7A7,20-12-2008
87,1411 Ranch Drive,,Carnation,79,98014,0xE6100000010C866A60EF3EDB4740D4329D84B8795EC0,B7AD6512-9B80-4FDB-8EBB-B9934B211CEA,06-02-2009
88,9666 Northridge Ct.,,Carnation,79,98014,0xE6100000010CBCEC7CA2A7CF4740370FAD115C705EC0,FD316D3A-10F5-41D7-8CD9-7B1EAA851223,01-12-2008
89,3074 Arbor Drive,,Carnation,79,98014,0xE6100000010C8A50A28B5DD647408A4DD1DABD805EC0,BF8E2FBE-1BC0-4643-9764-2903C86438EC,14-12-2008
90,9752 Jeanne Circle,,Carnation,79,98014,0xE6100000010C8F5D813DCED84740BC3B59A10F7C5EC0,5582D57F-9E56-4D15-8633-633206D2A182,09-01-2010
91,7166 Brock Lane,,Seattle,79,98104,0xE6100000010C8726B9B50FCF47409A9689D608995EC0,219725C5-2537-45DB-879D-CE160729EECE,15-12-2008
92,7126 Ending Ct.,,Seattle,79,98104,0xE6100000010C9A77BCE123C747406282BA744A8D5EC0,DEDCAECB-19B4-4441-9BBB-BC758329F406,19-12-2007
93,4598 Manila Avenue,,Seattle,79,98104,0xE6100000010C76957EBCD7CD4740789E0F64BB9D5EC0,058435DF-1143-4921-A47E-FD02E7F05EA7,29-01-2010
94,5666 Hazelnut Lane,,Seattle,79,98104,0xE6100000010C76957EBCD7CD47409A9689D608995EC0,1033EF53-1246-4830-878C-516D4697ED8B,24-02-2009
95,1220 Bradford Way,,Seattle,79,98104,0xE6100000010C019EE4EB4FC547405F3EB2FC77975EC0,EF7470D7-D3CE-4E30-AE81-6E1F7752134E,08-12-2008
96,5375 Clearland Circle,,Seattle,79,98104,0xE6100000010CA8482EA87FD147408346388A2A9C5EC0,EF57EA2B-15FD-4887-90DC-77EC79AE67E9,04-01-2009
97,2639 Anchor Court,,Seattle,79,98104,0xE6100000010CDAFBDD9327D5474067D6CE07828C5EC0,9C3D0B0D-E3B3-4696-B0EB-A90356CB8ACC,07-02-2014
98,502 Alexander Pl.,,Seattle,79,98104,0xE6100000010C52B340978BD44740703AEFB51E955EC0,B3D67582-A180-42AD-BE0D-E8FAC4080354,25-01-2009
99,5802 Ampersand Drive,,Seattle,79,98104,0xE6100000010C63447B90C3D54740789E0F64BB9D5EC0,137CC1BA-089A-4E2D-91BF-7480802A7E00,31-12-2008
100,5125 Cotton Ct.,,Seattle,79,98104,0xE6100000010CEB8C188D5FD647406492C68FAF965EC0,AB6BCC20-67D3-4A26-BA02-CDC917C2DEE4,03-02-2009
101,3243 Buckingham Dr.,# 207,Seattle,79,98104,0xE6100000010C3091CBA41BD24740703AEFB51E955EC0,0F1F79AB-54A1-4C6C-BEB7-E476E8521599,15-02-2009
102,3029 Pastime Dr,# 2,Seattle,79,98104,0xE6100000010C0F6F56B2ABCF4740B84AFBD0839E5EC0,5E77CA8D-72D4-4572-8F88-1A1A5A7969F0,04-01-2009
103,9537 Ridgewood Drive,,Seattle,79,98104,0xE6100000010CAB08F7DA5BC847405F3EB2FC77975EC0,906F7B49-E609-42CB-9BF5-ED5C043D166C,05-02-2010
104,9964 North Ridge Drive,,Seattle,79,98104,0xE6100000010C0F6F56B2ABCF4740868A4002FD915EC0,3B560935-AD49-458D-9C58-3D09C4B1EC3E,29-01-2009
105,1619 Stillman Court,,Seattle,79,98104,0xE6100000010CDAFBDD9327D547406AE6DA22E7955EC0,3A7BAABE-A265-43DE-86E1-CFE6EA60E3B0,19-12-2008
106,2144 San Rafael,,Seattle,79,98104,0xE6100000010C97B7F3AE47D04740868A4002FD915EC0,E0D82A90-FAE8-43A9-A98D-4F6512E57709,05-01-2009
107,7403 N. Broadway,,Seattle,79,98104,0xE6100000010CEB8C188D5FD647407BE217DC8D935EC0,C9FE9DD9-6867-44FC-9C5A-07DBC9CA6F7F,01-01-2009
108,7842 Ygnacio Valley Road,,Seattle,79,98104,0xE6100000010CAB08F7DA5BC8474056DA914EDB8E5EC0,6600064E-0B21-405D-85C4-6A5E1E41771D,10-12-2008
109,874 Olivera Road,,Seattle,79,98104,0xE6100000010CB9D968A1B7D24740703AEFB51E955EC0,F868AAE1-DACB-4606-88C4-EB07F4492629,24-02-2010
110,1064 Slow Creek Road,,Seattle,79,98104,0xE6100000010CEB8C188D5FD647407DF223F7F29C5EC0,184AD4A1-45B8-4910-A2B2-A9E2A658B07C,08-12-2008
111,77 Birchwood,,Seattle,79,98104,0xE6100000010C22C059DEBFC7474051867DBBA38F5EC0,C27E3B42-1548-404C-B104-F765CF42C068,27-01-2009
112,7765 Sunsine Drive,,Seattle,79,98104,0xE6100000010CEB8C188D5FD6474045DE549534915EC0,40E9167A-DB5B-4D4B-9B57-F5030A37EA4C,19-02-2009
113,1102 Ravenwood,,Seattle,79,98104,0xE6100000010CDAFBDD9327D547409A9689D608995EC0,8A12573D-D7C2-4C04-BBB1-A2F050626670,15-12-2009
114,1398 Yorba Linda,,Seattle,79,98104,0xE6100000010C4122069E53D347408EEE60B0999A5EC0,C32CA551-349E-42FD-AB0B-6170E7F0B516,08-02-2009
115,4948 West 4th St,,Seattle,79,98104,0xE6100000010C200091ABE3D0474056DA914EDB8E5EC0,E7CBD421-FFD2-4A42-A143-67DA8558CC03,13-02-2009
116,8290 Margaret Ct.,,Seattle,79,98104,0xE6100000010CCC2A6CCDCBCA47406AE6DA22E7955EC0,DB4FAB47-ED99-45B0-9064-3AA30F94D74D,10-01-2009
117,426 San Rafael,,Seattle,79,98104,0xE6100000010C650444C39FCC474045DE549534915EC0,5C85508E-C13B-49F2-A260-0A0825ED9B81,08-02-2009
118,136 Balboa Court,,Seattle,79,98104,0xE6100000010CB9D968A1B7D247408346388A2A9C5EC0,E8D35BFA-25AE-422E-B9E9-1D4F4AEA18CC,25-12-2008
119,7439 Laguna Niguel,,Seattle,79,98104,0xE6100000010C122F1FE587C64740789E0F64BB9D5EC0,E09B80E3-DD7F-4DD5-A930-3F1DEE324F48,28-11-2008
120,6498 Mining Rd.,,Seattle,79,98104,0xE6100000010CEE4CE1BF3BCD47404B3269286C905EC0,FB839852-9026-4C74-A7F2-E53030B7A434,08-02-2009
121,6578 Woodhaven Ln.,,Seattle,79,98104,0xE6100000010CCC2A6CCDCBCA47404B3269286C905EC0,84EAAA89-FDB6-492B-AD96-76793872C81B,26-11-2008
122,2354 Frame Ln.,,Seattle,79,98104,0xE6100000010C8726B9B50FCF47404B3269286C905EC0,28B00D11-67B0-4818-8B3A-1CFD2FF6169D,18-12-2009
123,6843 San Simeon Dr.,,Seattle,79,98104,0xE6100000010CCC2A6CCDCBCA47407DF223F7F29C5EC0,27CE20F5-6770-4DCC-9B57-EC895A745553,26-01-2009
124,7616 Honey Court,,Seattle,79,98104,0xE6100000010C8726B9B50FCF47409FEA9D6940985EC0,6A85821B-1E54-41E7-BB10-25FEAF5A63E8,05-12-2008
125,931 Corte De Luna,,Seattle,79,98104,0xE6100000010CDAFBDD9327D5474045DE549534915EC0,2C9D61C7-2185-45C3-B20E-04AB9CADFF7A,08-12-2008
126,7594 Alexander Pl.,,Seattle,79,98104,0xE6100000010CDDBBA6C603CC47405F3EB2FC77975EC0,FAD17750-D933-4352-9C7C-2FC1378ED1A6,10-12-2008
127,7127 Los Gatos Court,,Seattle,79,98104,0xE6100000010C63447B90C3D5474032D20BC1288A5EC0,5648B48C-4A83-491E-A4C1-EDCBB199C0FD,29-11-2008
128,8656 Lakespring Place,,Seattle,79,98104,0xE6100000010CA8482EA87FD14740703AEFB51E955EC0,E7889D2B-AE5E-4B37-AB7B-CF28187A3114,05-01-2010
129,5025 Holiday Hills,,Seattle,79,98104,0xE6100000010CA8482EA87FD147404B3269286C905EC0,94D5BD03-6949-405D-B0DF-7AC5F278081F,26-12-2008
130,5376 Catanzaro Way,,Seattle,79,98104,0xE6100000010C44E2CED02FCA47405C2EA6E1128E5EC0,AD7C7F01-B283-41F1-B8F1-3AEBFE50FD18,25-02-2009
131,504 O St.,,Edmonds,79,98020,0xE6100000010C3CD75BF523E247402BB340BB358C5EC0,E858BEE0-02AD-4BAB-BC2B-6A66DD046E7B,31-12-2013
132,6870 D Bel Air Drive,,Edmonds,79,98020,0xE6100000010C26216AA9C3ED47400C6A2F30399E5EC0,AB316A30-9D6B-4B6F-915C-616F6ABD7092,06-02-2010
133,8152 Claudia Dr.,,Edmonds,79,98020,0xE6100000010CA2F03A1E42E84740ADC92531A89C5EC0,7BBAC738-C1B1-411B-B308-2054A5E1F55F,05-01-2009
134,6057 Hill Street,,Edmonds,79,98020,0xE6100000010C0E926BCEF9E347401747FF3464965EC0,B0F69A8C-1C4E-4A41-A710-0BB1865D85AA,15-12-2008
135,2812 Mazatlan,,Edmonds,79,98020,0xE6100000010CA8788CA5DBDD474056AB422E5BA15EC0,E55266A9-FB17-419F-970D-F96EE2E91F7B,19-02-2009
136,172 Turning Dr.,,Edmonds,79,98020,0xE6100000010CA8788CA5DBDD474020D670B60A945EC0,37C96B81-2E9C-4D4D-BEAE-44ABA1854C47,12-12-2008
137,9784 Mt Etna Drive,,Edmonds,79,98020,0xE6100000010C5B05FCB9EAE047407E83C53AFE8C5EC0,E6266748-6E05-416C-8FF9-BEB5C8B15323,16-12-2008
138,2059 Clay Rd,,Edmonds,79,98020,0xE6100000010C74AB4AF717EA47407E83C53AFE8C5EC0,A158113B-AC84-4A89-8903-A6DD5F10CE82,28-12-2008
139,2687 Ridge Road,,Edmonds,79,98020,0xE6100000010CE04C7BA7CFE547405AF9A0B1DF9B5EC0,25B072AB-17F7-4C1C-A13A-ACD309BBAA61,13-01-2009
140,371 Apple Dr.,,Edmonds,79,98020,0xE6100000010C364F0A6E8AEC4740D1534ABAC68D5EC0,88FA21D3-2523-4CF1-BCFD-151E734F8961,07-01-2009
141,3281 Hillview Dr.,,Edmonds,79,98020,0xE6100000010C79339C7EB1DF4740CD05EC3642935EC0,ACE0C24A-95B6-4F08-B223-1A39C64E9051,10-12-2008
142,2080 Sycamore Drive,,Edmonds,79,98020,0xE6100000010C4BEEAB5787E147401747FF3464965EC0,8541E00D-8DA8-429B-912E-B7E854747A00,28-12-2008
143,7511 Cooper Dr.,,Edmonds,79,98020,0xE6100000010C3CD75BF523E247407E83C53AFE8C5EC0,A6D5094A-E523-45A8-ABE5-0AFC2E7B6FC1,16-02-2010
144,9825 Coralie Drive,,Edmonds,79,98020,0xE6100000010C160A1A4760EE474072A6F535D3945EC0,716CF949-C005-4255-AE10-A36A0E905FA2,06-01-2009
145,8411 Mt. Orange Place,,Edmonds,79,98020,0xE6100000010CEF63CB0933E547406E65E237B1915EC0,F7053382-C9F1-45BF-A0BD-878FE976208F,12-12-2008
146,207 Berry Court,,Edmonds,79,98020,0xE6100000010CE04C7BA7CFE547406288123386995EC0,B374FEA1-C3B5-4737-A1A4-190997E961DF,03-01-2009
147,1061 Buskrik Avenue,,Edmonds,79,98020,0xE6100000010CFE7A1B6C96E447406A1784B42C975EC0,69B366B3-533E-4F15-9D75-588789548DD0,01-03-2009
148,3632 Bank Way,,Edmonds,79,98020,0xE6100000010C1DA9BB305DE347405AF9A0B1DF9B5EC0,0F7B8AC1-A660-447E-AAD4-A0048DA3CD47,16-02-2010
149,3026 Anchor Drive,,Edmonds,79,98020,0xE6100000010CEF63CB0933E54740B55897B24E9A5EC0,0BFEB74B-804D-4A03-B94D-5812F3DF69A8,22-01-2010
150,7338 Green St.,,Edmonds,79,98020,0xE6100000010CEF63CB0933E54740FF99AAB0709D5EC0,A1D9A607-D8E3-4402-9C5C-03D1131ED99B,19-02-2009
151,2038 Encino Drive,,Edmonds,79,98020,0xE6100000010C93D9EABBDEE84740A97BC7AD23A25EC0,08CA24AF-10D0-4AC6-8E70-A6387ECDB91B,24-01-2009
152,2466 Clearland Circle,,Edmonds,79,98020,0xE6100000010C46665AD0EDEB4740A97BC7AD23A25EC0,1494AD94-C1FE-4A28-AD63-A59370718785,22-12-2009
153,9277 Country View Lane,,Edmonds,79,98020,0xE6100000010C364F0A6E8AEC47400C6A2F30399E5EC0,7D7DA7BE-B880-411D-88D2-521B5CCF8D25,26-01-2008
154,5423 Champion Rd.,,Edmonds,79,98020,0xE6100000010C0E926BCEF9E347407A3567B779925EC0,2E5B2953-BEE0-4568-A6F0-5AB41ABBCF63,24-12-2008
155,2046 Las Palmas,,Edmonds,79,98020,0xE6100000010C2CC00B93C0E247405AF9A0B1DF9B5EC0,6F00FB01-941A-48AC-852B-363829C2451B,22-01-2009
156,8684 Military East,,Bellevue,79,98004,0xE6100000010CBB371CDB6CD247403B6970E153815EC0,5A51864D-A250-4FEC-8FB5-CEBE85C124B7,25-11-2008
157,7270 Pepper Way,,Bellevue,79,98004,0xE6100000010CE3F71C9BC4CE47404BCA784AEE895EC0,CC0BCA82-AEC9-4C7A-BB9F-14F6DB055C62,27-11-2008
158,6058 Hill Street,# 4,Bellevue,79,98004,0xE6100000010CE3F71C9BC4CE4740A04EE193A9955EC0,CACF831D-22DD-4E2B-A377-E11A89D2D526,18-12-2009
159,1648 Eastgate Lane,,Bellevue,79,98004,0xE6100000010C2902C625B1D647400BD39082B68A5EC0,FBDB3C4B-7596-4D25-B9A8-0C935C1781E2,28-01-2009
160,3454 Bel Air Drive,,Bellevue,79,98004,0xE6100000010CACB2994108D7474014CE6E2D93875EC0,F5C14AE9-EDCF-49E4-9E4D-8F24731C64AA,30-12-2008
161,3067 Maya,,Bellevue,79,98004,0xE6100000010C85771B1B15D6474095195143F8905EC0,FE628A3E-E504-49EE-A556-9634C06CC432,25-01-2010
162,3197 Thornhill Place,,Bellevue,79,98004,0xE6100000010C71171B3BE9D7474006A7186ACD865EC0,C2F65EA2-3BD2-4A3E-9752-CE92BAB74BD7,22-12-2008
163,3919 Pinto Road,,Bellevue,79,98004,0xE6100000010C7322C7C534D147403B6970E153815EC0,037683A3-2356-42B3-BB38-BC14CB9DED9C,14-02-2009
164,7396 Stratton Circle,,Bellevue,79,98004,0xE6100000010C8782C7A560CF47405B2B81B388925EC0,72186098-A652-4DF8-91D1-9CFE115FFB7A,17-01-2010
165,9745 Bonita Ct.,,Bellevue,79,98004,0xE6100000010C2902C625B1D647403B6970E153815EC0,7CF4FDFD-4B09-4466-A3D3-84EC32ED4163,01-02-2009
166,3670 All Ways Drive,,Bellevue,79,98004,0xE6100000010C17AD71D0D0D14740009E003205865EC0,89270EF3-86E4-41E9-B3D3-86149F08CF05,24-11-2008
167,7221 Peachwillow Street,,Bellevue,79,98004,0xE6100000010C898D7330ACC84740D610390B30905EC0,29024B91-F4E4-40B1-81BE-7F2B23A24FF5,25-02-2010
168,1343 Prospect St,,Bellevue,79,98004,0xE6100000010CE1EC701079D54740C5AF30A295875EC0,386D3617-769D-40D1-AB18-301E4E40B920,10-01-2009
169,6448 Castle Court,,Bellevue,79,98004,0xE6100000010C85771B1B15D6474085B848DA5D885EC0,1BB6C40A-9FDF-4C9E-AC1F-8E0F2DF2414A,25-11-2008
170,7902 Grammercy Lane,Unit A,Bellevue,79,98004,0xE6100000010C3D62C605DDD44740CADBA8BA7E8B5EC0,5C44745C-D11A-4F11-B9BC-345D4E064780,04-12-2009
171,8668 Via Neruda,,Bellevue,79,98004,0xE6100000010C71171B3BE9D7474085B848DA5D885EC0,F84F334A-19E9-4A44-952E-A857D027E9C6,23-02-2009
172,4777 Rockne Drive,,Bellevue,79,98004,0xE6100000010C898D7330ACC84740213DB12319945EC0,FFDAF6BD-C84A-4082-9A70-7F0CC6FBBE82,24-01-2009
173,620 Woodside Ct.,,Bellevue,79,98004,0xE6100000010CE3F71C9BC4CE47403B6970E153815EC0,B6172E5E-CD95-4B38-8AA6-F826A6EEF24C,18-12-2010
174,6307 Greenbelt Way,,Bellevue,79,98004,0xE6100000010CE502C92510C847403B6970E153815EC0,0AE0D184-CB75-42CE-AB20-C2FC57DB45B5,07-02-2011
175,3284 S. Blank Avenue,,Bellevue,79,98004,0xE6100000010C034D71F0A4D34740160821D3678F5EC0,C23064B1-CFFB-41D6-ABA5-BAFA076C70C7,18-12-2008
176,8751 Norse Drive,,Bellevue,79,98004,0xE6100000010C0BB81D5B1CCB47405B2B81B388925EC0,A313E877-EBD4-4A8C-8F0A-ED20A645A6ED,28-12-2009
177,6968 Wren Ave.,,Bellevue,79,98004,0xE6100000010CCF971CBB98D047400BD39082B68A5EC0,D3D9FDE3-C704-4126-BA36-377AEDF42FBB,09-02-2009
178,4311 Clay Rd,,Bellevue,79,98004,0xE6100000010C71171B3BE9D747405B2B81B388925EC0,464F6EBC-6151-47E1-AC79-24B705342D51,29-11-2008
179,771 Northridge Drive,# 495,Bellevue,79,98004,0xE6100000010C0BB81D5B1CCB4740C5AF30A295875EC0,335645F3-B5D5-4B96-BAC1-22267CDDF8D2,07-06-2012
180,2947 Vine Lane,,Bellevue,79,98004,0xE6100000010C3D62C605DDD4474056FF089B9F8E5EC0,7635D2DA-AD3F-47F8-AFE0-6A5A25127D03,24-01-2010
181,9320 Teakwood Dr.,,Bellevue,79,98004,0xE6100000010C2902C625B1D64740808CD0C174845EC0,78153C31-9B7B-414B-9A68-51E892FB993C,07-01-2009
182,3711 Rollingwood Dr,,Bellevue,79,98004,0xE6100000010C898D7330ACC8474095195143F8905EC0,9600FB56-13A7-40D1-81FC-CBE8DF0BB498,12-02-2009
183,6118 Grasswood Circle,,Bellevue,79,98004,0xE6100000010C672D735080CA47401B3499EB50935EC0,D9BD7258-D9D0-420C-B0C9-B55A7EF46B8C,10-12-2009
184,5678 Clear Court,,Bellevue,79,98004,0xE6100000010C034D71F0A4D34740213DB12319945EC0,6B78A1A0-5821-43E1-AE51-547AD9B4C996,09-02-2009
185,2681 Eagle Peak,,Bellevue,79,98004,0xE6100000010C3F6D729028CE47402669293C02985EC0,7BCCF442-2268-46CC-8472-14C44C14E98C,31-07-2012
186,332 Laguna Niguel,,Bellevue,79,98004,0xE6100000010C9DED7310D8C647400BD39082B68A5EC0,8915B11C-8A2D-44EE-B2A9-7C6982739BFE,17-12-2008
187,7808 Brown St.,,Bellevue,79,98004,0xE6100000010C53CD727054CC4740CADBA8BA7E8B5EC0,1CCD2F45-1BEE-4F78-BA59-A6F969C7DA71,09-01-2009
188,6774 Bonanza,,Bellevue,79,98004,0xE6100000010C2902C625B1D64740666011043A975EC0,00770CCC-E264-4115-9E0C-D31734F70360,31-12-2008
189,3708 Montana,,Bellevue,79,98004,0xE6100000010CBB371CDB6CD2474006A7186ACD865EC0,A081A4FC-9C3C-4CE7-A27F-94830FFF15E5,20-12-2008
190,9435 Breck Court,,Bellevue,79,98004,0xE6100000010C2D181E3B48C94740E145C95BE1945EC0,EB974CAF-85E9-4424-BF5E-637C0942EF04,30-12-2007
191,6951 Harmony Way,,Sammamish,79,98074,0xE6100000010CBFDCCE386DD64740AF1F90A8E87D5EC0,1DA32259-EFAD-4485-8F64-8B9B444CB3A4,31-12-2010
192,6871 Thornwood Dr.,,Sammamish,79,98074,0xE6100000010CF068F66C03C94740BB6603CE907B5EC0,A2B7146F-22A2-4F15-875B-4484A5473673,22-02-2009
193,9104 Mt. Sequoia Ct.,,Sammamish,79,98074,0xE6100000010CC32433E5FCD34740D1FAD3E0678A5EC0,954C009C-F506-42BA-AC97-A0F98B9E31B7,07-12-2008
194,2095 Sierra Drive,,Sammamish,79,98074,0xE6100000010CC2121AFA98D44740A488BA2BB8855EC0,2812A3AB-3EAA-4898-A176-36B6C5953D1C,14-10-2013
195,4444 Pepper Way,,Sammamish,79,98074,0xE6100000010CBFDCCE386DD647404AA487C1587C5EC0,5FD563B6-9349-4AA4-813B-72D96714EC7D,27-02-2009
196,4525 Benedict Ct.,,Sammamish,79,98074,0xE6100000010CD9C6142980CE474053F1E4AE878D5EC0,D52A20AB-B134-4205-B5E2-25B700BB5722,18-12-2008
197,7820 Bird Drive,,Sammamish,79,98074,0xE6100000010CBFDCCE386DD64740C5B360BBBF8C5EC0,70D9D17B-3A40-43ED-B4D1-C9A52A8F44ED,26-12-2008
198,1962 Ferndale Lane,,Sammamish,79,98074,0xE6100000010CC100010F35D547404D54256AD0815EC0,CF902968-4C87-4492-8C3B-BF12F42DEF75,19-01-2009
199,5263 Etcheverry Dr,,Sammamish,79,98074,0xE6100000010CD2364CD060D34740E6287FDAC87A5EC0,01C701DE-BA78-4B2C-BC7E-2CF8922C7771,26-11-2009
200,2473 Orchard Way,,Sammamish,79,98074,0xE6100000010CEB0E79D50FCC4740D1FAD3E0678A5EC0,6D1B4FA9-5D00-4481-9561-0AEA008915F7,09-01-2009
201,6202 Seeno St.,,Sammamish,79,98074,0xE6100000010CE9EA46FF47CD4740A488BA2BB8855EC0,AD2B250D-5DD9-4BA4-AC59-8CE487D4A77F,05-09-2013
202,4096 San Remo,,Sammamish,79,98074,0xE6100000010CAC8251A179D9474082AD76F338795EC0,494A6C49-3EA7-4A3D-BFF8-F727F565E393,21-12-2008
203,7086 O St.,,Sammamish,79,98074,0xE6100000010CE9EA46FF47CD4740139B988F787F5EC0,5A272060-CDB3-4D4A-BE2F-AF143F4E72D4,30-12-2009
204,4310 Kenston Dr.,,Sammamish,79,98074,0xE6100000010CEAFC5FEAABCC4740E6287FDAC87A5EC0,7E585905-3991-42BF-8C51-1F0E40F48D28,10-01-2010
205,7939 Bayview Court,,Sammamish,79,98074,0xE6100000010CBB946A8CDDD84740D1FAD3E0678A5EC0,A47CBD73-36A5-4051-BD64-65E93630E6DF,14-01-2009
206,6097 Mt. McKinley Ct.,,Redmond,79,98052,0xE6100000010C994748ED8DD84740F1B11F511B825EC0,114FDFCA-275A-4B9B-A51E-6EDD038644D3,25-09-2013
207,3066 Wallace Dr.,,Redmond,79,98052,0xE6100000010C4263FA4502D0474006124B65E3825EC0,577F79C7-3CE4-409D-BAF4-043B14389780,19-02-2009
208,9006 Woodside Way,,Redmond,79,98052,0xE6100000010CCADDAA6755D74740AEB07AF25B885EC0,82094057-24A1-482C-ADCA-B44D40C1483A,21-03-2008
209,9906 Oak Grove Road,,Redmond,79,98052,0xE6100000010C3A0D2ACC44DF4740E7D246EC327E5EC0,8D9CF02A-A88A-4AF4-AD3A-219AE0DE0539,31-01-2011
210,2383 Pepper Drive,,Redmond,79,98052,0xE6100000010CF6CF513B9BDB4740E92F28437C8B5EC0,D5CAA1D5-CB10-4CF3-91B7-0FF37611AEDB,04-12-2008
211,6369 Ellis Street,,Redmond,79,98052,0xE6100000010C73FC16302AD947404191F8B503865EC0,D531FF9A-06E2-431F-9D2C-C13DCF82CA77,29-11-2010
212,8000 Crane Court,,Redmond,79,98052,0xE6100000010C5BB1E572C6D947407231CDA13B855EC0,7C1FAC02-5589-4F51-9EE4-30AEEE079CB7,01-02-2009
213,9322 Driving Drive,,Redmond,79,98052,0xE6100000010C3A0D2ACC44DF4740F1B11F511B825EC0,7A2C4361-7DA9-45D8-8CEF-59F730A9ABCA,15-01-2010
214,3768 Door Way,,Redmond,79,98052,0xE6100000010C4263FA4502D047403A0F01A8648F5EC0,8C938507-C67C-4E5C-963C-A93FE707980F,13-12-2007
215,101 Candy Rd.,,Redmond,79,98052,0xE6100000010C86A0D2D6ABD347407AB3C4AFDA7B5EC0,B27D7D52-BD02-4DE4-B0E6-AC825F98B60D,02-03-2010
216,2427 Notre Dame Ave.,,Redmond,79,98052,0xE6100000010C470A705CE4D447407231CDA13B855EC0,0B20A74B-912A-47C2-9758-0791BFAA4DAA,28-12-2010
217,1960 Via Catanzaro,,Redmond,79,98052,0xE6100000010C73FC16302AD94740B88F5357448C5EC0,63373680-A60F-48B8-9C38-3B4861D14229,13-10-2013
218,9863 Ridge Place,,Redmond,79,98052,0xE6100000010CE32B969419E1474044EED90C4D935EC0,3B6BCA53-FA0F-47D6-8E7A-C2CCE2A90BB2,16-01-2009
219,3397 Rancho View Drive,,Redmond,79,98052,0xE6100000010C60585B89A8DE4740F1B11F511B825EC0,DA96E22B-CE18-4FDB-9FFE-4DC094CE0A42,16-12-2010
220,4909 Poco Lane,,Redmond,79,98052,0xE6100000010CC536355173D24740D5717679AB835EC0,5C0CAC7C-FD6C-44AE-8C34-CC64EC495034,07-12-2008
221,7297 RisingView,,Redmond,79,98052,0xE6100000010C73FC16302AD94740DF504FDE93875EC0,0D34F4AF-0E68-472E-B33F-4BD11AE3D91F,09-12-2008
222,7723 Firestone Drive,,Redmond,79,98052,0xE6100000010C60585B89A8DE4740A4D1A18D73845EC0,268AC7D8-73DA-44B8-866B-0452AF1F844B,14-06-2013
223,1275 West Street,,Redmond,79,98052,0xE6100000010CF028DC24B9D64740B88F5357448C5EC0,BC3A7F68-B60A-4A60-BE8B-951FB29F646B,26-01-2009
224,2137 Birchwood Dr,,Redmond,79,98052,0xE6100000010CEB81660ED7D14740A62E83E4BC915EC0,7F9BC8A0-3972-490C-B888-C4B5EFC9D021,04-11-2007
225,249 Alexander Pl.,,Redmond,79,98052,0xE6100000010C3466B4B562DA4740A4D1A18D73845EC0,6DF4B0D5-634C-46F3-B1A3-AC487240A124,23-06-2014
226,2482 Buckingham Dr.,,Redmond,79,98052,0xE6100000010CCADDAA6755D7474053F2C8288B805EC0,1BF14F43-C05B-4841-A9FF-B42785B7BC1F,18-02-2009
227,8467 Clifford Court,,Redmond,79,98052,0xE6100000010CEB81660ED7D147409C4FAA7FD48D5EC0,722A9D6E-07BC-4867-94D7-3B44ECE308BD,28-02-2009
228,9241 St George Dr.,,Everett,79,98201,0xE6100000010CEC4E58628708484068859E58578B5EC0,91EE89FC-37EC-4121-A9D5-94EC64F4B3F0,20-01-2009
229,3928 San Francisco,,Everett,79,98201,0xE6100000010C80E0F2F6FF024840AA1CA5EDB9945EC0,7716EF76-94AA-47E9-BDDB-102BBFD59BBB,05-01-2009
230,475 Santa Maria,,Everett,79,98201,0xE6100000010C12A255DB53F74740965705D7DD855EC0,CA464447-6AAF-406A-BC38-846389D8AEFA,22-12-2008
231,181 Gaining Drive,,Everett,79,98201,0xE6100000010C521D4E6DC50148401EEF0B6C408F5EC0,128D138D-3A13-4B00-81E3-5B2CE1AE782B,24-11-2008
232,3385 Crestview Drive,,Everett,79,98201,0xE6100000010C12A255DB53F7474078FD467C36885EC0,4A551FF0-CA85-4D1C-8FE7-318D01A49C27,14-01-2009
233,1185 Dallas Drive,,Everett,79,98201,0xE6100000010C521D4E6DC5014840CE75EF9F15855EC0,085E131E-5C9E-460C-BFCD-775D21B97842,05-12-2008
234,7883 Missing Canyon Court,,Everett,79,98201,0xE6100000010CE896045A50FF4740B3B1C33185835EC0,00CBE469-F60B-424F-9A72-E58A32BE138C,19-01-2007
235,5452 Corte Gilberto,,Everett,79,98201,0xE6100000010C7FF8D69EEDFF474068859E58578B5EC0,1B75056D-34E4-4612-98AB-3D4AB8482495,06-12-2008
236,9008 Creekside Drive,,Everett,79,98201,0xE6100000010C165AA9E38A0048401EEF0B6C408F5EC0,EC244535-A4B0-46FC-B35A-42EC1F8D471E,23-03-2013
237,5242 Marvelle Ln.,,Everett,79,98201,0xE6100000010C138A713366FA4740110DF634788E5EC0,25318A45-FCD1-4FE6-B20C-A397C72C334E,03-03-2010
238,4098 Woodcrest Dr.,,Everett,79,98201,0xE6100000010C138A713366FA47404CC172EAC6895EC0,9D179A61-A9E7-4802-8099-764227043D94,03-08-2013
239,8624 Pepper Way,,Everett,79,98201,0xE6100000010CEA663C0A750548403C49CAC6E78C5EC0,F2A2D98B-2337-4748-9191-FE421D057DF1,26-02-2009
240,2176 Apollo Way,,Everett,79,98201,0xE6100000010CE6AEE8013EFC47404CC172EAC6895EC0,1DCCF2C8-B08D-42C1-836F-C1EE9CCFFF6F,30-12-2007
241,1962 Cotton Ct.,,Everett,79,98201,0xE6100000010CE97E20B26202484078FD467C36885EC0,478AA4FD-3C98-4C71-88A1-7A6B4164C6FA,02-12-2008
242,1362 Somerset Place,,Everett,79,98201,0xE6100000010C55ED851DEA074840AA1CA5EDB9945EC0,CE971EC5-A2E1-43E2-AC74-97F5BB1D8679,17-02-2009
243,3238 Laguna Circle,,Everett,79,98201,0xE6100000010C0025586221F647406C8CB8CE82905EC0,0BD3BD41-0B6E-46F1-8CBF-978552EE8E77,11-01-2009
244,3665 Oak Creek Ct.,,Everett,79,98201,0xE6100000010CBBBB7B28280148405AA388218F8A5EC0,683FF6C4-EE9F-4A7C-B80B-C6E1A60891E4,24-02-2009
245,7640 First Ave.,,Everett,79,98201,0xE6100000010C649000024B0048401E5413FBBE955EC0,5FD72A8B-9D97-4309-BDF0-CD7A7BB02BB8,11-12-2008
246,6629 Polson Circle,,Everett,79,98201,0xE6100000010C272AE193AF064840D558797F29935EC0,4F964A2E-3AB9-4C66-9D8C-65C7C3479CF8,15-02-2009
247,2294 West 39th St.,,Everett,79,98201,0xE6100000010C521D4E6DC5014840F3B237DAD0905EC0,369EF5BB-AF9D-4493-99B5-B9A1AC61E985,24-02-2009
248,1400 Gate Drive,,Newport Hills,79,98006,0xE6100000010CDCE89913F2C2474089F340CF9A885EC0,20F99909-ADF9-4500-A697-1B6DFE3881E9,01-02-2009
249,4350 Minute Dr.,,Newport Hills,79,98006,0xE6100000010C0B5D7B65AFCC474006758A4FFC915EC0,A120E049-AECA-4A01-8F05-B36301016B7C,07-01-2009
250,9297 Kenston Dr.,,Newport Hills,79,98006,0xE6100000010CF4A28ABCD0C747401DB2038FC9805EC0,2ED694B4-9069-4DAF-95EB-AB1C7B969A80,05-12-2008
251,8967 Hamilton Ave.,,Newport Hills,79,98006,0xE6100000010C36BAA8916CC84740A71478EFA38F5EC0,F2EF65AA-28B6-4B04-853D-D50F4DC62EC2,05-01-2009
252,9687 Shakespeare Drive,,Newport Hills,79,98006,0xE6100000010CF4A28ABCD0C74740921347EF62895EC0,8CA15BE4-C0B3-4A92-AED3-B65B9B1FAD92,18-12-2008
253,1397 Paradise Ct.,,Newport Hills,79,98006,0xE6100000010C8EE82F6456D0474050D46BAF138E5EC0,BA60C467-F3E4-4202-8B43-DBF9C81B6420,17-01-2009
254,3030 Blackburn Ct.,,Newport Hills,79,98006,0xE6100000010C6217D6BD29C447402A932E6F42865EC0,004F9226-E61F-4EEF-BBAD-8276B1BE3562,25-12-2008
255,7469 Paradise Ct.,,Newport Hills,79,98006,0xE6100000010CDF8B21BF82C04740C671F74E397F5EC0,6D421AA1-A9FB-4799-9058-28272E6AF110,02-03-2014
256,9605 Pheasant Circle,,Gold Bar,79,98251,0xE6100000010C321DD720AEEC47403114D243FC695EC0,A0BC68DB-F094-4066-B3B7-9B65128371B9,23-01-2009
257,2425 Notre Dame Ave,,Gold Bar,79,98251,0xE6100000010C924596C374EB47407840D75DA5605EC0,446344A5-9AFE-4597-BFEE-B0E597D8F5E5,20-01-2010
258,8036 Summit View Dr.,,Gold Bar,79,98251,0xE6100000010C97B04E7C70E047406D590220DE5F5EC0,55AC181F-DBBC-49B1-BBDC-26BF67C13B69,07-12-2008
259,213 Stonewood Drive,,Gold Bar,79,98251,0xE6100000010C642A745A65E8474090A48366885D5EC0,8FAEE71D-BB98-46D2-A47A-112B30513E21,18-02-2009
260,3884 Beauty Street,# 14,Gold Bar,79,98251,0xE6100000010C93BED3ABC8E747401AB0253B196D5EC0,9F9D6796-675A-4619-8F37-EDA885DB931E,04-02-2009
261,1748 Bird Drive,,Index,79,98256,0xE6100000010CF71DAED9B8E7474048952922746A5EC0,FDD3E025-386A-4124-9002-D53D8984F261,28-02-2010
262,310 Winter Lane,,Index,79,98256,0xE6100000010C266161F08EE9474094FEF9BE56595EC0,E619E04D-544E-4675-8DDB-DB282BB01238,30-12-2008
263,3514 Sunshine,,Index,79,98256,0xE6100000010C7315D047D3E247408B057E8457675EC0,09051AB3-EB32-4551-981D-29F7B311587D,09-02-2010
264,1245 Clay Road,,Index,79,98256,0xE6100000010CF71DAED9B8E74740C1ECAA0E1F6F5EC0,AB87F9E7-412B-486C-863F-3A237F1ADFF9,01-03-2009
265,3127 El Camino Drive,,Index,79,98256,0xE6100000010C7A268C6B9EEC474048952922746A5EC0,2A9BE420-6D00-4CE8-BBE4-00A73B78A587,02-02-2009
266,7691 Benedict Ct.,# 141,Issaquah,79,98027,0xE6100000010C690ED8A0C9BD4740DEB397C07F865EC0,980F8C50-DDC1-414C-9230-4F0CECA16DB3,30-01-2009
267,1144 Paradise Ct.,,Issaquah,79,98027,0xE6100000010CD502374A92BC4740C397EF6C597C5EC0,E315154C-70D1-44EF-B123-0A85C6BE3246,10-01-2009
268,7435 Ricardo,,Issaquah,79,98027,0xE6100000010C9D251A4E38C047407BC58AE1B7855EC0,8C29A5E8-62D1-4437-8DF5-EB221442164C,28-01-2009
269,9530 Vine Lane,,Issaquah,79,98027,0xE6100000010C10B70B500BC24740D3D67D02F0845EC0,C8156F7E-005E-42F4-B4B8-BC0AB784E9BF,16-02-2009
270,6580 Poor Ridge Court,,Issaquah,79,98027,0xE6100000010C690ED8A0C9BD47404AEFAE1172785EC0,7AB40626-3D83-4073-A8FC-E82D788EC400,27-11-2008
271,5979 El Pueblo,,Issaquah,79,98027,0xE6100000010CA3C2ACA642C347404AEFAE1172785EC0,F1FA084F-AE3E-41B9-AF15-C5EBA80E8325,16-12-2008
272,1921 Ranch Road,,Issaquah,79,98027,0xE6100000010CD502374A92BC4740DEB397C07F865EC0,C87B38F6-A249-4C3B-A507-1306BDE99B1D,04-01-2009
273,3848 East 39th Street,,Issaquah,79,98027,0xE6100000010C34F795F35ABB47404C7FBE5DD7885EC0,E7CBE0C1-996E-47FE-8A48-E6B003D1E5F7,27-01-2009
274,5256 Chickpea Ct.,,Issaquah,79,98027,0xE6100000010CFFDF5346ECB847407BC58AE1B7855EC0,CA7EE010-DDF2-47CB-8ABD-BB56B956E79A,09-02-2009
275,989 Crown Ct,,Issaquah,79,98027,0xE6100000010C3994284C65BE4740650B576598825EC0,8A882A09-430E-4D6D-878C-EC281147EBE4,27-02-2009
276,3333 Madhatter Circle,,Issaquah,79,98027,0xE6100000010C6EAB6AF9D3C04740BA4AE5FA2E8B5EC0,4D1B4626-E935-49DD-8A9C-A73A8D06101A,09-12-2008
277,342 San Simeon,,Issaquah,79,98027,0xE6100000010C2E5A039B50B84740F73F30C840805EC0,A1A8F159-2953-4A4E-896D-C0511FE0BB01,28-12-2008
278,9314 Icicle Way,,Issaquah,79,98027,0xE6100000010C6EAB6AF9D3C047404C7FBE5DD7885EC0,CC95A37B-31A6-4C3E-9E84-C806E16B10AB,15-01-2009
279,7772 Golden Meadow,,Issaquah,79,98027,0xE6100000010C3F31BBA46FC147406E5861D7C2735EC0,3A217C61-AA3C-4D7F-8CCB-0D9AC4DD2691,08-02-2011
280,8585 Los Gatos Ct.,,Issaquah,79,98027,0xE6100000010CA95F3FFF4CC64740AF6DCB3C9F895EC0,3D6BDBC8-B41E-4456-A5AE-BC2E1ADFF557,08-01-2009
281,7985 Center Street,,Renton,79,98055,0xE6100000010C2D4F32F5A3B6474090A2BD57D5855EC0,3E779D84-0A84-4BA3-B62E-B3DE594481A3,21-12-2008
282,5980 Icicle Circle,Unit H,Renton,79,98055,0xE6100000010CA21BC37408B6474090A2BD57D5855EC0,F32EB450-1220-461A-9CC5-3366ED213517,16-01-2010
283,1378 String Dr,,Renton,79,98055,0xE6100000010C9E89517E65C347407FD0C18E90915EC0,0F36C3CA-E736-4BCE-BA20-9F0AFF19E850,20-01-2010
284,9495 Limewood Place,,Renton,79,98055,0xE6100000010C151F1B791BBC4740AF81F2A0868A5EC0,E9F9E451-8E14-4403-A628-BD05A6FE11CD,21-02-2009
285,2598 Breck Court,,Renton,79,98055,0xE6100000010C1356E2FDC9C24740B4C79B8E9D865EC0,5C9AA419-AD00-4031-974D-077F13101AB3,25-11-2009
286,5670 Bel Air Dr.,,Renton,79,98055,0xE6100000010CFF8075F335B447401FED79C565875EC0,74E8BF7F-4D0E-43AB-8937-81944DD8BD4E,16-12-2013
287,7165 Brock Lane,,Renton,79,98055,0xE6100000010CD0E97F7676B847406C7DDF200D855EC0,E6873EF7-439C-4285-A911-85C9DFF752B4,11-01-2011
288,2736 Scramble Rd,,Renton,79,98055,0xE6100000010CFF8075F335B44740A93B49B36F8E5EC0,736DF003-F793-4AE5-BA30-DC75C59AA51B,30-11-2008
289,2266 Greenwood Circle,,Renton,79,98055,0xE6100000010C5B1DEFF611B947403786052100905EC0,E26FAC51-2B7A-4D66-926B-419622C3CE0D,26-02-2010
290,5297 Algiers Drive,,Renton,79,98055,0xE6100000010C5954B67BC0BF4740485801EA44845EC0,8D5152A1-C841-4B1A-8B1E-5DF6968CE4A3,27-05-2014
291,9533 Working Drive,,Renton,79,98055,0xE6100000010CA21BC37408B647403DCCAE0E178C5EC0,68CF4292-6615-498D-AB04-CAB6BDF279B3,14-12-2009
292,1803 Olive Hill,,Renton,79,98055,0xE6100000010CCE2047FB24BF47401FED79C565875EC0,32BE31C0-1174-4353-ABDF-EED36445BC9D,26-01-2009
293,7559 Worth Ct.,,Renton,79,98055,0xE6100000010C8722737D2EC247403786052100905EC0,F9E3E4D2-D3B9-465A-B91A-9656ED0F98AB,24-01-2008
294,3770 Viewpoint Ct,,Renton,79,98055,0xE6100000010CB7B968FAEDBD474085166B7CA78D5EC0,03A588DB-F934-434B-BA4D-F8A525E41EB3,04-08-2013
295,6510 Hacienda Drive,,Renton,79,98055,0xE6100000010CE81997F2FEB247403786052100905EC0,50C82D57-9603-4520-A57F-B4A15EA3C7B4,23-12-2010
296,6937 E. 42nd Street,,Renton,79,98055,0xE6100000010C5B1DEFF611B94740B4C79B8E9D865EC0,A3F0FAE3-CC62-4BD2-94AF-772932E73A26,24-01-2009
297,7943 Walnut Ave,,Renton,79,98055,0xE6100000010C2D4F32F5A3B647409EAFF6D741965EC0,52410DA4-2778-4B1D-A599-95746625CE6D,30-06-2012
298,2176 Brown Street,,Renton,79,98055,0xE6100000010C151F1B791BBC47405BABE357C8905EC0,D3EEDA71-936E-4BCB-8BC6-0039C6BBA849,19-02-2009
299,4312 Cambridge Drive,,Renton,79,98055,0xE6100000010C5954B67BC0BF474061F18C45DF8C5EC0,3AA8ED20-E86F-48C6-B033-E3B8E32D2EB3,13-01-2009
300,5009 Orange Street,,Renton,79,98055,0xE6100000010C89EBABF87FBB47403DCCAE0E178C5EC0,85710CCD-79E2-4667-A36A-6C808BC59A18,09-04-2012
301,4405 Balboa Court,,Santa Cruz,9,95062,0xE6100000010C89A6C1C2EB774240D6E1783227765EC0,4334BCDA-3F16-4576-AD9A-8A01871518F5,25-04-2011
302,7995 Edwards Ave.,,Lynnwood,79,98036,0xE6100000010CBA1C396470E747400510C64A58945EC0,98486715-FF2E-4E76-9AC7-DFF3FCA41691,25-04-2011
303,4659 Montoya,,Altadena,9,91001,0xE6100000010C8A5296E6A7144140768CB5A9CB7F5DC0,293DA436-24C4-49A2-892E-DE18DF7612DF,25-04-2011
304,1667 Warren Street,,West Covina,9,91791,0xE6100000010CFD9DD78953084140E8BB2AE8B2805DC0,CE39EE50-E632-4996-9B7F-314FC82E7C05,25-04-2011
305,7179 Montana,,Torrance,9,90505,0xE6100000010C2AA09145C8ED4040A03BF4F56A905DC0,36C666A9-AFEF-42BE-A4EE-EF8002677F1F,09-05-2011
306,9 Guadalupe Dr.,,Burbank,9,91502,0xE6100000010CBAEFFDB54514414027ACC38FE89C5DC0,01CE5956-15FD-4243-896E-9C61637DD27C,09-05-2011
307,50 Big Canyon Road,,Lebanon,58,97355,0xE6100000010C1DDE9479E73D4640B97142B4ABBB5EC0,54A28138-AADC-46B3-B866-1C3A0D0A6147,09-05-2011
308,65 Park Glen Court,,Port Orchard,79,98366,0xE6100000010C32F7239868BA47407B60B66C5FA45EC0,2FE2D15C-AF6F-4C42-AB8D-B718EABCC889,09-05-2011
309,28 San Marino Ct.,,Bellingham,79,98225,0xE6100000010C4FE3B459955348409F41C938948B5EC0,A9CBE446-82ED-476B-8991-027C7167F9C6,23-12-2011
310,2472 Alexander Place,,West Covina,23,83301,0xE6100000010C97959C7BED2945400F59C19EB9A15CC0,482A0800-62F7-4F19-966D-DB43140CA308,23-12-2011
311,9830 May Way,,Mill Valley,40,59715,0xE6100000010C4C080DF888DB4640932FA6938DBB5BC0,26F279A4-0F7C-446D-8488-8F14B8BCD1B2,23-12-2011
312,1286 Cincerto Circle,,Lake Oswego,58,97034,0xE6100000010CD5B2949DABB146403FF5A7610BAA5EC0,87B54FFF-AAE5-4A50-9B05-7D51A8916C5A,23-12-2011
313,2141 Delaware Ct.,,Downey,72,37501,0xE6100000010CBF2D9C1A888B41400ABC8796C27856C0,87CD888D-4B41-42D2-B172-1F0E51EE9428,23-12-2011
314,218 Fall Creek Road,,West Covina,9,91791,0xE6100000010C7259AB6A25064140426FC3AF78845DC0,A0E6B964-00F2-4086-83D4-42C6F06D0FA4,23-12-2011
315,5807 Churchill Dr.,,Corvallis,58,97330,0xE6100000010C3289A4956A4B46406F87C3418FD15EC0,9DE9E224-F974-4319-880B-D2EA6A99BE28,23-12-2011
316,6061 St. Paul Way,,Everett,40,98201,0xE6100000010C521D4E6DC50148405AA388218F8A5EC0,297D0F3E-701D-44E1-B524-DF07A9FC4470,23-12-2011
317,628 Muir Road,,Los Angeles,9,90012,0xE6100000010C5731EBED610B41402FB0C0E5CE835DC0,CDE833AB-2F67-44AD-9808-A746CB857147,24-12-2011
318,2313 B Southampton Rd,,Missoula,40,59801,0xE6100000010CC69BDAE232654740C25736DB767E5CC0,04CB8657-AB4A-4AE3-966A-E69D0EEE743E,24-12-2011
319,137 Lancelot Dr,,Phoenix,6,85004,0xE6100000010C3CA2F7C398BB4040B971466EB8FC5BC0,CEAD54D8-D6B8-4261-8CA1-9CC3599903D1,25-01-2012
320,3 Gehringer Drive,,Daly City,9,94015,0xE6100000010CF565E78A3DD14240D29AA7B63EA55EC0,D792D26A-DF82-4EF1-ACEA-3811B1F0396C,24-12-2011
321,15 Pear Dr.,,Newport Beach,9,92625,0xE6100000010C3CB3C3168ED240400C200EA392805DC0,6CB92106-0DE3-404C-80B4-F612942E27E4,24-12-2011
322,1 Mt. Dell Drive,,Portland,58,97205,0xE6100000010C26E942721AC24640FF9126E528B65EC0,50F4B496-0610-48BD-B905-2874F13F0B4E,24-12-2011
323,7651 Smiling Tree Court,Space 55,Los Angeles,9,90012,0xE6100000010C28507CA8820A4140A899F25E9E8A5DC0,2DDF992E-B883-4476-956A-EF44AE9F020C,24-12-2011
324,50 Via Del Sol,,Lynnwood,79,98036,0xE6100000010C6D8B22A02BEE474010B051BF2B9C5EC0,89E1D63E-3921-48CC-A913-5FE25083E72E,24-12-2011
325,9491 Toyon Dr,,Dallas,73,75201,0xE6100000010C4346160AA26440406340F0E64F3B58C0,567E6863-FCFF-47A8-9913-EF8BF3E38932,24-12-2011
326,4151 Olivera,,Atlanta,17,30308,0xE6100000010CA3F12B5896DC40400375815DBB1255C0,7BD71EEB-6E0E-4402-8BDC-44B8F47AA4C3,24-12-2011
327,3 Chablis Court,,Torrance,9,90505,0xE6100000010C16008FEF7BEC40401E920CDE2C915DC0,EF4B0EF8-0E38-42CC-9151-9918A5274248,24-12-2011
328,2 Lion Circle,,Long Beach,9,90802,0xE6100000010C1E7E67A9DEDF40407A34BFDD9E8D5DC0,06DE5166-E8C4-43AE-87F0-78144DA01790,24-12-2011
329,9056 Mount Dr,,Chicago,24,60610,0xE6100000010C221C780A43F84440D28F571981E155C0,3D0FD607-F63A-4964-B0BB-C9E9F8E29433,24-12-2011
330,67 Monetary Way,,Berkeley,9,94704,0xE6100000010C17B91D9518F74240F2453631FF8E5EC0,33439525-0987-4B44-A1DF-66EFB071324A,17-01-2012
331,419 River Ash Court,#9,Lakewood,37,63301,0xE6100000010CDE666930FE6D4340AA627CC6E49656C0,69783E0B-5D79-41C6-AF1A-9A7F750A1779,17-01-2012
332,4823 Stonewood Ct.,,Walla Walla,79,99362,0xE6100000010C779F49D4B30A47407B858DECE5995DC0,2FC63299-7B60-4AC5-ABA2-B12EBD0F7D2F,24-12-2011
333,50 Edward Ave,,Concord,9,94519,0xE6100000010CB2C5E85603F84240AB61676BDE8D5EC0,EBE095F2-E14F-429D-829C-922E807B6D65,17-01-2012
334,8157 Tweed Lane,,Anacortes,79,98221,0xE6100000010CE954EE4EB7334840E249FA0415AE5EC0,2B1A42E2-4899-491F-A4E2-C2D7C29CDF1A,02-02-2012
335,8547 Catherine Way,,Tacoma,79,98403,0xE6100000010CD42E8E445DA047406E8B8154BA975EC0,466BA133-7750-48BB-A806-84883DFCE525,17-01-2012
336,8892 Columbia River Ct.,,Santa Cruz,9,95062,0xE6100000010C88D929FB8D75424062B5C46454875EC0,FB50F09A-6C79-4D3A-ABAF-F9D2CCE2ABB0,25-01-2012
337,2909 Toyon Dr.,,Burlingame,9,94010,0xE6100000010C30B217DF8CC84240A0A0F3236C985EC0,C25205CA-9625-4FFC-9D68-23E7C652C57D,25-01-2012
338,8127 Otter Dr.,,Boise,23,83702,0xE6100000010CE96A874C3ED845409BD6A2D4D1095DC0,A0F2C6BE-9B9A-4A02-AAB9-E379B37BF2F2,25-01-2012
339,7053 Laurel Dr.,,La Mesa,48,88044,0xE6100000010CD7E34768F40040405CF7A4A782C45AC0,3B9911D6-2FD0-4CC6-AFC1-A44BCCD86139,25-01-2012
340,8629 Pepper Place,,Bellevue,79,98004,0xE6100000010CA7D71BFB40D44740E6714174CA985EC0,A39725EC-1D66-4B02-BF8F-A210E1D4F1AF,03-02-2012
341,8981 Carmel Drive,,W. Linn,52,89701,0xE6100000010C1A82D861D596434053BA708267F15DC0,2346E75D-6548-472A-ABB9-52B55BCD94C6,24-12-2011
342,8513 Hurlstone Ct.,,Altadena,9,91001,0xE6100000010C1CF5B998781941402661407493835DC0,2A98D19F-FB9F-4466-A568-FD3E69CF3563,25-01-2012
343,50 Breck Court,,Bremerton,79,98312,0xE6100000010C021466F601CF4740D320C07AC8BC5EC0,6DD859CA-0773-4516-83A7-C5CD53CEA966,09-05-2011
344,2342 Peachwillow,,Denver,10,80203,0xE6100000010C3C5DB4F6FADF43403D0189E1F0465AC0,8ACC30FD-E803-4E11-8A6F-3C344959A181,29-01-2012
345,6441 Co Road,,Lemon Grove,6,85252,0xE6100000010CD42F158283BA40402EBA15288B045CC0,CC525920-52FA-48DE-995C-7194ACD4C5AF,25-01-2012
346,2596 Big Canyon Road,,New York,54,10007,0xE6100000010C4BF44966C1554440A3FD3323498652C0,2D51A47B-7DBB-4EEF-95AB-62FB5FEA34B8,24-12-2011
347,87 Pheasant Circle,,Oakland,9,94611,0xE6100000010C49FA775732E242401A17AF75CF8C5EC0,55CC0858-881F-4D76-BD63-668ABDBA6608,25-01-2012
348,3664 Colt Ct.,,Richmond,9,94801,0xE6100000010C37FF899595F64240033919BE9A8C5EC0,F734E7CE-67E6-4F40-94E0-92383AC4101A,25-01-2012
349,3294 Buena Vista,,Lemon Grove,6,85284,0xE6100000010C480254FB29A640400E9CFA5741015CC0,0D5E88BC-5FEC-4E1B-AC81-F13D2CA01BC0,03-02-2012
350,6959 Lakewood Court,,Daly City,9,94015,0xE6100000010CF565E78A3DD14240215C2B429F9C5EC0,FC9D212F-2DC8-446D-8703-7EC202157520,25-01-2012
351,1192 Parkway Drive,,Mill Valley,44,68601,0xE6100000010CC7C6B4EBA6B344408CD5DA00AC5F58C0,4C30D787-50B7-489D-B920-76151D46C391,23-12-2011
352,3195 RiverRock Dr.,,Burlingame,9,94010,0xE6100000010C41D360EB00D042407F4088B1D0A35EC0,AA8237A8-8F37-462D-B3CC-8116D7D56BD8,03-02-2012
353,9620 Laurel Drive,,Novato,82,82070,0xE6100000010C4F4FE3CB52934440B1CB612220765AC0,59D8A2E0-F483-49AA-9F6F-2E4FE40FCEF2,02-02-2012
354,5 Madrid,,Concord,9,94519,0xE6100000010CCC7D0EF73CFA4240D5FDF2C454815EC0,C13F0AB3-2847-4718-9DDD-0B1D73228C33,25-01-2012
355,102 Silverado Drive,,W. Linn,58,97068,0xE6100000010C84B93D74B5B44640F137FA7399A85EC0,FEADC5BB-E316-41FB-8705-0A6357690DCE,25-01-2012
356,75 Q St.,,Chula Vista,9,91910,0xE6100000010C9C1B78BD604E4040F0409A3A9E425DC0,2F0E5C9E-59DA-49FB-913B-BD070E57D09C,17-01-2012
357,683 Larch Ct.,,Salt Lake City,74,84101,0xE6100000010C9683D5A842594440C7485C1A92F95BC0,B870F6AC-D9A3-4909-A176-7B934A1785D9,25-01-2012
358,20 Rambling Rose Ave.,# 103,West Covina,9,91791,0xE6100000010C8B6DA9AB8703414010C1EC5FF6825DC0,D30222DF-3D9F-42F6-87B5-68D75E15A305,25-01-2012
359,6119 11th,,Salt Lake City,74,84101,0xE6100000010C57C53E3D5B69444079778B9822FF5BC0,E16AB1F6-C0C6-40EA-884F-C80C09BB2EC9,25-01-2012
360,8844 Garcia,,West Covina,9,91791,0xE6100000010C23B2D5CAB505414098B1A6F82B7C5DC0,F0C54EBE-B640-4064-ADF8-ECD7E4D0B9F4,24-12-2011
361,32 East 87th Street,,Long Beach,9,90802,0xE6100000010C8A9C51B292DE40404DE88F9B84815DC0,41C0B5EC-A29D-49E2-BA42-2EE8F4AEDE1D,25-01-2012
362,31 Bridgeview St,,Glendale,9,91203,0xE6100000010C96F423A29E0F4140CA76E0C2A5855DC0,6E1A11AE-B2A5-4017-9B82-CC1F5CE91F3D,24-12-2011
363,1874 Valley Blvd.,,Palo Alto,9,94303,0xE6100000010CE947BE6EACB14240F146990419905EC0,4C98650B-3A0A-4CE1-98ED-34E1D4344CCF,25-01-2012
364,3253 La Jolla,,Salem,58,97301,0xE6100000010CD8387F525B774640CFB7FF07D4BD5EC0,6CDC666C-DB33-4034-A6A2-D0950FB2FE20,29-01-2012
365,6030 Winter Drive,# 4d,Imperial Beach,9,91932,0xE6100000010C9F0822C32B4D40402B2D2EFED3495DC0,BD7E7BE7-2B74-493A-AEF3-1809D72248B0,29-01-2012
366,1619 Mills Dr.,,Albany,58,97321,0xE6100000010C128B69C2B55B4640910864B2FAC35EC0,A61B581D-A6DB-4C28-A5A2-FA3FE369BAE3,29-01-2012
367,978 Mozden Lane,,San Francisco,9,94109,0xE6100000010C484B03267BEC4240116668900F9E5EC0,F1409C59-DA83-4782-AB5A-FA0E9D2BBB84,02-02-2012
368,298 Sunnybrook Drive,,Spring Valley,9,91977,0xE6100000010C8A8A62DD745740404434FF9944465DC0,A21B4793-2492-4085-B175-A89AF72D4C10,23-12-2011
369,9151 Napa C.,,Lebanon,58,97355,0xE6100000010C69478162793E46406946D2D206B35EC0,614136BA-2603-4C57-BB48-A3E36D73BB77,29-01-2012
370,24 Bohon Circle,,Burlingame,9,94010,0xE6100000010C5704D728CAC84240323FA82B3C905EC0,B16FEDDF-75C3-4594-B801-265E55794F9B,25-01-2012
371,7 B Way,,Woodburn,58,97071,0xE6100000010CBBA4E17D0F9546408ED209FB67B25EC0,AE253684-0D47-418B-B938-859581D7AD34,03-02-2012
372,7 Mayda Way,,Bremerton,79,98312,0xE6100000010C7490D115CACD4740F4E9BC8E48AC5EC0,30FBE769-8D17-4FE5-A2EF-DB848AEC20B2,03-02-2012
373,60 Oakgrove Rd.,,Lebanon,58,97355,0xE6100000010CF5170DAC4D4946402BBA9DC598A95EC0,8C16444F-BA42-4994-800B-149269D6202F,29-01-2012
374,594 Tossing Way,,Detroit,35,48226,0xE6100000010CFDE4E28962284540688C799835BC54C0,148AA0E0-9A1A-4610-9FF4-86A6FC2F1963,02-02-2012
375,7562 Daylight Place,,Everett,79,98201,0xE6100000010CBBBB7B28280148405AA388218F8A5EC0,B8B5241C-3DDB-4BB3-B114-E99E8F4EC35C,02-02-2012
376,9098 Story Lane,,Albany,54,12210,0xE6100000010C525A3CE36852454094FAB5CD486952C0,4DDA7288-7870-4369-A67B-18CC99DEEBDF,02-02-2012
377,8 Rogers Ave.,,Everett,79,98201,0xE6100000010CEA663C0A75054840965705D7DD855EC0,F5521355-41A3-4660-91CF-20028A1D6DE7,02-02-2012
378,90 Trujillo,,Sedro Woolley,79,98284,0xE6100000010C3331C4E4BF4448406B22302DC9855EC0,A94B63E4-390D-46A6-86AC-26BA8713F4B9,02-02-2012
379,68 Filling Ave.,,Beaverton,58,97005,0xE6100000010C53174EFEDEBA464027BCC78F8EA75EC0,AD8083BC-139F-46A1-B1D4-FC8E5CC9BA16,02-02-2012
380,3427 C Del Rio Ln,,Anacortes,79,98221,0xE6100000010C8502A8A1A43D48401903248028AA5EC0,41C17E5A-9456-4023-AEFC-9679D5F7D05D,02-02-2012
381,7682 Fern Leaf Lane,,Boston,30,2113,0xE6100000010CD03D1B157D2B454023759882FFBE51C0,DE9CE982-C43C-45F6-B656-E220192BD36E,02-02-2012
382,6360 Sand Pointe Lane,,Coronado,9,92118,0xE6100000010C2E7700E23F5C4040C0CDD24F2C465DC0,FE0DD957-0BD5-4BF5-A845-782848EB2E7A,02-02-2012
383,20 Smiling Tree Court,,Burbank,9,91502,0xE6100000010C147490AC651A414027ACC38FE89C5DC0,63825336-D51E-44AE-AF3E-C12FC653A639,02-02-2012
384,35 Buckthorn Court,# 1,Kirkland,79,98033,0xE6100000010CC24197288ED04740D89F0AC1928D5EC0,99A6BDE2-5600-4EBF-ABC0-5EF42B97183B,02-02-2012
385,207 Concerto Circle,,Salem,58,97301,0xE6100000010C3D4BB649DE7246403C75E5DFEAC05EC0,44184ABF-C2A1-434E-B995-1CF6BE436C11,02-02-2012
386,5514 Grant Street,,Ballard,79,98107,0xE6100000010C042A946ECAD94740E5D29C5B1BA15EC0,0AE2A97E-05F4-4994-BAE9-3DDCE653031D,02-02-2012
387,50 Kim Court,,Coronado,9,92118,0xE6100000010CEE1F036DCF564040D712F55E2C435DC0,864C858D-0D9E-48A8-9381-180A223D2B7F,02-02-2012
388,2834 Clifford Court,#9,Anacortes,79,98221,0xE6100000010CCDCC50F7663C4840742EA1F1629E5EC0,858A588D-F483-460D-93D7-A4A45EDB71EF,02-02-2012
389,80 Edward Ave,,Burien,79,98168,0xE6100000010CB4492FE5DAB64740B172F68DAB8C5EC0,9C3E154A-708E-4C92-99A6-54FB957B7A87,02-02-2012
390,8671 Westwood Lane,,Palo Alto,9,94303,0xE6100000010CB25EC1D3A1B242407F344AB6CF825EC0,F4AF9BC9-5D65-4DC3-9E7E-23BCC95C87A8,02-02-2012
391,2014 Delta Road,,Burien,79,98168,0xE6100000010C82611C8E6CB4474024996434C29A5EC0,F0F71F1C-8A08-42B4-A879-DAA711E63CCD,25-01-2012
392,87 S. Rising Ave,,Lynnwood,79,98036,0xE6100000010CD38F3E2FDFDE4740AC693A70BC9D5EC0,62225ABF-4897-4F10-B761-A9AE90732231,03-02-2012
393,9443 Oaxaca,,Lakewood,9,90712,0xE6100000010C9220F9F014E640405AD9DE779B885DC0,212C5D85-931F-4267-B3D3-79DC26A96C6B,03-02-2012
394,581 Roundtree Place,,Spokane,79,99202,0xE6100000010C4AE9DA19B6D6474042E552FDC45C5DC0,2A6B4AC5-DEDC-45BA-8F2F-E430199D2B20,03-02-2012
395,3681 South St.,,St. Louis,37,63103,0xE6100000010C241BF097E0474340B55CA2F5BC9C56C0,A8A47B69-90A2-4568-95FE-02D7EA5EB538,03-02-2012
396,6 Dancing Road,,Burien,79,98168,0xE6100000010C82611C8E6CB447406B2E9982EE925EC0,CC2EC849-7FD9-43D7-8B84-60E579629FED,03-02-2012
397,90 Sunny Ave,,Berkeley,9,94704,0xE6100000010CFF92400A78F14240D6C57387B48A5EC0,FA070BC0-3313-4500-AC3E-F8CE67CF85CB,03-02-2012
398,81 Ana Mile,,Spokane,79,99202,0xE6100000010CC784A499E1D4474017C48BF7BF505DC0,2CC7156B-264A-4B32-85C8-CA570F18B92F,18-02-2012
399,3459 Tri-state Ave,,Issaquah,79,98027,0xE6100000010C690ED8A0C9BD4740945123E9787F5EC0,8D4BED91-23CB-436E-85E8-F7B5B63A6CF4,18-02-2012
400,40 Panorama Drive,,Glendale,9,91203,0xE6100000010CE3AD4EC0FD1341409AD306C15A9C5DC0,32F3D65C-6D79-4021-8196-10CEDD35D6D0,18-02-2012
401,8197 Hermosa,,Salem,58,97301,0xE6100000010CC91FBB0AC5804640E9876B6CB6B85EC0,8E79AD83-799B-4434-B970-B7BF603BEE1A,18-02-2012
402,7786 Olive St,,Olympia,79,98501,0xE6100000010C7DA1CB9A4980474005C50D1A68C15EC0,3C59B1A3-4E8A-40DC-80D2-376373C8F44F,18-02-2012
403,8040 Erie Dr,6 Monteira,Houston,73,77003,0xE6100000010CFECE4B0DC1B23D408FE4BC9B20CE57C0,213A7A5B-3782-4E40-991B-325A2B93F770,18-02-2012
404,7824 Frame Ln,,Philadelphia,59,19107,0xE6100000010C5904F7409D00444002D849DBBEC852C0,03536A19-8127-41BB-BD8B-3DDDCED5E87D,18-02-2012
405,25 Epping Road,,Lavender Bay,50,2060,0xE6100000010C16105219BFF140C0811CAC8C2BE16240,4FB2169A-840F-4F81-9B47-507479CE3199,31-07-2013
406,Ctrcrt Bus Pk/995-27 Paul St N,,Lavender Bay,50,2060,0xE6100000010C25C928E63FEB40C00BCE20AFAFE06240,0BD58A41-EAEF-42CA-A464-D360EBFD7C7E,31-07-2013
407,2-252 Beauchamp Road,Botany Bay Industrial Estate,Cloverdale,66,6105,0xE6100000010CC3D1BC676CFF3FC060201EF76EF55C40,313665AB-B448-4814-A474-2F317094B969,31-07-2013
408,65 Epping Rd,,Lavender Bay,50,2060,0xE6100000010CDE996219EBE640C0DEC933EFF9E66240,F7AEB695-0083-4D06-89F2-E933FE3D070B,31-07-2013
409,99 - 6 Orion Road,,Lane Cove,50,1597,0xE6100000010C5A0F164CF9E640C07983192EB8EA6240,606F80FE-47AD-4D89-BFB4-ECB7BE9546BF,30-06-2013
410,2565-175 Mitchell Road,,Alexandria,50,2015,0xE6100000010C24559C4BD2EC40C0AF79D20108ED6240,1154ED96-CF5C-4CA1-B2C2-F3BBE9EF0BD7,31-07-2013
411,Chabbell Park,,North Ryde,50,2113,0xE6100000010C4637F3B7C3E940C02B1DA0E7BAE46240,AFD85414-9131-49CA-8BA8-A49A37DCF59B,30-05-2013
412,2520b Underwood Street,,Lavender Bay,50,2060,0xE6100000010CE68646942FE540C093417B9B8EE46240,CBAED57B-5240-4B61-8A01-84524B66BE31,30-06-2013
413,65 Epping Road,,North Ryde,50,2113,0xE6100000010CE4FE573754DF40C075507AD3BFDE6240,4315440C-1B9A-48B8-A3C3-722A37A7948B,30-06-2013
414,5525 Glenferrie Road,,Hawthorne,64,4171,0xE6100000010C755F5E32E16B3BC073B1A25E211F6340,216C83A8-B942-4458-805C-DAE1D90C2533,30-05-2013
415,2253 Miller Street,,North Sydney,50,2055,0xE6100000010C99A5D05A93EF40C04EC400FE0BE96240,C9EA299C-B1E9-4602-A4BA-A73943E8514D,31-07-2013
416,Level 100,77 Southbank Boulevard,South Melbourne,77,3205,0xE6100000010CDF4977A446E542C07E69107C151A6240,A3FA418E-BF34-47A7-9078-CEAC938192FC,30-06-2013
417,Rosebery,,Lavender Bay,50,2060,0xE6100000010CE6CD6FC7AEEB40C0967F95D133E06240,E60DDDF7-8D7F-4ADF-BF0E-C1D0FE544768,30-05-2013
418,Licensing Account,,Seaford,77,3198,0xE6100000010CFF17C89C991143C069250EDF0F246240,37DC36CA-8DA2-4023-95BA-753C565074BE,31-07-2013
419,Level 99,12 South 10th Avenue,Melbourne,77,3000,0xE6100000010CEA53B44A28E442C01D2C417F4A1F6240,CB4ECCCE-4A3A-4160-A6A2-365B09EFC624,31-07-2013
420,Ctrcrt Bus Pk/995-27 Paul St N,,North Ryde,50,2113,0xE6100000010C1FAF2256DFE540C02825869988EA6240,0E10BE22-8472-4C7C-9FD1-67ED3AE02966,31-07-2013
421,2501 Miller Street,,North Sydney,50,2055,0xE6100000010CB1DA77FF0BE640C03B75B877FBEA6240,8E088D36-2FC4-4E44-A728-57CAC5040FDC,31-07-2013
422,6 Lord Street,,Matraville,50,2036,0xE6100000010C7724F09F1D0041C07CAEF1C7E9EC6240,A90A98A7-F86D-46DC-A89C-E2961966C211,30-06-2013
423,Level 6,538 Climbing Street,Matraville,50,2036,0xE6100000010C7F109E98C4FB40C03735A84523E66240,EEB124CA-C5FC-480D-B8E4-51E3A454278B,30-06-2013
424,P.O. Box 990032,,Findon,66,5023,0xE6100000010C7BA64EA8226D41C059306DD0484C6140,DB947D96-044D-4A41-8B75-C574107670C9,30-06-2013
425,P O Box 72569,,East Brisbane,64,4169,0xE6100000010CB7E52208E6733BC0CF0FAE704E226340,CAA03FC3-0618-4114-B499-613FB03E7A3D,31-07-2013
426,2nd Floor,55 Lavender Street,Milsons Point,50,2061,0xE6100000010C549D002418EB40C036421586C5E86240,624BC238-C952-4FD5-ADBF-D1B0B6B2A53B,30-06-2013
427,258 Berry Street,,North Sydney,50,2055,0xE6100000010C3CE6C2506AE940C0DD76B891F1E86240,C0FB6269-8089-4ABC-B106-01209ACB38CD,30-06-2013
428,85 Egerton Street,,Silverwater,50,2264,0xE6100000010CBAD7056D8DE740C06554ACC7E3E16240,BFB2C060-CD27-4543-970C-9FA9BF6B2A65,30-05-2013
429,Po Box 25484,,Springwood,50,2777,0xE6100000010C8BF6CB3566D240C0C6EC6E6ADDDA6240,63854033-EFA4-4CA7-B7BB-F4D9723D3692,30-06-2013
430,Orwith Center,39 Herbert Street,St. Leonards,50,2065,0xE6100000010CB6B439F7E7EE40C06CABB31EB7E66240,2631C7E7-1D67-491E-B2C3-69F65756C1CA,31-07-2013
431,Level 7,114 Albert Road,Rhodes,50,2138,0xE6100000010C0A235BA9C2F240C00F8550E2BBE46240,1AACE780-E2CA-4F90-B02D-979A5E6D7FE9,31-07-2013
432,254a James Street Botany,,Malabar,50,2036,0xE6100000010C4BE5BECE81FD40C04DFF2F7C2BE56240,CBEED2D7-9613-4ED1-8185-88677CE71B37,01-05-2014
433,Level 25,96 Lytton Rd.,Melbourne,77,3000,0xE6100000010C9D280A63D6ED42C0FF7C1D77941B6240,3B0D2653-FF4C-46DA-AB57-1A46DEE02C75,30-06-2013
434,Level 25,538 Climbing Street,Rhodes,50,2138,0xE6100000010C9DBB3B9A6DEE40C0CF7E0ABD26E76240,A05D693B-4D07-4AAF-9F3E-2E2207A03A07,31-07-2013
435,2253-217 Palmer Street,,Darlinghurst,50,2010,0xE6100000010C9FFB0329A2EE40C092CEF02706E46240,8EC24E8C-C114-4240-80D5-CE7E4BDAE4D1,31-07-2013
436,4250 Concord Road,,Rhodes,50,2138,0xE6100000010C57D7364B8BE940C0CAFE20AE50E46240,064E2036-FAAF-4649-99CE-329EB153A7AB,31-07-2013
437,Level 992,56 Pitt Street,Melbourne,77,3000,0xE6100000010CD2E42BE917E642C035B63CBED31E6240,04F64D7D-2E01-4C5F-98B5-B7303099BA1C,30-05-2013
438,Level 7,201 Sussex Street,Matraville,50,2036,0xE6100000010CAA4FCF6960FE40C04DFF2F7C2BE56240,50AAA76E-F879-43D4-AEC1-D0BE284AE49E,31-07-2013
439,Level 5,157 Liverpool Street,Rhodes,50,2138,0xE6100000010CBB9871C153F240C0CBF634F261E06240,A60B24C2-7C96-4931-8E77-0B0F42925567,30-05-2013
440,No. 6,Millenium Court,Perth,66,6006,0xE6100000010C6C9C7DB022E83FC078357EAF8EEB5C40,2E602E0A-26A7-4AA0-9874-443DC8C8DAD7,31-07-2013
441,Level 59,,Alexandria,50,2015,0xE6100000010C697AD82969F040C08D5B3B3E52E06240,B9DD0011-99D8-4E95-BBEF-4376233CE74F,30-06-2013
442,45671 Queens Road Ct.,,Melbourne,77,3000,0xE6100000010CF5EAB80D73EA42C0A0542F7B6F1D6240,99D1C4F8-D318-4D6C-9583-5F13AB84AF26,30-05-2013
443,Level 7,80 Arthur Street,Newcastle,50,2300,0xE6100000010C2FBAC8430B7140C0D485208F14F46240,5FC64170-AD5F-4196-B732-DEDC02D292DC,31-07-2013
444,254a Baker Street,Botany,Sydney,50,1002,0xE6100000010CC5413C3897F140C0CDD4A93D56E06240,3E77893C-0831-4A1A-9B6C-DF6A01D9D206,31-07-2013
445,6388 Lake City Way,,Burnaby,7,V5A 3A6,0xE6100000010CF2B5E0E45C98484097C9C1F8DFB85EC0,53572F25-9133-4A8B-A065-102FF35416EE,31-07-2012
446,52560 Free Street,,Toronto,57,M4B 1V7,0xE6100000010C01192A3A42D845401D13034F29D853C0,801A1DFC-5125-486B-AA84-CCBD2EC57CA4,01-07-2011
447,22580 Free Street,,Toronto,57,M4B 1V7,0xE6100000010C86F999D3E6D445405B588FA188CF53C0,88CEE379-DBB8-433B-B84E-A35E09435500,30-06-2012
448,2575 Bloor Street East,,Toronto,57,M4B 1V6,0xE6100000010C7BA6F8AFDCD1454068852A98ECDD53C0,2DF6D0AD-0926-4F34-A450-9B1083150CBF,30-06-2013
449,Station E,,Chalk Riber,57,K0J 1J0,0xE6100000010C81ECB5A20C0847402BE5FCFBAB5B53C0,8B5A7729-CB75-4303-A607-7F9793B4D94F,01-07-2011
450,575 Rue St Amable,,Quebec,63,G1R,0xE6100000010C09F032C346674740A1AED40468C951C0,5F3C345A-6475-41D5-B17B-DB8D27733BB1,31-07-2012
451,2512-4th Ave Sw,,Calgary,1,T2P 2G8,0xE6100000010C78555C828A7E49403C3C7112FC855CC0,49644F1E-6F90-46D9-8DBB-9DB15F0EF7EC,30-10-2012
452,55 Lakeshore Blvd East,,Toronto,57,M4B 1V6,0xE6100000010CA880A8690BCE4540D4D3878E4AD053C0,A358652F-0E00-49E6-B6B0-DE1099C43506,01-08-2011
453,6333 Cote Vertu,,Montreal,63,H1Y 2H7,0xE6100000010C1ADBD7A70DB54640AAB5C74C7E7052C0,355681F2-4D9D-4522-BFA0-105BE64394D8,31-07-2013
454,3255 Front Street West,,Toronto,57,M4B 1V6,0xE6100000010C09A5840DC2D44540CA19344F35DD53C0,EF4DC57D-8B8B-4074-B5F0-ACBEF65DBEC1,30-06-2013
455,2550 Signet Drive,,Weston,57,M9V 4W3,0xE6100000010CEB71673CC8DC4540F265E4C3FBED53C0,43D582CF-E95F-4861-BA60-2DC7121410A6,30-06-2012
456,6777 Kingsway,,Burnaby,7,V5H 3Z7,0xE6100000010CC7F63778C8A4484006A9A99F16C75EC0,2F3B383E-08A5-407D-AB1B-A1390E87A888,30-06-2012
457,5250-505 Burning St,,Vancouver,7,V7L 4J4,0xE6100000010C56FE4E12F7A748404C0E542E55C35EC0,93F02C61-783D-4F04-8A57-416F25817ABA,30-05-2012
458,600 Slater Street,,Ottawa,57,K4B 1S2,0xE6100000010C26D11A95B17A46404EC01708CDDF52C0,49F4EE42-E20B-4E66-B43C-A28E9FC63CA0,31-05-2011
459,25575 The Queensway,,Etobicoke,57,M9W 3P3,0xE6100000010CF2688B9365DE45402D4A770929E153C0,616235EA-DC36-4C39-BF91-FFE12BB676E0,01-07-2011
460,2521 McPherson Street,,Markham,57,L3S 3K2,0xE6100000010CAC8A354CB0EB4540DB75B1EDE0CF53C0,7D6F03AC-5D55-422E-850E-B8743FAC81B2,30-06-2013
461,2560 Bay Street,,Toronto,57,M4B 1V7,0xE6100000010C380C514997D145401B0F5F188ED253C0,726819A8-1B02-4EFD-AEB9-3FD801D9F153,30-06-2012
462,630 University Avenue,,Toronto,57,M4B 1V7,0xE6100000010C1D4A454718D345402390FE1FEFD753C0,27D5BDAD-647D-4A56-859A-BC6A82AF7DCD,01-07-2011
463,992 St Clair Ave East,,Toronto,57,M4B 1V7,0xE6100000010C87D094DF5AD14540EBD7098BE8D753C0,D6ED51FA-6DD1-460C-99E0-64BA90F035AE,01-08-2011
464,"99, Rue Saint-pierre",,Pnot-Rouge,63,J1E 2T7,0xE6100000010C4EC5D3B623B14640C7251C03ECF851C0,C4A1EE36-8149-46B7-A313-A63010987A8E,31-05-2011
465,25245 Rue Sherbrooke Ouest,,Montreal,63,H1Y 2H5,0xE6100000010CCB57355AA4CC46407A070453016A52C0,10EE8C14-2792-4F02-B83D-92511D20470F,30-05-2013
466,655-4th Ave S.W.,,Calgary,1,T2P 2G8,0xE6100000010CB65B063BD98E494028D0DBC5387E5CC0,09C5F0BA-7128-4455-832D-0DF587248A5A,01-07-2011
467,25900-700-9th Ave S.W.,,Calgary,1,T2P 2G8,0xE6100000010C9E9E1B0C9E7C49404D2F3147E4845CC0,13560188-CE4A-470D-9913-49903047D459,01-10-2011
468,Po Box 83270,,Vancouver,7,V7L 4J4,0xE6100000010C84AB97D4DBA948409A541165E1B95EC0,C00A5DFF-B134-4900-9561-E67EEB425F9F,30-06-2013
469,400-25155 West Pender St,,Vancouver,7,V7L 4J4,0xE6100000010CDBF3C39B84AA4840BDF54CB405C45EC0,B81768F9-3B05-43DC-8DDE-85FFCA00D4DE,31-07-2013
470,2511 Baker Road,,Toronto,57,M4B 1V7,0xE6100000010C6BA95C0F76D5454064ADFC3D12D253C0,6E934D97-69B9-4FCF-9E4E-56BF94E52986,01-08-2011
471,770 Notre Datme Quest Bureau 800,,Montreal,63,H1Y 2H7,0xE6100000010C963E83260DCF4640B63DE4EF0F6352C0,5EDA011D-31D1-4DFB-A78C-397B6335F85B,01-08-2011
472,250551 Shellbridge Way,,Richmond,7,V6B 3P7,0xE6100000010C571C59C251924840F3475256CCCD5EC0,1A6A1A7B-E208-473D-A8F4-14A89D06FAD2,01-08-2011
473,595 Burning Street,,Vancouver,7,V7L 4J4,0xE6100000010CE1052959A5AD4840AC342B5FA2C95EC0,0EC83A85-137E-4CF3-B13D-3926277698B2,01-08-2011
474,252345 8810th Avenue,,Surrey,7,V3T 4W3,0xE6100000010C25F14B50889D4840CC27457EB4B65EC0,447CA097-077D-4980-A431-8FAFAD156CED,01-08-2011
475,2512-410th Avenue S.W.,,Calgary,1,T2P 2G8,0xE6100000010C7B13D1B5BE8349409AE0900CBA835CC0,EC6C99B9-61E2-4400-8180-208F5A6C7EFF,31-07-2013
476,258 King Street East,,Toronto,57,M4B 1V7,0xE6100000010C3E8F8E01D2CD45401EC0A7F86AD453C0,90C770A5-A474-43D1-9A67-0F5DE336F9DC,01-07-2011
477,6th Floor Ferguson Block,,Toronto,57,M4B 1V7,0xE6100000010C86F999D3E6D445400569281616D353C0,39F3B067-2263-4591-ABF9-D5210DA4F783,01-07-2011
478,2545 King Street West,,Toronto,57,M4B 1V7,0xE6100000010CC93203B238DB454064FDA040CEDA53C0,2817A0B7-8985-4527-BB7B-B75F55F4D8DE,01-07-2011
479,2550 Middlefield Road,,Scarborough,57,M1V 4M2,0xE6100000010C16575E0473F14540880DAD498AD053C0,E60801BF-CFB3-4606-A738-8AA0EB587AFB,01-07-2011
480,25 First Canadian Place,,Toronto,57,M4B 1V5,0xE6100000010C080FA2839CD74540977ACBB4CCD553C0,07A009B2-1421-4597-AB85-22BCE3C82B2C,01-07-2011
481,65 Gamelin Street,,Hull,63,8Y,0xE6100000010C7724BA0A07B54640218C2EB21CE952C0,F35E73BA-678F-4A0F-80BC-6385A7A6CB24,30-06-2012
482,2500 University Avenue,,Toronto,57,M4B 1V5,0xE6100000010C19DA2A5F00DA45401ED929512AD353C0,197A1735-E89E-4F15-A5F7-FEB98B369094,31-05-2011
483,955 Green Valley Crescent,,Ottawa,57,K4B 1S1,0xE6100000010CCE72E7A6AAB64640D9EF76490CEF52C0,C6B743C3-F830-43E4-BA58-DD36FC451D14,31-07-2013
484,2510 Crew Court,,Montreal,63,H1Y 2H8,0xE6100000010CA68B6647CBC14640024A3484CD6352C0,1F41EDC1-7144-4D6B-9CBD-4318C2358FA1,01-05-2014
485,"9900-6400 Boul, Taschereau",,Brossard,63,J4Z 1R4,0xE6100000010C4CF76DA17FBC4640A9CC69062A5752C0,7C46D2FC-E31E-402F-A093-4CF18F7F6E54,30-05-2012
486,600 Boul. Rene-levesque Ouest,,Montreal,63,H1Y 2H7,0xE6100000010C042358BC63C3464043CAAF79116B52C0,112049E4-64D5-4305-9545-933E89B74F6E,30-05-2012
487,9259 - 1110th Avenue Sw,,Calgary,1,T2P 2G8,0xE6100000010CB95DF34F7A804940899FE724AD8E5CC0,275AC976-0D23-4D97-9F58-BB186D1CC089,31-07-2012
488,45259 Canada Way,,Burnaby,7,V5G 4S4,0xE6100000010C41FA564D99974840586ED904A9C15EC0,6D2D6846-3F17-474E-8D31-AD3A59C0CEB0,30-06-2013
489,9960 King Street E.,,Toronto,57,M4B 1V5,0xE6100000010C0D6D761A7FCD4540210F3EE50BD053C0,EB632E56-4299-4714-9E91-224319BDCB62,30-06-2013
490,9979 Bayview Drive,,Barrie,57,L4N,0xE6100000010C78601F0C963446402AD91221C3EC53C0,85D72A98-F631-457C-8FFF-04FAEC508F5D,30-06-2012
491,20225 Lansing Ave,,Montreal,63,H1Y 2H7,0xE6100000010C270CF6468EC44640DCE9F498026C52C0,A9B5A261-2463-4489-9951-EACFA29A8231,31-07-2013
492,"99954 Boul. Laurier, Local 060, Place",,Sainte-Foy,63,G1W,0xE6100000010C3A1AA10CBA634740E442322AF4D451C0,541CDE7C-3F3A-435F-A7B5-F30055DFBC68,31-07-2013
493,6th Floor 5250 Main Street,,Winnipeg,31,R3,0xE6100000010C3C12FBAA4DEF48409558BDEC684358C0,AC0E73D8-FF0A-42BD-8502-E19EBAC7343F,31-07-2013
494,Box 99354 300 Union Street,,Saint John,41,E2P 1E3,0xE6100000010C0F54094FE7A64640D53DA2C4E08350C0,21FF77A8-39DC-44D8-917C-FDD645DBF9EB,30-05-2012
495,Suite 800 2530 Slater Street,,Ottawa,57,K4B 1T7,0xE6100000010CAB09A4E723B64640455191B047F152C0,C6633AD5-006D-4967-B97E-7919DD48A700,31-07-2012
496,Suite 500 995 W. 11th Avenue,,Mississauga,57,L5A 1H6,0xE6100000010C481C5D94E8C54540D4A5E8A11DE453C0,496C1AD3-2925-4322-8811-890AB6107F67,30-06-2013
497,#9900 2700 Production Way,,Burnaby,7,V5A 4X1,0xE6100000010C78E09E12D0AA484044C70100AFB25EC0,AA651B28-0A51-4084-8444-A70CC71BCE65,01-07-2011
498,25537 Hillside Avenue,,Victoria,7,V8V,0xE6100000010C3A698D5BCC37484029E04047DBCB5EC0,385C24E0-E20C-40C9-BAC9-95D70D5B6900,01-07-2011
499,Suite 2502 410 Albert Street,,Waterloo,57,N2V,0xE6100000010CFDCD996B86B745404C2CB89E082754C0,44099B0E-03F3-447C-83BF-BE4BAA010A83,30-06-2012
500,5700 Explorer Drive,,Mississauga,57,L4W 5J3,0xE6100000010CA00F15314CD64540210B3194ECE953C0,F6FED7FA-39D9-4A60-A1F5-1622489E55FD,01-07-2011
501,965 De La Gauchetiere West,,Montreal,63,H1Y 2H8,0xE6100000010CC4B0BCC574CD4640A99EC6449F5E52C0,ACB9C033-18C6-4F02-975E-9C5226B96B72,01-07-2011
502,No. 25400 10665 Jasper Avenue,,Edmonton,1,T5,0xE6100000010C07EC7A0365CB4A40058911951B605CC0,51180CA2-6614-46A5-B89C-EF7B0421C847,30-06-2012
503,P.O. Box 44000,,Winnipeg,31,R3,0xE6100000010C9D76A4387FF24840EAE5BE90FA4D58C0,C4F3E274-13E1-4A99-8FD3-2C7D3D1EE5A1,01-07-2011
504,Suite 99320 255 - 510th Avenue S.W.,,Calgary,1,T2P 2G8,0xE6100000010CB95DF34F7A80494082A134B33C7A5CC0,CFF7437F-6830-4797-875B-D9A54EA38975,01-07-2011
505,"6400, 888 - 3rd Avenue",,Calgary,1,T2P 2G8,0xE6100000010C1C208911138B4940C5B256A36E845CC0,A6EFF2B6-3B11-47EF-AB7E-701E5041C71C,01-07-2011
506,255117 - 101 Avenue,,Surrey,7,V3T 4W3,0xE6100000010CC9D94A38089448406D372033DAB25EC0,22895B47-6086-4550-B437-A75DBEDFE1D9,01-07-2011
507,975 Princess Street,,Kingston,57,7L,0xE6100000010C799EC1A44D21464006B17E13811C53C0,D7849F5F-C042-4FCE-8F6B-BA5CD8708E10,31-07-2013
508,2900 - 25055 Dunning Street,,Vancouver,7,V7L 4J4,0xE6100000010C80308D61EAA248400FF36ED41EC45EC0,4EE0334F-027C-4036-880F-6E9104E21533,30-10-2012
509,Suite 25800 3401 - 10810th Avenue,,Surrey,7,V3T 4W3,0xE6100000010C3B07A3230DA0484057657834B6C15EC0,28C52717-7117-41B6-A5C7-FDA60D566163,01-07-2011
510,750 Philip Street,,Waterloo,57,N2V,0xE6100000010C903B2D5B2EBF45403836A153C71F54C0,F2B96299-187A-4E52-96DE-FE9D1C8AB33F,01-10-2011
511,"Bureau 9900 825, Avenue Querbes",,Outremont,63,H1Y 2G5,0xE6100000010C4F44187F24BE464045555E31C06752C0,EF10CF20-A540-4D5C-BEFD-1B48B7D48402,30-10-2012
512,700 Bureau Road,,Montreal,63,H1Y 2H7,0xE6100000010C6C2E0977CEC246404E5D290F016452C0,963F514B-7752-46E8-9742-1FD40A68EA33,31-07-2013
513,"253711 Mayfield Place, Unit 150",,Richmond,7,V6B 3P7,0xE6100000010C515904B09DA14840DA088CDF72BE5EC0,C418C2F4-6B32-4404-AAB1-E0BEC3958C11,31-07-2013
514,63 West Beaver Creek,,Richmond Hill,57,L4E 3M5,0xE6100000010CF01C05D909EE45407814D6EA8CD353C0,AD60DBA9-3B01-47E9-BB5E-DF94D0579F14,31-07-2012
515,9900 Ronson Drive,,Etobicoke,57,M9W 3P3,0xE6100000010C05EB2A023ED845403E6793820CE253C0,42242712-6DD2-423F-9B89-C953454E3B09,30-05-2012
516,251 Indell Lane,,Brampton,57,L6W 2T7,0xE6100000010C8EA2CEB941D3454018B7E62853E853C0,A1F36994-B5B3-4646-87EA-692A513395EA,30-06-2012
517,2573 Dufferin Street,,Toronto,57,M4B 1V5,0xE6100000010C436EC1ECC3E14540661B4641F0DC53C0,97605C5C-8309-44F2-9A98-C5A5709497FF,31-05-2011
518,995 Crescent,,Richmond Hill,57,L4E 3M5,0xE6100000010C70D66444E9FB45400C6393865FDC53C0,0B49022D-8B49-4CF6-B0A3-46231CD48441,31-07-2013
519,2500-622 5th Ave Sw,,Calgary,1,T2P 2G8,0xE6100000010C946079A9DB8149409D01CB543C835CC0,13754965-6A09-4343-968C-8699C27FDFAA,30-06-2012
520,6700 Boul Taschereau,,Brossard,63,J4Z 1C5,0xE6100000010C37720703D6C44640EFEF368F785D52C0,B730EAFF-5828-4C8C-86C1-9137F50FCA48,01-08-2011
521,55 Standish Court,,Mississauga,57,L5B 3V4,0xE6100000010C06568DD243CD4540DE01044E9BE453C0,97C329E2-FA67-4478-AA7B-78A8DEECF7CA,31-07-2012
522,"43251 Viking Way, Unit 130",,Richmond,7,V6B 3P7,0xE6100000010CA31D2E114A8F484009946D7F5BCD5EC0,842BCBE5-9DA5-42D5-A4BB-4197DB5B69C7,31-12-2012
523,46990 Viking Way,,Richmond,7,V6B 3P7,0xE6100000010C2CA98801669E4840BCE1096AAAB95EC0,85C88CD6-682C-4358-9F8C-5A24F4CCFD98,01-07-2011
524,9693 Louis H Lafontaine,,Ville De'anjou,63,J1G 2R3,0xE6100000010CD292B94117BB4640E314F62D6CFD51C0,ACC21BD9-FB1B-4764-941B-2FB98AA4EB27,30-06-2012
525,69251 Creditview Road,,Mississauga,57,L5B 3V4,0xE6100000010CAAB3114F73CF4540C6387FC012ED53C0,2CA11975-213A-46FB-A0BE-2529003074CC,31-05-2011
526,251420a 170th Street,,Edmonton,1,T5,0xE6100000010C61DC6B0C04C64A400EEF11D86B5F5CC0,476D80AE-69A0-480D-9DF3-8FD0C1095A21,30-05-2012
527,252851 Rowan Place,,Richmond,7,V6B 3P7,0xE6100000010CF02748B48DA84840B8F65A3E06C05EC0,11EAEE50-8A14-4B81-951E-86701B6F60C0,31-07-2012
528,5990 Avebury Road,,Mississauga,57,L5B 3V4,0xE6100000010CF00AFF0C08D74540C4A84B29BCEE53C0,D9928CCC-FC35-435A-8A0F-6887813E0E06,01-08-2011
529,254480 River Rd,,Richmond,7,V6B 3P7,0xE6100000010C90FAE96C339E48409A1281BA18CD5EC0,034076FD-CD0E-4EAD-864E-8CE7F47D6612,31-05-2011
530,Suite #9902,,North York,57,M4C 4K6,0xE6100000010C5AAF68F398DB4540617A8EC086CD53C0,FE36E0C8-AD8A-4D2C-BC53-5D69BE5A9CE7,31-05-2011
531,"5th Floor, 79 Place D'armes",,Kingston,57,7L,0xE6100000010CAEC69B404B234640F5583D26461A53C0,F6FB5F79-C5FA-4A7C-8D75-6E9243360308,30-09-2012
532,#500-75 O'Connor Street,,Ottawa,57,K4B 1S2,0xE6100000010C6D0C5BE69DB3464067E36C852BE652C0,1B58B9BC-A691-4927-BF17-569E4BE822F3,31-10-2011
533,4400 March Road,,Kanata,57,K2L 1H5,0xE6100000010CDEAA586E56A846402A07F3BDA2FD52C0,43484CD9-AD5B-41F4-A9CC-DDFBAC4B5AA5,01-10-2011
534,Depot 80,,Sillery,63,G1T,0xE6100000010C56B66CFFBF6C4740EE0DBB4F3FD151C0,3178440D-5C3A-48F2-AF6B-0A607774E265,01-07-2011
535,250 Kingsbridge Garden Circle,,Mississauga,57,L5B 3V4,0xE6100000010C280E88D6E2D24540B11739C852E553C0,9771494E-9053-40F2-84A5-E0D108DEEFED,01-10-2011
536,No. 2000-25080 Beaver Hall Hill,,Quebec,63,G1R,0xE6100000010C4A075627D36C47405A6C26B5DFD451C0,0C38C439-4562-4E37-8F23-AFF2C9005C38,31-07-2012
537,No. 25800-130 King Street West,,Toronto,57,M4B 1V5,0xE6100000010C7581430D7ED64540453AF395B5CF53C0,C2BCDAEC-366C-489C-BF43-8CC2881179F3,01-08-2011
538,25 Danger Street West,Floor 7,Toronto,57,M4B 1V5,0xE6100000010CDF55D1BE2BD845400BBA0D2CA6CB53C0,10B2404C-F0AF-409C-AF5D-0218BEB03D0D,30-06-2013
539,"6th Floor, 25st Canadian Place",,Toronto,57,M4B 1V5,0xE6100000010C080FA2839CD74540826A15ED46D453C0,D51784C0-CC77-48C2-8FA6-75405F3E35B9,01-07-2011
540,254 Colonnade Road,,Nepean,57,K2J 2W5,0xE6100000010CB4666C27CBA44640C9D9174B07F152C0,1C97F465-F2AF-4D34-BE8C-7AFDAD119425,01-07-2011
541,25981 College Street,,Montreal,63,H1Y 2H5,0xE6100000010C81C0BA7904C24640849D3AD5126952C0,AF56D631-EB1C-4716-A89B-88BC4AE04B93,30-06-2012
542,5 place Ville-Marie,,Montreal,63,H1Y 2H7,0xE6100000010C1F3557B4F9B746401D8239D9D05F52C0,B242B256-254B-4624-B3AF-BF0058BB0B7B,31-07-2012
543,6030 Conroy Road,,Ottawa,57,K4B 1S3,0xE6100000010CEA232D5E2CA74640C6C8087C74E352C0,AA8F3ECB-C454-448B-B774-FF9CDF01E629,31-07-2012
544,"30025 Wayburne Drive, Suite 275",,Burnaby,7,V5G 4W1,0xE6100000010C99511CE0B4A048401505F03A2ABB5EC0,4C65A591-C6B0-43D8-8FAF-F4B1CB9953E1,01-08-2011
545,999 West Georgia St.,,Vancouver,57,V5T 1Y9,0xE6100000010CB30F1188B5A448408FB353C733BD5EC0,9D35F3C2-966E-4B3B-8D29-0E6AB8DEF01B,31-07-2012
546,"250333 Southport Road, S.W.",,Calgary,1,T2P 2G8,0xE6100000010C56526943A0784940F8716985567D5CC0,11D29E3F-D9B2-4E24-AC01-EEBA72DA4DDF,30-06-2013
547,7000 Victoria Park Avenue,,Toronto,57,M4B 1V4,0xE6100000010C1DD196D496D24540BF31399A0DCE53C0,28125EC3-FDC2-45D8-93B3-CD7DB2113424,31-07-2013
548,63 Free St.,,Toronto,57,M4B 1V4,0xE6100000010CB58343D8D3D94540D67CBA3E5BDA53C0,5649C5D8-1798-4622-95BF-DC7E581284A0,01-08-2011
549,609 Evans Avenue,,Toronto,57,M4B 1V4,0xE6100000010C76E7D27569C645405E03B54C89E453C0,DCF9C9B5-A7B6-4383-9480-1F84130B5F8B,31-07-2012
550,2520 Flanders Road,,Toronto,57,M4B 1V4,0xE6100000010CDC1AA465E6DA4540FAC2119219D553C0,A1D478E6-76DA-445F-A924-0B5DEE3C7CBB,30-06-2012
551,"32605 West 252 Mile Road, Suite 250",,Aurora,57,L4G 7N6,0xE6100000010CC090BF1BD3004640C26ACCA7D4D853C0,E7567A62-3ACF-4F0B-B202-E28B92DE689A,31-07-2012
552,"25730, boul. St-Régis",,Dorval,63,H9P 1H1,0xE6100000010C791D615290BE4640675EC807007352C0,6832A3BD-56EC-42FE-8B4C-6BFD09F89EB4,01-05-2014
553,"253131 Lake Frasier Drive, Office No. 2",,Calgary,1,T2P 2G8,0xE6100000010C9B2CB505299049408CA0132DFF825CC0,EF7B5BD3-3A04-4A09-A0D2-02B98E3333DC,01-07-2011
554,9984 Wellington Street,,Ottawa,57,K4B 1S2,0xE6100000010CB19C3FFC168F46406A55C6163DF052C0,6E0797C9-FD43-418F-A5FE-8683292B95FE,30-06-2012
555,"9950 Ferrand Drive, 9th Floor",,Toronto,57,M4B 1V4,0xE6100000010C74345118A7DC4540DBF7CCE8A1CD53C0,32890831-931E-44AD-801B-41B1AD862ECA,01-08-2011
556,990th Floor 700 De La GauchetiSre Ou,,Montreal,63,H1Y 2H3,0xE6100000010C35F1E2A308C94640D0EE03D3ED6752C0,87846D7C-AB01-41C6-A4CC-FAD06D74D11B,31-05-2011
557,"660 Saint-Jacques, Bureau 400",,Montreal,63,H1Y 2H8,0xE6100000010CE722915B13B9464001AE467F8F6952C0,DCE88C1F-8BFE-4306-BA02-50446466C5E5,31-07-2012
558,"67255 - 8th Street N.E., Suite 350",,Calgary,1,T2P 2G8,0xE6100000010CB95DF34F7A8049403FE1A610E37D5CC0,DA596ABB-B3AF-48EC-A082-9E94CD870A5F,30-10-2012
559,12345 Sterling Avenue,,Irving,73,75061,0xE6100000010C0E0FFF01E8664040D2687834393B58C0,0D39391C-A319-486B-AC9E-5863795D6675,01-08-2011
560,800 Interchange Blvd.,Suite 2501,Austin,73,78701,0xE6100000010CB79C60EAEC413E40188A3E72166858C0,5790365C-DA3C-43BC-93D3-99104C038B71,30-05-2012
561,90025 Sterling St,,Irving,73,75061,0xE6100000010CF6FEFD6EC37B40407C65B87A324458C0,C1CA3287-F642-44DA-BBA1-8AB47E1907DD,31-07-2012
562,2505 Gateway Drive,,North Sioux City,68,57049,0xE6100000010C7FA5E1FBB43B4540D61DE522021A58C0,57A5E455-526C-402A-BC5D-EE613BF58372,01-07-2011
563,74400 France Avenue South,,Edina,36,55436,0xE6100000010C3850C3D938744640064AF205174F57C0,A1841D05-CABD-4453-96E4-9B1E95CA2BC2,31-07-2012
564,509 Nafta Boulevard,,Laredo,73,78040,0xE6100000010CD4BE69C48C923B402B1A5D0C03DD58C0,F9A8A87A-152F-4204-B5D2-DBCB8DA1C13B,01-07-2011
565,25149 Howard Dr,,West Chicago,24,60185,0xE6100000010C4DBB14A0AEEF44409C1A3FD4A80C56C0,F4915606-499D-477D-8309-E8F92E9D8FE3,01-08-2011
566,63 W Monroe,,Chicago,24,60610,0xE6100000010C0060FAF8F2F34440FF0EA4AAC8EC55C0,61113716-53E4-4FAA-A5A2-247B03F0F9C6,01-10-2011
567,Corporate Office,,Garland,73,75040,0xE6100000010CD90A0D92047B4040FCB4B329601E58C0,10CC0938-B0AF-42E0-9176-564321C68787,01-08-2011
568,25269 N. Wood Dale Rd,,Wood Dale,24,60191,0xE6100000010C196D3955F60645401393B98CF0F755C0,E863927D-49FB-47AB-9CA6-A5F36D082B66,01-08-2011
569,Sapp Road West,,Round Rock,73,78664,0xE6100000010C20E441E0C88A3E4069CAC387616458C0,B7EA2783-866E-4AD9-945C-914B674AD2CD,01-08-2011
570,52500 Liberty Way,,Fort Worth,73,76102,0xE6100000010C30593711AF764040BB01840D784C58C0,F5A1147F-761F-4577-BB48-BBEF73B4A27F,30-05-2012
571,25550 Executive Dr,,Elgin,24,60120,0xE6100000010C27C5AD283C044540AEA8758DA31B56C0,8CAF52B2-D3E2-4A5F-A704-874768007F38,31-10-2011
572,P.O. Box 6256916,,Dallas,73,75201,0xE6100000010C8044A1422D5F4040F66D784F983758C0,206E0FF7-E120-4845-ACB4-A4443EBF6429,31-07-2013
573,25269 Wood Dale Rd.,,Wood Dale,24,60191,0xE6100000010C2D9B6B8880054540FFE4F38E560456C0,E4C1153E-6C1A-45DF-ADDB-80FAC429FA3F,01-10-2011
574,Po Box 8259024,,Dallas,73,75201,0xE6100000010CAA5BBD5FAB69404087866D198D3C58C0,9794B438-2E91-4699-85DF-5FCF98210AC1,31-07-2012
575,42500 W 76th St,,Chicago,24,60610,0xE6100000010C2B535433FCDB444063E84C8FCBE555C0,CD335652-0913-40EA-9AE0-323066FC04F0,31-07-2012
576,4255 East Lies Road,,Carol Stream,24,60188,0xE6100000010CAD26D77D1BFA4440C1399A61ED0E56C0,C1A9793E-50B5-431C-82DD-8B36ACC9AC4E,01-10-2011
577,2500 North Stemmons Freeway,,Dallas,73,75201,0xE6100000010C4DD260393369404026C0A31BF73458C0,C91ED16C-4407-4EED-A241-C8327E5E50C2,31-07-2012
578,220 Mercy Drive,,Garland,73,75040,0xE6100000010C4BE8E841CD7640400FE794AB772158C0,791E9C8D-6C3A-4CFD-9F0A-C4A99424C268,31-05-2011
579,25 N State St,,Chicago,24,60610,0xE6100000010C612DB55CC1ED44403DAE80B492E255C0,02D95901-41C1-4479-A04F-9FFB5A2675E3,30-05-2012
580,2509 W. Frankford,,Carrollton,73,75006,0xE6100000010C62359F9E5C7A404008529942A83458C0,A0DBC338-CF0E-4962-9FBF-63220AECA66E,30-05-2012
581,Po Box 8035996,,Dallas,73,75201,0xE6100000010C8E345943826A4040839B00B8E03358C0,CC8321BA-C938-4765-8175-9126D432957F,31-07-2013
582,5700 Legacy Dr,,Plano,73,75074,0xE6100000010C20FF21FDF6894040FB0DEB8EF83958C0,08EBF5A9-2171-433E-85B8-56FFF949D041,31-07-2013
583,625 W Jackson Blvd. Unit 2502,,Chicago,24,60610,0xE6100000010C44426666E3F7444069A68EA595E855C0,A35C7AC7-5AE8-43D9-92E7-180D78A9A7B8,28-01-2013
584,250880 Baur Blvd,,Saint Louis,37,63103,0xE6100000010C0EEE0359AD53434013516ED4BC9056C0,ED1EE7DA-5087-4E7A-B019-7782742BC451,30-05-2013
585,Noah Lane,,Chicago,24,60610,0xE6100000010CCA0AF5919BEE4440C8B82E89ACE755C0,E9408FBB-1C28-4923-9D85-2DFADB3B4B6B,30-06-2012
586,6030 Robinson Road,,Jefferson City,37,65101,0xE6100000010C114D5347733A4340F4F8D509AA0D57C0,35B2FB0C-60EA-48F2-814A-F6813242858E,01-08-2011
587,25500 Old Spanish Trail,,Houston,73,77003,0xE6100000010CAB09BB3434BA3D403DB1D6E250DD57C0,9A71E3C4-CAEA-4C5C-A146-5B85A513D82F,01-07-2011
588,"99828 Routh Street, Suite 825",,Dallas,73,75201,0xE6100000010C107E16DAAD6540403DA892EAD52C58C0,180F5A76-930D-4B70-9D70-7AA3E49BB71E,01-07-2011
589,"One Dancing, Rr No. 25",Box 8033,Round Rock,73,78664,0xE6100000010CC9447E64A8873E4060399036E17058C0,A514F151-6B2D-452C-A983-D68AED9E112E,01-08-2011
590,9995 West Central Entrance,,Duluth,36,55802,0xE6100000010C7B1AB284206A47406EDED48CD10C57C0,86553E06-3BF8-4C21-8E40-AE95309C4B3E,30-05-2012
591,48255 I-10 E. @ Eastpoint Blvd.,,Baytown,73,77520,0xE6100000010C9FE9F7E0DAC53D4073177236E1BC57C0,8D604CA1-2F01-46C1-9041-39915144B446,31-07-2012
592,9903 Highway 6 South,,Houston,73,77003,0xE6100000010C20FDE1D749BC3D4091F6DB0029E657C0,CE585616-C47C-4BD4-8D71-1755B6417770,31-05-2011
593,2345 North Freeway,,Houston,73,77003,0xE6100000010C6BE0C0B4C4CD3D408377EDC35BE057C0,74E5959F-4C5F-4BDA-ABCF-429762E1670D,01-07-2011
594,123 W. Lake Ave.,,Peoria,24,61606,0xE6100000010C19A99C9BDB634440BAD5B95E556C56C0,C9F2B21E-3EDB-4315-AA03-8ADDE7D8A598,30-06-2012
595,660 Lindbergh,,Saint Louis,37,63103,0xE6100000010C61FDF3790B574340D58D2492FF9D56C0,012D17BA-C426-40C2-A9FD-85093E2CEB8A,31-07-2012
596,72540 Blanco Rd.,,San Antonio,73,78204,0xE6100000010C4949469476783D403DF949AD759B58C0,5EC50E4C-3026-4BD5-9A15-00776AD22EEC,01-07-2011
597,99450 Highway 59 North,,Humble,73,77338,0xE6100000010C9C52240C0AFB3D40757B27DF0BDA57C0,3BD8466E-2A52-4661-8460-50736409EE8A,30-06-2012
598,455 256th St.,,Moline,24,61265,0xE6100000010CD54379677BC4444054052995289F56C0,FBEDD917-C269-4E36-A791-58B35F34B107,01-07-2011
599,70 N.W. Plaza,,Saint Ann,37,63074,0xE6100000010CC3B6F4510E5943405BBE71979A9A56C0,4735A716-33C4-4366-BCC0-410BCEEF3E2C,30-06-2013
600,25095 W. Florissant,,Ferguson,37,63135,0xE6100000010CFFD3D3324B5C4340D60EE721CE8C56C0,1A51283C-12BB-462E-A1B8-A0039C18E6D8,01-07-2011
601,6996 South Lindbergh,,Saint Louis,37,63103,0xE6100000010C9BF22BD12E444340E0F604895D9256C0,A8F4D544-A137-4775-B6C9-7C85A12A4DDC,30-06-2012
602,6425 Nw Loop 410,,San Antonio,73,78204,0xE6100000010C0936AE7FD7813D40D644CAA272AB58C0,6241806C-C9CC-46AA-A91F-B663C7E0C8BB,31-07-2012
603,9500b E. Central Texas Expressway,,Killeen,73,76541,0xE6100000010CC4EC722C58223F40CA2B06159A6A58C0,0E6E9E86-A637-4FD5-A945-AC342BFD715B,30-06-2013
604,1200 First Ave.,,Joliet,24,60433,0xE6100000010CEE82A38DBDC14440E24A7EE2190656C0,79972B72-7D84-4A33-AE27-44A5EFAEF39D,31-07-2013
605,7760 N. Pan Am Expwy,,San Antonio,73,78204,0xE6100000010CD8E6178563803D400C483DCFA59C58C0,6C3DA38C-887D-410C-B022-8F2BF2DB3339,01-08-2011
606,99433 S. Greenbay Rd.,,Racine,80,53182,0xE6100000010CC2BB92351F564540E3E778B4BFF855C0,48F98B9B-CF62-4A87-95E8-44DA6AAC6F97,01-08-2011
607,25220 Airline Road,,Corpus Christi,73,78404,0xE6100000010C368A68F22EB13B403C871812FB5F58C0,6E7FE435-895A-4E65-913B-2AD21CF4CE6D,30-06-2012
608,25306 Harvey Rd.,,College Station,73,77840,0xE6100000010CAD7D7036549A3E4076A27872911A58C0,49D7554E-852F-4D68-81B5-44C7A615F117,30-06-2012
609,3900 S. 997th St.,,Milwaukee,80,53202,0xE6100000010C086A94985A814540DFD8A8A8AFFA55C0,7394624A-5CA8-4ADC-923C-235D971514B8,01-08-2011
610,44025 W. Empire,,Denby,68,57716,0xE6100000010C3BED293A0B91454054221589E48459C0,8AFB400F-1FE5-460D-BC56-4A7BF801B41B,31-07-2013
611,23025 S.W. Military Rd.,,San Antonio,73,78204,0xE6100000010CEDE5615B376C3D40D037A4EAF5A458C0,76ED2669-D8A8-4468-943D-7319A9B18FE3,01-07-2011
612,Ring Plaza,,Norridge,24,60706,0xE6100000010CE9FF4792C7F74440D0FCD69CD0FB55C0,60AB96A4-26F6-439C-9F32-238BD16B293F,31-07-2012
613,Lakeline Mall,,Cedar Park,73,78613,0xE6100000010C08E969C8EB753E40D186357A367558C0,D26F02D6-326A-4088-B9EE-D441DFDFA1DF,31-07-2012
614,Town East Center,,Mesquite,73,75149,0xE6100000010C59417F2B686340407DCAAC499E2758C0,7BA1AF96-5A8E-4259-835C-DA67DB296A5E,31-07-2012
615,Fountains On The Lake,,Stafford,73,77477,0xE6100000010C3C654C183A9F3D408DA1F2E090DF57C0,BC2D6156-BCF7-47F7-A409-31122653F701,31-05-2011
616,Southwest Outlet,,Hillsboro,73,76645,0xE6100000010C53AF1A33D90440401A336F977B4158C0,47F987F7-44FF-4372-AAF5-4CC7B7F64216,31-05-2011
617,Johnson Creek,,Johnson Creek,80,53038,0xE6100000010CCB922696A590454037600A84BC2F56C0,ACA53503-0920-446D-9C54-B83D7949D019,30-04-2013
618,Blue Ridge Mall,,Kansas City,37,64106,0xE6100000010CE119187734884340502D1DC9A6AA57C0,8612FBAD-3CE1-435B-BE0B-5A48DDBD2B62,30-10-2012
619,First Colony Mall,,Sugar Land,73,77478,0xE6100000010C9E612621E6A23D40429DA68B4BE557C0,DA205E92-2867-48A9-BF18-4558A31272AE,31-10-2011
620,Horizon Outlet,,Woodbury,36,55125,0xE6100000010C314CFCF0B7724640A41EC9051A3457C0,70080B27-59BD-4BA1-84D2-68204B304D70,01-08-2011
621,Tanger Factory,,Branch,36,55056,0xE6100000010CD6150500C3C04640F237139CAE3D57C0,75D18DB1-C9EF-4DAD-BBD2-697FF73FAF6C,01-08-2011
622,Management Mall,,San Antonio,73,78204,0xE6100000010C72DF4249AB5E3D40D037A4EAF5A458C0,E82D1276-E19A-4FAD-90F5-7E19AF94EA64,29-01-2012
623,Ohms Road,,Houston,73,77003,0xE6100000010CDA6EE882ECCA3D40397973625FCD57C0,D4688E5C-2D2D-4925-B58A-356C117728D8,30-05-2013
624,Factory Merchants,,Branson,37,65616,0xE6100000010C6BE528ADAE544240CEF364EB145857C0,DC707744-912B-4E7A-945A-1B959168DC94,31-12-2012
625,Cedar Creek Stores,,Mosinee,80,54455,0xE6100000010C5BEE4F63ED6B4640B1DB7587576556C0,2E6E124E-BB43-4D40-8515-82DDA7994BD4,30-06-2013
626,Lone Star Factory,,La Marque,73,77568,0xE6100000010C9A8319CAF85C3D40C290787EE0C757C0,5F33B654-E091-4B2F-B5BD-AC5AC6D47EE6,30-06-2013
627,Sports Stores @ Tuscola,,Tuscola,24,61953,0xE6100000010C60AF750553E04340A955887A271656C0,808EFDC0-EA1B-437D-88C0-A3B6A8864B7F,30-05-2012
628,City Center,,Minneapolis,36,55402,0xE6100000010C9E47E9C26F75464088D56D21704E57C0,B80975D1-AB6E-42F1-B328-5DB1D445E2C9,01-07-2011
629,St. Louis Marketplace,,Saint Louis,37,63103,0xE6100000010CF48E40D3C64A4340BD0A527BA78856C0,163FDE0A-2148-44BC-9FC1-A7390650127C,31-05-2011
630,Lincoln Square,,Arlington,73,76010,0xE6100000010C40866E66E9604040497A9F03DE4F58C0,734DE48F-7F95-4386-986E-F8AB86C194A0,01-08-2011
631,Kansas City Factory Outlet,,Odessa,37,64076,0xE6100000010CCF5ABD36E080434043FF2B89CD7A57C0,BCD46B97-395D-4EEF-A712-245BA629621F,31-05-2011
632,Fiesta Trail Shopping Center,,San Antonio,73,78204,0xE6100000010CFAEBE4EEE75A3D40146D44248CA058C0,F79532D7-38E9-42EC-8EA4-C9D7E1C13C12,31-05-2011
633,Medford Outlet Center,,Medford,36,55049,0xE6100000010C31392BB0FB17464097B58DE87B4757C0,7CDA3069-3B49-4205-B853-40744D7D875F,30-06-2012
634,Ward Parkway Center,,Kansas City,37,64106,0xE6100000010C9A41AA51B48743402CF20CA077AC57C0,3F2AA425-7D02-461A-A9C4-222AE41E3FE5,31-07-2012
635,"93-2501, Blackfriars Road,",,London,14,SE1 8HL,0xE6100000010CDA3EEA36ECBC494031028FC542C9BABF,00E75F99-488C-462D-A0BC-AC3C08A9DB77,31-07-2012
636,"Science Park South, Birchwood",Stanford House,Warrington,14,WA3 7BH,0xE6100000010CDF0729F796BE4A40207CB352C53904C0,C0FC2D5B-88E7-4B60-8447-BB3522BD79E5,30-05-2013
637,"Phoenix Way, Cirencester",,Gloucestershire,14,GL7 1RY,0xE6100000010CC0E3D7DA75DC4940CCC266534C8AFFBF,10A3D496-881E-4042-BBD0-5802CF73A872,31-07-2013
638,255 Irving Street,,London,14,C2H 7AU,0xE6100000010C23CA436B45BF49402EC7DB156D6AC0BF,D8A77424-94AE-43AB-A011-1A9EBB3852E7,30-06-2013
639,"Garamonde Drive, Wymbush",PO Box 4023,Milton Keynes,14,MK8 8ZD,0xE6100000010C8EF10B5C14004A4063305E87BE51E7BF,8F34CEDD-FB6E-4814-B509-9965A31BC2E5,31-07-2013
640,251 The Metro Center,,Wokingham,14,RG41 1QW,0xE6100000010CCC84E69C7FB34940C99B31B3D22BEBBF,0E4AC5BB-BE0D-4A96-A58E-064DAEC08E1A,31-07-2013
641,Bradford,,W. York,14,BD1 4SJ,0xE6100000010CA9E76F98D0E64A402D5C090F1FFFFBBF,F7B99541-1CE1-4AB6-AE0D-548E8FF4ABCD,30-06-2012
642,Galashiels,,Liverpool,14,L4 4HB,0xE6100000010CB91EA40127B14A40E9781CC312CA07C0,3593CDF3-38EC-4847-AD42-157220E68F32,31-07-2013
643,Banbury,,Oxon,14,OX16 8RS,0xE6100000010C00000000000000000000000000000000,99FF4C64-B405-4AC1-85ED-49E4E60EF87F,31-07-2012
644,Bradford,"Raven House, Kingsgate",W. York,14,BD1 4SJ,0xE6100000010CE7E14B3331E84A40381E6D952A09FCBF,65684E2E-D39C-4EF7-80D8-86C2F576C3C2,30-06-2013
645,"Garamonde Drive, Wymbush",P.O. Box 803,Milton Keynes,14,MK8 8ZD,0xE6100000010C62F2142366094A4017058B1FCD48E7BF,6EF999E7-5510-4B02-B89E-DDCF51AE3864,30-05-2013
646,"Butterfield Hse, 7-251 Chapel St",,Lancaster,14,LA1 1LN,0xE6100000010C981B22B679054B4061297062C36606C0,BCE1F4B3-A9C0-413E-AC8D-4C07A960E26C,30-06-2012
647,Wade Road,,Basingstoke Hants,14,RG24 8PL,0xE6100000010C44D8096D80994940E109E7D69E10F1BF,578C2529-F11C-4BF3-8084-6B505461E1CC,30-05-2013
648,"586 Fulham Road,",,London,14,SW6 SBY,0xE6100000010CEA83C3052EBC49401B40D54C6B4AC9BF,0DA65673-2A35-4E6A-A607-A6CC2D134EA8,30-06-2013
649,Knaves Beech Ind.,,High Wycombe,14,HP10 9QY,0xE6100000010C04D93FDB3FC84940D36F4D779F3AE6BF,11FCFF74-5C80-4B37-A842-45C765D96029,31-07-2013
650,"Elmhurst Road, Goring",,Reading,14,RG7 5H7,0xE6100000010C3FA9EA9B69B74940455815FF85D2EEBF,E4C0C239-182F-45B7-A6BB-B7E142FF0657,30-05-2012
651,"New Millhouse, 2583 Milton Park",,Abingdon,14,OX14 4SE,0xE6100000010CA30E22D348C74940997460FF5E81F4BF,E844B847-B0B3-491D-A4F1-0B78F56E4424,31-07-2013
652,Wymbush,,Milton Keynes,14,MK8 8DF,0xE6100000010CB313FA52BC0C4A40C66B4969957EE9BF,54E20963-B0E9-41CF-AB7E-D50459A3325C,31-07-2012
653,Burgess Hill,Edward Way,West Sussex,14,RH15 9UD,0xE6100000010C00000000000000000000000000000000,38CC8647-B4BB-4669-B21D-C7497E76478D,31-07-2012
654,308-3250 Casting Road,,York,14,Y024 1GF,0xE6100000010C2E99193B6EF24A406C844826A654F1BF,9D67C322-8698-440A-8F3E-5E1E30EDBD0D,30-06-2013
655,Wharfdale Road,,Berkshire,14,RG11 5TP,0xE6100000010C00000000000000000000000000000000,D0E03FCB-116E-4AD2-8B17-5C2F9FD3E8B0,30-06-2012
656,7 Pioneer Business Park,,York,14,Y03 4TN,0xE6100000010CEC04E0C7FCFF4A4041BD09E628A8F1BF,48865E15-033A-40FF-8327-18723D4A8846,30-06-2013
657,Unit 99a Battery Retail Pk,,Birmingham,14,B29 6SL,0xE6100000010C83B7681D852D4A4060DDAEA2EE14FFBF,371A70E0-5802-4DF9-BB28-5B6BDF202283,30-06-2012
658,Ellesfield Ave,,Bracknell,14,RG12 8TB,0xE6100000010C58EAB630A3B5494085EF597020C7E8BF,BC28152F-8005-4C0E-98FF-51BF77A4A667,30-06-2012
659,Warrington Ldc Unit 25/2,,Woolston,14,WA1 4SY,0xE6100000010C66A9BB7260AB4A401ECAA8F1972C04C0,F44A7D0D-9BC5-427E-B3AE-F638DD5804B0,31-07-2013
660,"6 The Farm, Liberty Road",,Maidenhead,14,SL67RJ,0xE6100000010C07ECD3E766BF494045B5B83BB17EE7BF,E22D616B-EA06-48E9-A00F-B1C4BB02F595,31-07-2013
661,725a The Arches,,Berks,14,SL4 1RH,0xE6100000010C48ED4E9627BB49409135C8A72D84E3BF,38F5F598-E9BB-499C-B90D-088B2CD1B5BD,30-06-2012
662,Paramount House,,London,14,W1N 9FA,0xE6100000010C0BB896C32BBE4940C4CFCC87D142C0BF,E50D1077-D135-41CC-A0B1-C53395F94541,31-07-2012
663,2524 Barlby Road,,London,14,W10 6BL,0xE6100000010C4D6BE5061EBB4940E0E81CFFFDD0CBBF,D8E96EBA-258C-4F6C-83BB-4CCB2235BBF7,30-06-2013
664,99-3 Forest Works,,London,14,E17 6JF,0xE6100000010CB3A9F0BCDBD14940DF90BA0228D8A5BF,EB46AF5A-EC2B-41FF-914E-DDAE8EC1F476,30-05-2012
665,46-44 Albemarle Street,,London,14,W1X3SE,0xE6100000010C293388946ABC49402DCEE5B3F70DC2BF,1B01B172-96CE-4601-AD19-F545DCDFD62F,30-06-2013
666,399 Clearing Green,,London,14,EC1R 0DU,0xE6100000010C8C39A29586C949403CC37F9C7C20BBBF,BAB4B0A1-055A-4581-A93F-E00C65C54FB6,30-06-2012
667,997b Tradescant Road,,London,14,SW8 1XD,0xE6100000010C938EE7ED3FB5494066B2F0AB2497BFBF,0A318015-4FBE-479A-B2DA-EEE21DF430AF,30-06-2012
668,2574 Milton Park,,Oxford,14,OX14 4SE,0xE6100000010CF33F629284D24940F5F948AD457FF4BF,62D0C689-CF44-4AB3-9C3E-6142F4E0101C,30-06-2013
669,"Internet House, 3399 Science Park",,Cambridge,14,CB4 4BZ,0xE6100000010CFD3E660C00124A406D98B1B59A6ABC3F,56BAEC2A-5CC5-4A90-BEF9-EE57E82F2E69,30-10-2012
670,"7 Garden House Cloisters, 8 Batters",,London,14,SW8 4BG,0xE6100000010C50D8CDEE32B74940957297F487BDC2BF,333DAFF8-F22F-488C-928C-E6ECCF65452B,30-05-2012
671,"25 Hartfield Road, Wimbledon",,London,14,SW19 3RU,0xE6100000010CA3AB705D58BE49407375A6963E84CABF,00FD96BC-6EE6-4D2C-A88C-07BC1CAE6EFE,31-12-2013
672,"99 Dean Street, Soho",,London,14,W1V 5RN,0xE6100000010CB8FADFBA09CA4940E818FBD72646C0BF,ECEBD4B1-11C3-4681-A6DA-2F73148FB63E,31-07-2012
673,"Park House-4th Floor, 2516 Park St.",,London,14,W1Y 3RA,0xE6100000010C04773FF460C94940F218AA8B5140C0BF,2506679E-041B-4D52-B9A9-07A0D5E88EEA,30-06-2012
674,"67 Vincent Square, Victoria",,London,14,SW1P 2NU,0xE6100000010C66F58EE400C94940AFDAD5A91B91C1BF,1A398C1B-2085-4F6D-A6EB-56493855C5D1,31-07-2013
675,"7033, rue de Longchamp",,Les Ulis,177,91940,0xE6100000010C20575233F95B4840AFB0837C38540140,052B7D72-AB05-4A78-8B3B-4CF25E6EEC70,21-12-2013
676,"21105, rue de Varenne",,Paris,161,75013,0xE6100000010C1E3FBF66F26B48404227EF0631980240,5964DF6A-C654-4DDC-AF09-E98DEB96D3F7,21-12-2013
677,"69, boulevard Tremblay",,Roncq,145,59223,0xE6100000010C11B64B69CD594940852025AF0DEC0840,640C449B-8DE4-48D1-9C3E-13F4A151D584,21-12-2013
678,"12, rue des Grands Champs",,Verrieres Le Buisson,177,91370,0xE6100000010CECBC3F27105B4840174D1754D1050240,4874CC07-5792-4996-A2C8-76C565FA0157,21-12-2013
679,"121, rue de Varenne",,Courbevoie,178,92400,0xE6100000010C5A9E2FFB207B48403421972801050240,79F2B0E2-2E99-4C31-B104-6B9EC56487DD,21-12-2013
680,"22, rue du Départ",,Pantin,179,93500,0xE6100000010C70D8A19881754840743C904E95450340,8342B42B-97A8-4221-A102-BF39F9193818,21-12-2013
681,"6, rue des Pyrenees",,Saint Ouen,127,41100,0xE6100000010C74FC8DB1D4ED4740BB0EC07E1759F13F,A65472AE-C316-43CC-8798-80A775F9C3F5,21-12-2013
682,"5, place de la Concorde",,Colombes,178,92700,0xE6100000010C7D0616567A7548400E690BD7F4F80140,CF7909C6-B930-4BDA-88FE-2A26391E9095,21-12-2013
683,"36, avenue de la Gare",,Paris,161,75019,0xE6100000010C341672AA0C7948406C72AE983E0E0340,047E3869-CDBB-45BC-BF6A-7E1B1760307E,21-12-2013
684,"26, rue Saint Denis",,Orleans,131,45000,0xE6100000010C0287A08EF8F647409244661045DDFE3F,D6ACBFA9-FF74-4DCD-AC29-8B0D03E4DEA6,21-12-2013
685,"68081, place du Tertre",,Colomiers,117,31770,0xE6100000010C9F64447067CF45400B2CF676193EF53F,26CF7D61-8130-49DD-9A55-A2E2AB0B622A,21-12-2013
686,"98, rue de Terre Neuve",,Lieusaint,163,77127,0xE6100000010CCED3BB4D275548408D345F46A0690440,F9A291D1-38F7-4E01-A41F-0621C84C41E2,21-12-2013
687,"21801, rue Léo Delibes",,Colombes,178,92700,0xE6100000010C14BA7BDB777048408DDF33B0B7FB0140,3EDD768F-AB44-463F-A91A-EBD5FE63FE81,21-12-2013
688,"2111, rue de Linois",,Orly,180,94310,0xE6100000010C2C6A75EAD65D48408C0895D7B5290340,0C24E975-94CB-4A0D-81C9-05BF53151F36,21-12-2013
689,"39, route de Marseille",,Paris,161,75016,0xE6100000010CC6AF77CB64754840FD118189D50A0240,2EBE23DF-C98A-406B-864C-B6B702B518A8,21-12-2013
690,"57, rue des Vendangeurs",,Roissy en Brie,163,77680,0xE6100000010C0141D63F5861484074C237016F4D0540,73E19C1F-23F6-4FF9-A2F3-7322B7566783,21-12-2013
691,"98, rue Montcalm",,Paris,161,75019,0xE6100000010C5420214FC46C48409A270BC2A7B80240,613B3119-88C9-4BA3-ABF7-8F28CD03B715,21-12-2013
692,"3387, rue Marbeuf",,Bobigny,179,93000,0xE6100000010C1A6679ABCA7948406BECD8D4E3860340,F0650815-DA7E-4870-8CC6-D1EFF364968F,21-12-2013
693,"39, avenue des Laurentides",,Paris La Defense,178,92081,0xE6100000010C00000000000000000000000000000000,C2DE0595-46EE-4491-B687-B0300784A186,21-12-2013
694,"3101, avenue de Malakoff",,Paris,161,75003,0xE6100000010C30B53A84267548402A63C2A8FA440240,DF71B16E-DE94-4B3D-9C2B-6B775D0636EE,21-12-2013
695,"61, rue Henri Gagnon",,Les Ulis,177,91940,0xE6100000010C8421492FB65F48407DC786B6FC590140,EC012663-981F-4FF6-A764-AC02D38D1DDA,21-12-2013
696,"9005, rue des Bouchers",,Paris,161,75005,0xE6100000010CA8826D09F66D48401A2FCAFBFDD40240,0F35E0CD-11B1-43CA-9267-86F0EB8713AD,21-12-2013
697,"18, rue de l´Esplanade",,Aujan Mournede,118,32300,0xE6100000010C055077EFE2BD4540634EE821CF12DC3F,66A9A7AE-B8D1-44E3-BF35-BBEEFB7BD751,21-12-2013
698,"7551, avenue Foch",,Paris,161,75010,0xE6100000010CFD5F9B416765484038383A35F7890340,B1E85633-08C8-4C17-B207-E1E8672ACAEE,21-12-2013
699,"22, rue Lafayette",,Pantin,179,93500,0xE6100000010C9E7BA3379D69484060A6230E814B0340,979F4D35-4DC4-4E15-A1D6-EBEDD0811F0B,21-12-2013
700,"215, avenue Reille",,Les Ulis,177,91940,0xE6100000010C2355F5AF165F48404796E225914D0140,A7003679-B499-4A76-958A-89C0C8BCFA27,21-12-2013
701,"54, avenue des Ternes",,Saint Ouen,127,41100,0xE6100000010CF15EAD4F71EE4740673BCA913460F13F,5B88B6F3-DDE7-444C-9223-00BC53B8DF0D,21-12-2013
702,"510, avenue de Villiers",,Orleans,131,45000,0xE6100000010C0775C6529AF44740108C3D278096FE3F,6FC66B89-238A-4ECA-923E-4E586088244A,21-12-2013
703,"30, avenue de l´ Union Centrale",,Les Ulis,177,91940,0xE6100000010C8421492FB65F4840819BCFD0E54E0140,D2B6EC7E-C106-4F45-824B-AA18B3B5BEEA,21-12-2013
704,"33, rue Georges-Clémenceau",,Cergy,181,95000,0xE6100000010C7DFC0CDD80804840EC2912D962850040,9DE1EF92-20B7-48A1-8028-D74667F8719C,21-12-2013
705,"699bis, rue des Peupliers",,Paris,161,75008,0xE6100000010CBD44F4E2BB604840C77503371BD70240,4A40F30C-51CD-4208-9F8C-02A11B2439D6,21-12-2013
706,"3639, rue des Grands Champs",,Boulogne-sur-Mer,148,62200,0xE6100000010C9F738A211F664940B3E3451CA8B7F93F,4FB34AF0-B6A8-4991-B9A9-55B58579435E,21-12-2013
707,"3833, boulevard Beau Marchais",,Paris,161,75009,0xE6100000010CC2A97086426B4840DACB3BD7B9AF0240,377974F6-D307-42F9-B657-8685F38CF104,21-12-2013
708,"1, place de la République",,Paris,161,75017,0xE6100000010C48FA7D53AA7248403214FDD423EB0240,521DD524-70E5-4330-A2F3-E5665CB1CF67,21-12-2013
709,"12, rue Lafayette",,Morangis,177,91420,0xE6100000010C23F7520B725C4840719A76D2B7B40240,983552BD-C89F-46F1-989F-002A161FD687,21-12-2013
710,"88, avenue de l´ Union Centrale",,Paris,161,75012,0xE6100000010C4BF382AE407448400415C84C6E590340,765C246C-A31A-4B4A-9219-ADA7DB25E47B,21-12-2013
711,"3383, rue Lamarck",,Paris,161,75007,0xE6100000010C069ACAEF62794840411B2A8B91BC0240,A510A220-7ABC-4B57-97BF-BFBDC6AE7D89,21-12-2013
712,"28, avenue des Champs-Elysées",,Croix,145,59170,0xE6100000010C9C402717995549402059CF73D4340940,1F334496-E920-4D81-BF03-4B10C79B6A93,21-12-2013
713,"21, avenue de la Gare",,Sèvres,178,92310,0xE6100000010C386FF08CF26A48405A75E43B59AF0140,A427D0CC-3CC6-4702-BA43-F35106ED5C28,21-12-2013
714,"62, route de Marseille",,Suresnes,178,92150,0xE6100000010C6584AE6F7B68484058F5174172C40140,688BE726-33C1-4148-B9D9-8271147B52A6,21-12-2013
715,Karl Liebknecht str 299,,Frankfurt am Main,70,60075,0xE6100000010C00000000000000000000000000000000,0D676AA0-F9D8-40A4-934C-DC3F092AB2D2,31-07-2013
716,Roßstr 2248,,Stuttgart,70,70511,0xE6100000010C00000000000000000000000000000000,326385AE-865B-4DB0-BB12-7146ABD74DA4,30-06-2013
717,Bundesallee 9571,Rechnungsstelle - C 035,Berlin,85,14197,0xE6100000010CF6DFE07B43434A40D156C46595972A40,516CA9D3-E4D9-42B4-8F71-1F1DB32E140D,30-08-2013
718,Auf Der Steige 29,,Muehlheim,20,63151,0xE6100000010C00000000000000000000000000000000,7253872E-25B7-4405-A5C7-FF6010BF97DF,30-06-2013
719,Hellweg 4934,,Essen,20,45001,0xE6100000010CD2D2A991DBC2494046B2FE26A6551C40,AD1D792B-0958-4730-AE14-795D6E78351F,30-05-2013
720,Kurfürstenstr 9,,Duesseldorf,19,40605,0xE6100000010C00000000000000000000000000000000,48C19B74-55DC-4116-B464-CB1F5C873196,31-07-2013
721,Postfach 11 09 00,,Berlin,19,14111,0xE6100000010C00000000000000000000000000000000,CF10D5AA-5BCC-4E22-A983-D8F1160BEBFD,31-07-2013
722,Haberstr 29,,Bonn,20,53131,0xE6100000010C0CE378D025554940F18DF26C5D2C1C40,DC577387-7B12-4D08-A4FB-D2856F653B41,30-05-2012
723,Auf der Krone 53,,Bonn,53,53131,0xE6100000010C899F46BE30594940E413481FDE701C40,2689B36D-BC77-41FF-8B63-662F6AB1F253,30-06-2012
724,Winterfeldtstr 5557,Kreditorenbuchhaltung,Münster,70,48001,0xE6100000010C00000000000000000000000000000000,1C11586B-2FE5-4F83-AA6F-47FAD4E6AFEE,31-07-2013
725,Alte Landstr 776,,München,20,80074,0xE6100000010C00000000000000000000000000000000,1A0C711F-5C49-4AC1-90DA-2C3EF1D80C02,30-06-2013
726,Kurfürstenstr 574,,München,19,80074,0xE6100000010C7BF907AFC4184840328312D748222740,B80EDAC6-7658-4E4E-8319-C484A97DAB56,31-07-2013
727,Königsteiner Straße 9,,Bad Soden,19,65800,0xE6100000010C08E34468920C4940E20858F4C0072140,28EEE379-560F-4C02-9258-B7D7A36A91F3,30-06-2013
728,Werftstr 4400,,Sulzbach Taunus,70,66272,0xE6100000010C00000000000000000000000000000000,D7B3A4F3-C400-4F3C-8017-F4AB40505756,30-08-2013
729,Hans-Rosenthal-Platz 4223,,Grevenbroich,8,41485,0xE6100000010C00000000000000000000000000000000,05863153-6870-4D19-B201-5D24EF261EB6,30-06-2013
730,Nonnendamm 63,,Berlin,53,14197,0xE6100000010CB62E2CC3BF404A40AD15848316832A40,E24AD592-7A61-4EF1-9739-BB001646F2FD,31-07-2013
731,Berliner Platz 45,,Offenbach,70,63009,0xE6100000010C00000000000000000000000000000000,3DF8E408-6DEE-4610-9184-6A9A2718749F,30-05-2013
732,Brunnenstr 422,,Frankfurt am Main,20,60082,0xE6100000010C18013E0D3A034940CD7A4B3561792140,504016F6-C53B-4749-99F3-36913A55E7A7,30-05-2013
733,Rotthäuser Weg 511,,Stuttgart,70,70511,0xE6100000010C00000000000000000000000000000000,F7252B89-F4B0-45B0-944C-EC9CBA370E72,31-07-2013
734,Am Karlshof 8200,,Hamburg,19,22001,0xE6100000010C00000000000000000000000000000000,602788D5-9F1E-4817-9B2E-5A31BF1A710E,30-05-2012
735,Holzstr 6444,,Salzgitter,19,38231,0xE6100000010C00000000000000000000000000000000,E91BF8F1-1707-4295-A556-9778207130E9,31-07-2013
736,Am Grossen Dern 982,,Hamburg,20,20354,0xE6100000010CBB6270920BCD4A4036064463EEFD2340,AB628F86-4F66-4BA4-B3FD-37BDC5478D4F,30-05-2013
737,Conesweg 49,,Kiel,70,24044,0xE6100000010C00000000000000000000000000000000,54D6A33F-9A4C-4C8E-9AAF-28DCA5348900,30-06-2013
738,Krönerweg 9249,,Hannover,53,30601,0xE6100000010C00000000000000000000000000000000,03A6179F-3CD9-4DC4-AEC9-D16430456A25,31-07-2013
739,Auf Der Steige 1000,,Berlin,20,14111,0xE6100000010C00000000000000000000000000000000,49EF5E23-BB43-4888-832C-CBED8FCF9F0B,30-06-2013
740,Wallstr 244,,Saarbrücken,70,66001,0xE6100000010C515FB6CC849F4840DF4F0403D1061C40,A33AFDEF-51B8-4F3E-BC57-92C00B70074C,31-07-2013
741,Roßstr 9938,Verkaufsabteilung,Eilenburg,85,4838,0xE6100000010C88C661A552C149408A7334C77D542940,3D26058C-6A4B-40E1-A826-4DCF058A7F28,30-05-2013
742,Pappelallee 19,,Dresden,19,1071,0xE6100000010C00000000000000000000000000000000,3D692AC6-EEEB-437B-B9FE-A592EB161260,31-07-2012
743,Karl Liebknecht str 399,Leiter der Abteilung,Berlin,19,14111,0xE6100000010C00000000000000000000000000000000,2B49E000-8A79-4996-BE90-A960C9935D06,30-10-2013
744,Brunnenstr 9511,,Berlin,70,14197,0xE6100000010C04954D86153D4A40A595B61179CC2A40,7F600594-A6F6-4B92-8D4B-74C1BB0B166C,31-07-2013
745,Knaackstr 7,,Paderborn,20,33041,0xE6100000010C00000000000000000000000000000000,954FCABE-4E8C-4DEF-AF3D-0E8E044F37E4,30-06-2013
746,Alderstr 1849,,Braunschweig,53,38001,0xE6100000010C00000000000000000000000000000000,6E11E024-FC2A-4F11-B582-6295FA8C3B4A,30-05-2013
747,Kurfürstenstr 74,,Poing,70,66041,0xE6100000010C00000000000000000000000000000000,F7D6AB55-2F4F-4F11-A9F4-A8C5FCBD4B05,30-05-2013
748,Königsteiner Straße 449,,Leipzig,53,4139,0xE6100000010C00000000000000000000000000000000,73F13B53-24EE-4647-8FCD-8D4FFEC02235,30-06-2013
749,Buergermeister-ulrich-str 3000,Buchhaltung,Augsburg,8,86150,0xE6100000010C583255CA31344840D1FA4C10B7C82540,7AE0617B-717D-466C-8C64-46AA3B21CAB2,31-07-2013
750,Postfach 55 00 00,,Frankfurt,8,91480,0xE6100000010C83EE92EF8CD248406064117096162540,E8D5700C-A722-4D67-9AC0-CAF2EC6C019A,30-05-2013
751,Helsenbergbogen 6,,Ascheim,20,86171,0xE6100000010C00000000000000000000000000000000,025D5B50-6F16-428A-8999-2D07413E8EF1,30-06-2013
752,Buergermeister-ulrich-str 9500,,Augsburg,20,86171,0xE6100000010C00000000000000000000000000000000,6B2AA06B-DD76-4A86-A637-0EFE4D066AE3,30-06-2013
753,Erftplatz 22,,Sulzbach Taunus,70,66272,0xE6100000010C00000000000000000000000000000000,275DF185-8920-48D8-A434-0BC105678369,30-06-2013
754,Viktoria-Luise-Platz 475,,München,53,80074,0xE6100000010C00000000000000000000000000000000,E38CE484-CCF7-42BB-A5D6-690B2FAF8846,30-06-2013
755,9920 Picketts Line Road,,Newport News,75,23607,0xE6100000010CDECAACE6569842401D0DEE42C21F53C0,B143C876-1461-4CD6-AA26-07E30AB6787F,31-05-2011
756,855 East Main Avenue,,Zeeland,35,49464,0xE6100000010C42D725F64E60454037C31168948355C0,7CC420B7-B43C-4E40-98ED-6C10CEC91C54,01-07-2011
757,2532 Fairgrounds Road,,West Kingston,65,2892,0xE6100000010C61232339C0C14440BEBC91358EE351C0,3A55E848-B10E-4CC4-9E5F-D20BE0EA650D,30-05-2013
758,6900 William Richardson Ct.,,South Bend,25,46601,0xE6100000010C4B4D6D545CE2444041E0EC71F48D55C0,4B243132-3E76-478F-972E-DDD813404423,01-07-2011
759,99 Edgewater Drive,,Norwood,30,2062,0xE6100000010C9B35145994134540950FB574FBC751C0,6AC61D51-9179-4866-A397-EEF974F60CB1,31-07-2013
760,Attn: Accounts Payable,44 Main Place,Melville,54,11747,0xE6100000010CE8C3FD41856644409E27CA72B25552C0,A184BE58-0E1D-4022-BA9B-7E30E41860BB,01-08-2011
761,225 Hyde Rd,,Farmington,11,6032,0xE6100000010C90CD0AE185E044407D4C0501C93B52C0,73E14C8F-86AB-420C-BAAA-DE965946F79E,30-06-2013
762,6 Cotton Road,,Nashua,46,3064,0xE6100000010C89FB3ABA525E454045AB5318CDE251C0,3109472C-D076-4C5E-820C-BA592408BE8F,31-07-2012
763,5998 E Lorain,,Oberlin,55,44074,0xE6100000010C0027A7678CAD4440E3020C2C979154C0,2015B82D-D8DA-4320-99BC-B13D47235348,30-06-2012
764,Corporate Ofc A/p,123 Fourth Ave,Chantilly,75,20151,0xE6100000010CA3EA4F1C7276434008162169FA6353C0,2A1343C7-52C5-4487-9A65-A8D27DF73672,31-07-2012
765,58 Teed Drive,,Randolph,30,2368,0xE6100000010C56CE17A1F61A454053FFC0FBA7BE51C0,64F8FECA-BE6E-4B56-B08E-0B07535A09FA,01-07-2011
766,63 Badgers Island West,,Kittery,33,3904,0xE6100000010CA8F2D7D2A586454001EE75B35FAF51C0,05FE719D-D454-4C1A-BDE6-C5A674D93A39,30-06-2012
767,9963 Tresser Blvd.,,Stamford,11,6901,0xE6100000010C8531887BEB82444045D2C97A2D5C52C0,9C27C691-ECE2-4A66-BC73-ABB7EC5400DA,30-05-2012
768,P.O. Box 9005,,Endicott,54,13760,0xE6100000010CA416AD50E20545400491459AF80753C0,3B35ECD1-0A60-49A7-BCE9-C7EA83DBD21B,31-10-2011
769,Saltonstall Parkway,,East Haven,11,6512,0xE6100000010CDCD586FBD09F44406B91358E113E52C0,25B7EB6A-CAF8-45E5-9A89-9DC8877B9A90,01-08-2011
770,123 Union Square South,,New York,54,10007,0xE6100000010CEF85DA7D4558444099FB5F7FFC8552C0,CEC2AD79-89D2-43A7-BA8C-FB2B11BDC170,01-07-2011
771,42522 Northrupp,,Fort Wayne,25,46807,0xE6100000010C83C390334F8044409772840A4F5155C0,851C4FAE-9D9B-4FC5-8C02-3F454AC4ED9A,31-05-2011
772,675 East Ave.,,Warwick,65,2889,0xE6100000010C1F331F72A4DB444018B450AE09DB51C0,748E4869-44F2-4F85-812E-D2669156910F,01-10-2011
773,77993 Mentor Ave.,,Mentor,55,44060,0xE6100000010CC3D4DEFFF2D844408B901ACFAC5854C0,D85F173E-633E-46BA-8D8D-6C65396D641A,31-07-2013
774,9920 North Telegraph Rd.,,Pontiac,35,48342,0xE6100000010CAB823BB17E53454059033662A5D954C0,7BC77B2E-ED84-443A-BD50-F67718DEA95D,01-08-2011
775,46460 West Oaks Drive,,Novi,35,48375,0xE6100000010CA570908D823945403D649BAD71D854C0,D0614A62-08E0-4F83-AC72-51F58170B653,31-07-2012
776,997000 Telegraph Rd.,,Southfield,35,48034,0xE6100000010C6A0088E0C643454001E6734558D354C0,F0159341-8CDB-4587-BC74-95FFB9E7D662,01-10-2011
777,25850 Post Road,,Westport,11,6880,0xE6100000010C58A220B2FC904440335EC8C78D5D52C0,5E1B60BA-83B6-4F8A-BB44-6B22E989ED25,31-08-2011
778,9975 Union St.,,Waterbury,11,6710,0xE6100000010C90A592F014C0444033F9EDE0274252C0,38BD6640-3A4B-4966-8D15-6C8EBA063400,01-08-2011
779,7505 Commercial Dr.,,New Hartford,54,13413,0xE6100000010C9E4B1C4EEE924540A839B55DDADB52C0,06FF4C5A-5027-400E-9CE9-DE60C1D5A61B,30-06-2012
780,89950 Castleton Corner,,Indianapolis,25,46204,0xE6100000010C500047D926F243406B0D230CE38555C0,A172A445-427F-4E6C-A2B4-1368E9D41DC3,30-05-2012
781,99200 Dixwell Ave.,,Hamden,11,6518,0xE6100000010C6F0F475B3DB54440BE0A0351713F52C0,6AA2AA5E-5EEC-4C33-A266-81DD88289A6D,30-06-2013
782,630 Oldgate Lane,,Milford,11,6460,0xE6100000010C9339CC4DBB964440DCDB76E6504052C0,6965B855-F95C-4C78-847D-DF52BC211CF8,31-08-2011
783,25264 E. 260th,,Euclid,55,44119,0xE6100000010C9700C74CF1C54440AB2180BCFD5C54C0,5A5A7901-E353-4FE2-B385-E559ED273DB1,31-05-2011
784,225200 Miles Ave.,,North Randall,55,44128,0xE6100000010C05D2B321E2B54440EC347254D55E54C0,96C48808-811D-4450-A166-2BE3BE7C2FDF,01-07-2011
785,399700 John R. Rd.,,Madison Heights,35,48071,0xE6100000010C401042DA13474540792BCF2AA9C354C0,7B234147-CD95-45E8-A1D5-711FE6A33DAC,01-07-2011
786,6789 Warren Road,,Westland,35,48185,0xE6100000010CBFBF8D3C902B4540E07D6269E5D254C0,90B0CF86-70E1-45D8-B6FD-0E1804A734C2,30-10-2012
787,42500 South Franklin Street,,Michigan City,25,46360,0xE6100000010C33B2C78717D54440D2A5160565BC55C0,5A400073-5EE4-4C94-BD37-213026441E4B,30-05-2013
788,2533 Eureka Rd.,,Southgate,35,48195,0xE6100000010C0B1474E00B13454079CCE47DF2C954C0,7EF698FA-908E-42BB-8A2D-C62F5106323A,31-07-2012
789,250000 Eight Mile Road,,Detroit,35,48226,0xE6100000010C3E38AA1A82234540E206C1EFD6C654C0,66255753-B1B9-49C0-AB1D-1DE8217D5142,30-06-2012
790,6405 Erie Blvd. Hills Plaza,,De Witt,54,13214,0xE6100000010C05F5931F798845405B58423D010A53C0,3D4337E6-BC3A-435D-9660-4DC681B20F20,30-06-2012
791,Great Northern Mall Hwy4 & Rt. 31,,Clay,54,13041,0xE6100000010C55BBA22E7CA145405C4612CAD30C53C0,373E90A8-5447-4D2B-89EB-3A0750EC7684,31-07-2012
792,250 E. County Line Rd.,,Indianapolis,25,46204,0xE6100000010C79E008F76FD34340AA10A13A6B8755C0,B8850148-8A3D-47C0-B7BD-7B8C7F9FA599,01-07-2011
793,6225 Glenway Ave.,,Cincinnati,55,45202,0xE6100000010C6D73637A229043409284EA8E182355C0,B8F8E86F-120D-4440-B284-E6C594C08924,30-06-2012
794,998 Forest Road,,Saginaw,35,48601,0xE6100000010C03A716C84EB345400C220E4915FF54C0,01094C1B-2D79-402D-8106-9E80FBD57DC8,30-06-2013
795,99800 Tittabawasee Rd.,,Saginaw,35,48601,0xE6100000010CA90440675FB245402F41F5BECEFC54C0,34D6D2D5-FEEC-40B8-97B5-CCEB89164305,30-06-2012
796,25192 Princeton Rd.,,Springdale,55,45246,0xE6100000010C78E201B413A54340BEDA4313CE1A55C0,AE16485F-193B-4078-9435-F78364625F39,30-06-2013
797,678 Eastman Ave.,,Midland,35,48640,0xE6100000010C33DC2516BDCF454012E2467D7A0955C0,986DE66F-74E6-4830-A2AD-9212EFB77B76,31-07-2012
798,New Castle Plaza,,New Castle,25,47362,0xE6100000010CE80354C739F4434067144276FB5655C0,9084606D-AE76-4D2F-8685-5334CB744041,30-06-2012
799,Woodbury Commons,,Central Valley,54,10917,0xE6100000010CD10A044518A14440A6E68F19A08952C0,AAFCD8D8-C0CE-4706-9B82-B1CAACCC4F8F,30-06-2012
800,Indiana Factory Shops,,Daleville,25,47334,0xE6100000010C7AF4D3A1861044403623AEB0D16955C0,F48E6000-6190-4CAB-BE01-D433436FD581,30-05-2012
801,Horizon Outlet Center,,Holland,35,49423,0xE6100000010CB8D04B86A66545408D6E3555CE8755C0,DC15BA52-B66C-4C5F-BDAF-1713E8C54B46,31-05-2011
802,Washington Square Ii,,Indianapolis,25,46204,0xE6100000010CB04D1DF32EE843401DC3C5EB118655C0,24929526-597B-49C2-B5AE-7DFF9B67C0B7,01-07-2011
803,Regency Hilltop Shopping Cntr,,Virginia Beach,75,23451,0xE6100000010C82375E0F81744240532E5532500053C0,C1B1CDBA-1B94-445A-AEB6-F904106223E7,30-06-2012
804,Ames Plaza,,Saugus,30,1906,0xE6100000010C2909DF0AB7394540A0737F5995BA51C0,CA7868DD-0D16-4963-AFDB-0980626A600E,30-06-2012
805,The Corner Shopping Center,,Falls Church,75,22046,0xE6100000010CAB283BCD026B4340424F2FE1F24F53C0,AD131E7D-820B-406C-AC02-4D8E43BDD03A,30-10-2013
806,Horizon Outlet Center,,Monroe,35,98272,0xE6100000010CFA16A3018DE24740E5DB36E5D86E5EC0,A986C31B-4B63-4925-AAFD-B95260D5D586,30-06-2012
807,Leesburg Premium Outlet Centre,,Leesburg,75,20176,0xE6100000010CAD7FE3C237984340CDBADB63456553C0,54F6FA82-5762-4C27-B0FE-5A30E06C57B2,31-05-2011
808,Tree Plaza,,Braintree,30,2184,0xE6100000010C9383E673FF1F45407E9C85C04EBD51C0,AA3194AB-00CD-4959-90F8-BDDE84BE54A3,31-05-2011
809,Granite State Marketplace,,Hooksett,46,3106,0xE6100000010C2B2AFFB9348D45401E4A715A38DD51C0,A269F785-065E-40F1-AC78-63019070FD5E,01-08-2011
810,Redford Plaza,,Redford,35,48239,0xE6100000010C1EF2332098384540B1D167D96FCC54C0,43E988F4-B82D-4424-A59F-43DD81F9016B,31-05-2011
811,Walnut Hill Plaza,,Woonsocket,65,2895,0xE6100000010CDC8FD36FCEFE4440088EA34CE4E251C0,E9D3FA39-E1BC-437B-812E-F953319A620B,30-06-2013
812,Consumer Square,,Cheektowaga,54,14227,0xE6100000010C7062F4EEBB704540C3D259034CAA53C0,38790622-A0BC-4A81-BFCE-E1B113C2BC81,30-06-2013
813,Adirondack Factory Outlet,,Lake George,54,12845,0xE6100000010C2B4DFBD513BA454087CD7EDC036852C0,2C491B06-B290-4B1C-85AF-54750EDD4BE0,31-07-2013
814,Buckeye Factory Shops,,Burbank,55,44214,0xE6100000010C513C0CEF9A804440CC9C1537EF7854C0,0474CC61-17D1-451F-AD12-DE16BF2D8EB0,30-06-2012
815,Wrentham Village,,Wrentham,30,2093,0xE6100000010CAF859A3AA8034540F600A45BB6D951C0,90AA8532-8956-4E3B-95A3-5B4F0455957E,31-07-2013
816,Lake Region Factory Outlet,,Tilton,46,3276,0xE6100000010C112E9E0C92B0454079C8B447BEE851C0,C1A76C6B-F358-4731-9214-AD74A6C6819E,01-07-2011
817,Cherry Grove Plaza,,Cincinnati,55,45202,0xE6100000010CE4BF048FD490434097FB7DE3191E55C0,65666EA2-D3E4-4A45-B61E-D500B63C7C09,01-08-2011
818,Johnny Appleseed Shop.center,,Mansfield,55,44903,0xE6100000010CEE8327A77B5F44404A86B6F9919A54C0,0F678EC5-BE45-4CD1-B529-63D24A9705AF,01-08-2011
819,Spring Meadows Place,,Holland,55,43528,0xE6100000010C7AEC0B56EFCE44408E76DAA69BF354C0,5A34E393-2622-4DA0-BD94-2161BFD25CCA,30-09-2013
820,Westside Plaza,,Nashua,46,3064,0xE6100000010C46A14B67B56445402DA0CF70ABDA51C0,227614F2-C18F-41A9-8B84-D8D76371C6FB,30-05-2012
821,Stateline Plaza,,Plaistow,46,3865,0xE6100000010C0DAFE4EE986F4540D6F6BC5C0EC451C0,E89C0BBF-369B-44EC-8643-AAF9392913BB,31-05-2011
822,Pyramid Mall,,Ithaca,54,14850,0xE6100000010CB1410417E83F4540874AD476A72453C0,3DE89BD2-6A57-465F-9598-451582ADD8C1,31-05-2011
823,Logansport Mall,,Logansport,25,46947,0xE6100000010C8769A1C6B6614440CFE39D1D929155C0,ACEEFF3A-CB3F-407F-BBFC-E0A2B30657E6,31-07-2012
824,Dansk Square,,Kittery,33,3904,0xE6100000010C49BC38690B8D4540C13096D566B551C0,F720E7AB-46AF-4E74-AAE8-DE217854994C,30-06-2012
825,Port Huron,,Port Huron,35,48060,0xE6100000010C21001822427A4540339B93A2EFA454C0,A1CADF47-C018-40CC-8381-6CC940DE46C8,31-08-2011
826,Kensington Valley Shops,,Howell,35,48843,0xE6100000010C433A0877B75145403CFCC3A61F0155C0,C2D04D48-EF2B-4349-877B-EA6DF9895079,30-05-2012
827,Polaris Town Center,,Columbus,55,43215,0xE6100000010CE75CF6E7E2FC434092163DFDB6C554C0,04595A6D-4825-4035-8E2E-3E9DD6C52911,30-06-2012
828,Green Acres Mall,,Valley Stream,54,11580,0xE6100000010C1FD3B7F1034E444047F4CD30CC6F52C0,BC852CF2-A05F-4973-BAD1-C3A12B912C01,30-06-2012
829,Connecticut Post Mall,,Milford,11,6460,0xE6100000010C1DA7454B1B9B44403E5D73E1FA3D52C0,B9ACC80F-4795-49FC-AFFB-4F178EE73958,01-07-2011
830,Indian Mound Mall,,Heath,55,43056,0xE6100000010C9D84A5E4E20944401AB5D59EE78F54C0,92D50980-2A3B-4F09-B966-CEFEDE1CBE84,30-10-2012
831,Amity Plaza,,New Haven,11,6510,0xE6100000010CEAC69CCAF1AD4440B10C6D041F3D52C0,9B0D186C-61E0-453B-9F37-7A8E03194F6B,30-05-2013
832,2251 Elliot Avenue,,Seattle,79,98104,0xE6100000010C82807A086AD4474058EDD9F4299A5EC0,6D6A8E1A-FFD8-4D2D-A70D-88467049A880,01-07-2011
833,3207 S Grady Way,,Renton,79,98055,0xE6100000010C11342614DFC24740F0C5FBC04F975EC0,4E670A74-8ACE-44C8-91ED-76CBA7190BC2,30-06-2012
834,99300 223rd Southeast,,Bothell,79,98011,0xE6100000010C5755A5215CEE4740A21F841102935EC0,D505AEA8-B89A-41ED-90A9-44D4179EFF77,28-02-2013
835,259826 Russell Rd. South,,Kent,79,98031,0xE6100000010C796ACFF06AAF47404E44C45C30955EC0,5D3832B3-72DD-4A9B-A596-8293D4037C18,01-08-2011
836,35525-9th Street Sw,,Puyallup,79,98371,0xE6100000010C17B35F9F1B994740821DFB9A1A955EC0,77232D41-48BB-4C8D-8323-5581753E9531,31-07-2012
837,640 South 994th St. W.,,Billings,40,59101,0xE6100000010CBEA486C2B6CA46409D45A0F5350E5BC0,4E75AD15-557E-4C4D-9AEB-68A9718B412A,31-07-2013
838,25300 Biddle Road,,Medford,58,97504,0xE6100000010CDC8E3DA7A62A4540A9D7907BAFAC5EC0,349CBAB0-E4E3-40B2-AC50-3EA087110F8B,31-07-2013
839,Gateway,,Portland,58,97205,0xE6100000010C2D3F2FCBC5BF4640D412FDB672B15EC0,3A56B180-70CD-42FE-A19C-F62B5037AA3A,30-06-2012
840,Great Northwestern,,North Bend,79,98045,0xE6100000010C5DBC5EFDE2C24740F633B51448605EC0,1EF6E60F-3582-4298-A7AD-195BE59BA7B7,01-07-2011
841,Washington Square,,Portland,58,97205,0xE6100000010C0EC5AD2F0AC14640805BACCCB6B55EC0,7B5AE329-FB7C-4A2C-B33C-827920ACACDC,01-10-2011
842,258101 Nw Evergreen Parkway,,Beaverton,58,97005,0xE6100000010C92B6C884B1C04640E901D6C145AC5EC0,EB5A214A-15A1-4E25-B405-DC0EF9907874,01-08-2011
843,253950 N.E. 178th Place,,Woodinville,79,98072,0xE6100000010C0B288D1BF0D84740A9CFC2D0A28F5EC0,E75A2222-D636-4494-A314-2125EE2336F8,01-08-2011
844,755 Nw Grandstand,,Issaquah,79,98027,0xE6100000010C988887F52DBD4740F73F30C840805EC0,0E8578F8-21F7-482D-8DD8-8AA52F68F70A,31-07-2013
845,22571 South 2500 East,,Idaho Falls,23,83402,0xE6100000010C018AFF2220BF4540FDC1918867185CC0,1E5743C8-B8F7-4A65-B812-0302FFCB9D0E,30-05-2013
846,257700 Ne 76th Street,,Redmond,79,98052,0xE6100000010C305B9FEEFBCF4740D959197930905EC0,E606AD23-F6D4-4AA5-B177-7D03D62B0187,30-06-2012
847,25102 Springwater,,Wenatchee,79,98801,0xE6100000010CB2224AB3A1BE47401BE511BED0185EC0,F84F402F-9BD5-432E-A1D6-F284A6DFFA29,30-04-2012
848,Bldg. 9n/99298,,Redmond,79,98052,0xE6100000010CEB81660ED7D147404191F8B503865EC0,F8EF420D-B3C8-48B1-A237-4A7D2DAD987E,01-07-2011
849,4251 First Avenue,,Seattle,79,98104,0xE6100000010CC9EADE0A09D0474089B8852362915EC0,A077368B-26BF-41B7-B35F-FC380092E6B9,31-05-2011
850,558 S 6th St,,Klamath Falls,58,97601,0xE6100000010C7B9A85C996204540397719D0FB6C5EC0,329894AB-0142-4D9B-9851-2DA2F6DC95E3,31-07-2013
851,994 Sw Cherry Park Rd,,Troutdale,58,97060,0xE6100000010C927517AC61C146400ABA76CFA5985EC0,FCDE15FF-85D3-4136-9FB6-EA493F39605E,01-07-2011
852,25718 Se Sunnyside Rd,,Clackamas,58,97015-6403,0xE6100000010CB920E161CCBE4640348811236BA85EC0,E85AC59F-59B6-4ED2-9436-FCDB78959B80,30-06-2013
853,567 Sw Mcloughlin Blvd,,Milwaukie,58,97222,0xE6100000010CA4309BD3D1B146408CD3822F81AD5EC0,055B060A-7DA2-455C-BCB3-A8DCEA4C5156,31-07-2013
854,490 Ne 4th St,,Renton,79,98055,0xE6100000010C02DBD1D82BBA47404893A76671985EC0,471190D7-86C1-48CD-985A-7046B1B89C3C,30-06-2013
855,15 East Main,,Port Orchard,79,98366,0xE6100000010CFB13955629CA474008D0F7260EA25EC0,09926325-7F83-427B-83D6-817DF7D70CE9,31-05-2011
856,3025 E Waterway Blvd,,Shelton,79,98584,0xE6100000010CBFAE8B22EF914740904FC0E5ACD45EC0,779D4F7D-C90C-4A8A-BF29-41613E8907EF,30-09-2012
857,7990 Ocean Beach Hwy.,,Longview,79,98632,0xE6100000010C4B14ACF9421C474071A7F454EEBA5EC0,873D03B3-E2EF-4B8B-ADD8-F237FDC7FE31,01-07-2011
858,2345 West Spencer Road,,Lynnwood,79,98036,0xE6100000010C2EC20579EEE14740264380C3D2875EC0,68AEB59D-0F79-4A0D-92EF-4D0C2BEB5821,31-07-2012
859,1050 Oak Street,,Seattle,79,98104,0xE6100000010CDDBBA6C603CC47406D2AE39AB98B5EC0,8CAAF6BE-9C88-466D-862C-AE7673E3D0F0,30-06-2012
860,4927 S Meridian Ave Ste D,,Puyallup,79,98371,0xE6100000010CBC9747031B9B4740441040E915895EC0,FF2BE5E9-7D22-4C1C-ACF8-199148E957AB,30-05-2012
861,25915 140th Ave Ne,,Bellevue,79,98004,0xE6100000010C7739B48E11C94740A891C16025855EC0,0D46F203-CDB6-4495-83F5-A97FF0CEC174,31-07-2012
862,3307 Evergreen Blvd,Ste 1071,Washougal,79,98671,0xE6100000010CE3A67FAA81C646402857491B07905EC0,0C81CBD2-96D3-40C1-97D4-056D776B7676,01-10-2011
863,2507 Pacific Ave S,,Tacoma,79,98403,0xE6100000010CEA7089E7B9964740D8967D77E4905EC0,FBAC273F-934E-474F-9CCB-F96CA9AE889D,01-08-2011
864,67 Rainer Ave S,,Renton,79,98055,0xE6100000010C12B32419A1C447408BB525E584845EC0,A2FC2F01-C6BE-4AF4-B718-2A86EB782E5F,01-07-2011
865,750 Lakeway Dr,,Bellingham,79,98225,0xE6100000010C56016CB8376648403F9DF5A0B5A15EC0,243020EC-84C3-417A-B34D-F7760FF130D1,30-05-2012
866,2528 Meridian E,,Puyallup,79,98371,0xE6100000010C0660A4D4DCA5474016A96114DC995EC0,5668E02C-16FA-4331-8603-29EE11417843,30-06-2013
867,48995 Evergreen Wy.,,Everett,79,98201,0xE6100000010CF750D90272004840278CDC64C1955EC0,6CD4E374-0EF8-4CEE-AC60-9DBF1F4E0007,31-07-2013
868,25111 228th St Sw,,Bothell,79,98011,0xE6100000010C6552336E16ED4740CA269230D0955EC0,40100C97-5097-43BE-9F44-ABD881220E8F,30-05-2012
869,2583 Se 272nd St,,Kent,79,98031,0xE6100000010CFE5BB687B1B54740698A688A1C975EC0,E13C4F18-990A-4B7D-9FC9-AFD0EA943B13,01-07-2011
870,409 S. Main Ste. 25,,Ellensburg,79,98926,0xE6100000010C340A40D16C864740E9CE1B4052225EC0,955E88EA-083D-446E-A856-42CB0692826A,30-06-2012
871,2502 Evergreen Ste E,,Everett,79,98201,0xE6100000010CAEC975B3DAF747408E1846767F8F5EC0,3AE9003F-F806-41AD-98A5-3C4A86514BC3,31-05-2011
872,755 W Washington Ave Ste D,,Sequim,79,98382,0xE6100000010CF6A03EC3EA0B484076043F6E9FCA5EC0,932514A1-04E4-4E95-B97C-0AD4C06B890E,30-06-2013
873,44606 N Division St,,Spokane,79,99202,0xE6100000010C07DE97EA4DD247400C34DCC0525D5DC0,3438AFB3-390C-48D5-8CCF-5438278D981D,30-06-2013
874,2550 Ne Sandy Blvd,,Portland,58,97205,0xE6100000010C6AA9F9371AC046405A679FB7CFA55EC0,14D5DDE7-C771-4819-9FF1-A4FAA66F0E7A,31-07-2012
875,2540 Dell Range Blvd,,Cheyenne,82,82001,0xE6100000010CBE6FB7BD489044403C1A366A7F2A5AC0,3AC8958A-76EE-41CA-8A88-2B783EA18ACC,30-05-2012
876,765 Delridge Way Sw,,Seattle,79,98104,0xE6100000010C45F1F18074C04740F91CF10E179B5EC0,CB1392F5-FCB9-4CF5-B4C9-33FAFB876C3D,31-05-2011
877,4781 Highway 95,,Sandpoint,23,83864,0xE6100000010C4215CEA7822D4840C8042CECC72C5DC0,49F0B458-40CD-4852-A936-8576070FCB96,30-05-2012
878,4210 E Sprague Ave,,Spokane,79,99202,0xE6100000010CD81CBE0174DB4740A6FAAF22CC4E5DC0,7C04CF1B-AD79-44D4-9611-381B2F094F96,30-05-2012
879,Valley Mall,,Union Gap,79,98903,0xE6100000010CB7A3E7EBBC464740190567B78D165EC0,860CB49B-5774-441F-B8C5-753CA50FA5E1,30-05-2012
880,S Sound Ctr Suite 25300,,Lacey,79,98503,0xE6100000010C1DBFE61D13884740521184EF1CBF5EC0,3A400497-1000-4D9F-BB8D-D9CBF00C2822,01-07-2011
881,Southgate Mall,,Missoula,40,59801,0xE6100000010CF3AA51A7716D47408436ABD7C8865CC0,3DED7F59-79A9-4034-98F9-F2A0B045D7AE,30-08-2012
882,Medford,,Medford,58,97504,0xE6100000010C3F4C842E382F454038D6D78C35B65EC0,DBC16BDD-C86D-4D5F-91F5-79FA000716FB,30-05-2013
883,Heritage Mall,,Albany,58,97321,0xE6100000010C128B69C2B55B464008C4035A5FD15EC0,CF9C1921-D741-4576-9D32-849E62D57698,30-05-2013
884,Lewis County Mall,,Chehalis,79,98532,0xE6100000010C8D2C9E4A264C47409110B6C115CB5EC0,2F91410B-2988-4E8F-BF01-8009C2F9ABBA,01-07-2011
885,755 Columbia Ctr Blvd,,Kennewick,79,99337,0xE6100000010CAA0DDDCB012347406B90D5EFBAC35DC0,F3B58620-4857-44A0-9C48-51F21C1CA0C8,31-07-2013
886,Lancaster Mall,,Salem,58,97301,0xE6100000010C68FAA6C3CB7B4640AC5B585AFCC35EC0,3513C4CD-96AF-4E5F-B3FF-32D268FB5F54,30-06-2012
887,Lewiston Mall,,Lewiston,23,83501,0xE6100000010CA7BB8B33DB2147402C8B777C86355DC0,4DDBACC9-7898-403E-856A-128E34245424,31-07-2012
888,Three Rivers Mall,,Kelso,79,98626,0xE6100000010C026E3E05F20F4740D2BA7326B9B65EC0,834AE73A-01A9-4850-9F8C-6DB5D1344AAD,30-05-2013
889,Eastridge Mall,,Casper,82,82601,0xE6100000010C163D1573408A4540C19DFB31F3965AC0,6D5C5880-2C83-4DF1-B8CE-46CFE9A9FFAC,31-05-2011
890,Holiday Village Mall,,Great Falls,40,59401,0xE6100000010C1952F466BFBB474061C1B4AD71D65BC0,5FE7C888-BB21-421E-9B8B-38DA8DA10085,01-10-2011
891,2526a Tri-Lake Blvd Ne,,Kirkland,79,98033,0xE6100000010CB5EA123F1DCE47409398F47B9C945EC0,EC34E865-D130-403F-A437-D92D7EF02F05,31-10-2011
892,Frontier Mall,,Cheyenne,82,82001,0xE6100000010C925530B3AB904440F99DFA8D4C355AC0,CB0A8223-FD82-4D26-B7C7-0C120E4EAFC5,01-07-2011
893,White Mountain Mall,,Rock Springs,82,82901,0xE6100000010C8A096D9CBCD14440E5F1E6CBE14B5BC0,9308A21D-AAE2-42E2-889D-2CD802072D36,30-05-2013
894,3390 South 23rd St.,,Tacoma,79,98403,0xE6100000010CDB482D2277954740183BCAD2E1A15EC0,E7979FA4-253C-41FD-B74F-2FEEC966A6B5,01-12-2011
895,3250 South Meridian,,Puyallup,79,98371,0xE6100000010CE80FE622998C474077ED243C07995EC0,3B2E6107-040B-4F60-8901-A950BF0562D4,31-05-2011
896,2255 254th Avenue Se,,Albany,58,97321,0xE6100000010C9C923D96B253464062C467118EC55EC0,77D18072-B99B-4B1E-A9B9-948FA927EFBB,31-07-2013
897,705 SE Mall Parkway,,Everett,79,98201,0xE6100000010C55ED851DEA074840F3B237DAD0905EC0,77A34652-5D9B-40B6-A15A-56D7EE4056F4,30-06-2012
898,700 Se Sunnyside Road,,Clackamas,58,97015,0xE6100000010CBACC682F59BE46404C86C1C3D5B05EC0,D88449DB-7116-427B-BFAF-CAE7C08DE084,31-07-2013
899,North 93270 Newport Highway,,Spokane,79,99202,0xE6100000010CED90C7539ADE4740ECA75D37555D5DC0,8AE1C168-958E-41DA-92D8-7A3A0765F744,30-06-2013
900,25708 Dell Range Blvd.,,Cheyenne,82,82001,0xE6100000010C99B077BF138D4440F55F71D0602F5AC0,9B10FE3A-A1FB-497E-8BC2-E84E8C2A77DA,31-05-2011
901,No. 60 Bellis Fair Parkway,,Bellingham,79,98225,0xE6100000010C115B2259B85C484075155AEF9A9A5EC0,8135B5DC-F7E9-401C-992C-93A058ADA079,31-07-2013
902,950 Gateway Street,,Springfield,58,97477,0xE6100000010C48C1BFA803054640595E75E719C15EC0,E8BEECAF-8668-4D53-97E8-405BC6978DEF,31-07-2012
903,250775 SW Hillsdale Hwy,,Beaverton,58,97005,0xE6100000010C53FFB51819C74640EDF507F1C6BC5EC0,AC8F33F8-4DC4-467D-B459-788D84749C5D,30-06-2012
904,9905 Three Rivers Drive,,Kelso,79,98626,0xE6100000010C467458C1E50C4740C1FFD13EE5B15EC0,01A85112-6EE1-4F2C-9212-1C2ABC612E67,30-05-2012
905,225 South 314th Street,,Federal Way,79,98003,0xE6100000010C1E7E081AC3A1474078A7EE523A995EC0,D305D73C-D595-4961-B870-0DCECB7C6EA9,30-09-2012
906,7009 Sw Hall Blvd.,,Tigard,58,97223,0xE6100000010C43537B796FB74640F42D1AD3B9B25EC0,B8EFDBFA-3BA9-45D8-9C09-646DD0C8AF93,31-07-2012
907,99295 S.e. Tualatin Valley_hwy.,,Hillsboro,58,97123,0xE6100000010C650D7587D7BD46408EC379BB71B95EC0,A0E88130-6262-4484-815E-E5C485BF3EAC,30-06-2013
908,79945 Corporate Center Drive,,Miami,15,33127,0xE6100000010C873E4BE23DCB3940576DF5B4490F54C0,A599F6F7-D81B-4303-BBC4-FCC68833AB3A,30-06-2013
909,3333 Micro Drive,,Millington,72,38054,0xE6100000010CA43431D336AE414060BDEB70C27356C0,CCC2D053-3C58-40DD-8AD2-8175F180A80B,30-09-2012
910,1 Corporate Center Drive,,Miami,15,33127,0xE6100000010C50B21549DDC9394026B469DE881954C0,401F5BB3-08C3-49B2-A3D0-E92EF3E3F294,31-10-2011
911,100 Fifth Drive,,Millington,72,38054,0xE6100000010C13E040CACCAF4140B1AD46C0557E56C0,DC3B445A-4CFE-476D-A299-0ABD7CC12827,31-05-2011
912,2525 Electrics Blvd.,,Huntsville,3,35801,0xE6100000010C81A75BBCD45C414036C6FAAE20A755C0,B921D1CF-AC62-4B78-9774-99FF67C59F90,31-07-2013
913,2550 High Street,,La Vergne,72,37086,0xE6100000010C12D0557469034240E726F4B30C9E55C0,30D28FFE-EF33-4B08-8189-299101F88C55,01-07-2011
914,Po Box 08050,,Nashville,72,37203,0xE6100000010C7B6A430B610F4240032F350897AB55C0,21B2E745-C20B-413C-9F81-FA30B5C8C091,30-06-2012
915,Po Box 2257,,Greensboro,42,27412,0xE6100000010CB8C18455E507424016FBCBEEC9F353C0,C0E2A948-4316-45B5-A590-BA7C412CEB2C,01-07-2011
916,One Equinox Way,,Sunrise,15,33322,0xE6100000010C560C59C1152C3A4036E971B99C0B54C0,C4843BA6-7F17-42CC-8E3A-C6BD15BB9FE7,30-06-2013
917,2561 Nw 8410th Avenue,,Miami,15,33127,0xE6100000010CE17B771152CA3940AD2ACD8FA00B54C0,34C2634E-451D-45BC-8EDB-1972D4DA535A,30-05-2012
918,8525 Nw 17th St.,,Miami,15,33127,0xE6100000010C0F7DA18602DB3940D594B9D4841154C0,5D1FC852-129A-4A23-A098-570E89F38BBC,31-07-2012
919,9876 Fruitville Rd,,Sarasota,15,34236,0xE6100000010C3D3561E263573B40846C595142A054C0,95CBBF6E-2F31-43CC-AD22-4D37A79FA15F,01-07-2011
920,42500 West Park Drive,,Atlanta,17,30308,0xE6100000010C3C43307ED3E74040EFC863425F1B55C0,F6C5C9E5-3E2B-4401-8297-0075DB41E136,01-08-2011
921,6055 Shawnee Industrial Way,,Suwanee,17,30024,0xE6100000010C95E11AEFBF08414066805607660655C0,7CB36A4E-F5C3-4B22-878F-FE1884C78D11,31-05-2011
922,Tom Morris,,Millington,72,38054,0xE6100000010C1139B186D2AA4140B74E32BA8E7456C0,336CE923-0826-4D98-BD11-A4FC3C2828D6,30-06-2013
923,C/O Arrow Electronics,,Memphis,72,38103,0xE6100000010C27C80B5DDD934140444B0824A98956C0,BAFE7905-9F48-49FF-A7EF-CA030609DD2A,30-06-2012
924,Park North Business Center,,Clarkston,17,30021,0xE6100000010C16F7E0DAD8E3404025D5C8EEA50B55C0,680E4390-4877-4B5F-9392-DAEBC67A353D,30-06-2012
925,23456 Calumet St,,Clearwater,15,33755,0xE6100000010CB7A9CD4A44FB3B4052580FEDB8BA54C0,0B60E995-E3FA-47AA-8C31-2B4944BF8877,30-08-2013
926,"6555 Quince Road, Suite 2025",,Memphis,72,38103,0xE6100000010C10DD1F6F7A834140C00F95464C7056C0,41B6E0E8-1E12-47E3-B92A-6326DD6CBD2B,01-08-2011
927,2025 Greenwood Ct,,Mcdonough,17,30253,0xE6100000010C8D1D0EE77CAC4040D65EF375651055C0,EFA9BC47-3FB3-4601-9646-C7B601BC247F,31-07-2013
928,83995 South Dixie Highway,,Miami,15,33127,0xE6100000010C51A8CFC22BBD39408B79CED1B31354C0,84591068-FF34-47ED-ADBB-9FD8C9E6BCE5,01-08-2011
929,39950 Airport Blvd.,,Mobile,3,36602,0xE6100000010C3F0A848B7DB73E4079636E90A91556C0,6551AA8A-60BA-40EF-827C-1575AFEB389C,01-08-2011
930,3990 Silas Creek Parkway,,Winston-Salem,42,27104,0xE6100000010C6FACCE1D8507424004AD9AA5F51954C0,5F689962-D8D3-419B-903C-5CF2F6D9286D,01-07-2011
931,956k North Wesleyan Blvd.,,Rocky Mount,42,27803,0xE6100000010C71759F9BB2F541409ED32CD0EE7353C0,6C1DB41E-33B3-4C11-8FCD-8D2E7BB3D380,30-06-2012
932,656 Cox Creek Pkwy.,,Florence,3,35630,0xE6100000010C8E8E0B4DE96C4140A51B8460A5EF55C0,4AAB7CCF-B2D5-499E-9006-595AD3258473,30-06-2012
933,25050 S. Columbia Ave,,Campbellsville,27,42718,0xE6100000010C179061F147A94240638C7711315655C0,56527411-9A83-40C5-B49F-9A76C782D60C,31-07-2012
934,2545 N.W. 107th Ave.,,Miami,15,33127,0xE6100000010C6310CAA66ECB3940D5653D88121654C0,CCD37DF1-EF66-4AC7-BAD5-655A5237D0BF,30-05-2012
935,8789 S.W. 2517 Ave.,,Kendall,15,33143,0xE6100000010CD042F26869A939401E3445EBF30D54C0,F2748334-6F22-41FC-AAA9-8A3B292983EF,30-04-2013
936,825 Coral Way,,Miami,15,33127,0xE6100000010C96CFF23CB8BF39400C42D1454D0D54C0,7E52EEC4-454E-4851-82E1-D80A15BB0448,30-06-2013
937,650 E Altamonte Dr,,Altamonte Springs,15,32701,0xE6100000010C5D47DB0374A83C402A3590F2E05354C0,73DF8296-CC10-47CA-B61C-EC37730A6360,30-06-2013
938,25631 Florida Mall Ave.,,Orlando,15,32804,0xE6100000010CA21B56C358773C40787D062DEF6054C0,73CC973F-D03F-438E-A9E0-0DE090BDF5F1,01-07-2011
939,770 South Point Dr,,Memphis,72,38103,0xE6100000010C27C80B5DDD934140FC33876FC78656C0,2F4A10B8-650E-4C17-AED9-F9B3357D36D5,01-08-2011
940,7725 Luddington Lane,,Birmingham,3,35203,0xE6100000010CD6949EC8D7BF4040FF1111D0D6AB55C0,0DD614CC-E758-41B7-A155-0A7E4DEC1569,30-06-2012
941,790 Shelbyville Road,,Saint Matthews,27,40207,0xE6100000010CA43E67AD26194340DB2EADBBDB6955C0,97109B89-A727-483F-97BE-CD5AE7C360D4,31-07-2013
942,4496 Barnes Crossing Rd.,,Tupelo,39,38804,0xE6100000010C2F64A09F392D4140BEF9422D983556C0,9ABDA420-3F7B-4607-8FAF-FE80F3E4F60E,30-04-2012
943,78025 E. Mercy Island Cswy,,Merritt Island,15,32952,0xE6100000010CF28E77F068503C40B85A93DCDB3054C0,7BBC18F2-BBA9-41BF-BD22-E6C59243BFE1,31-05-2011
944,574 Atlanta Highway,,Montgomery,3,36104,0xE6100000010CBE4C6520562C40400FE62C53289055C0,3CEA0BB0-41AB-4CC3-BAB1-004C833343D9,30-05-2013
945,5230a Hwy. 2553,,Hixson,72,37343,0xE6100000010C2E551E90499741402F8DE9F8945555C0,D528A24F-33DE-4275-B6E1-283CED474AA6,30-05-2013
946,25800 Gallitin Rd.,,Nashville,72,37203,0xE6100000010C3E1D3194EA0E4240C2EB501025B155C0,26BC269F-B8B1-4245-9839-637DAC2F554C,30-09-2012
947,830 Highway 499 So,,Mcdonough,17,30253,0xE6100000010C68C29DBFD6BB404091F13FDE9C0355C0,FEC017C0-16D9-4AE0-A7EA-AFE0A040030D,31-07-2013
948,99842 White Mill East,,Decatur,17,30030,0xE6100000010C3DDD43426ADD4040BEFF26F69C1055C0,59850126-C7F4-401F-A8A6-E0601E011DA8,01-08-2011
949,Turfway Retail Center,,Florence,27,41042,0xE6100000010C62D9766E048243401D4BEFEDEE2E55C0,06A74130-D1DE-4697-A2BF-7C0F9CAA662E,01-08-2011
950,25 Myrtle Beach,,Myrtle Beach,67,29577,0xE6100000010C4BDB3A566EC9404091E3E3DF7BBD53C0,CFC509FF-A2FB-43CC-98FD-F6DCCF4DDC9B,01-08-2011
951,Parkway City Mall,,Huntsville,3,35801,0xE6100000010C5A40A63CD4584140412DBD3EB2A255C0,22C05101-33DA-42ED-A94B-07D89B10D521,30-05-2012
952,Factory Stores Of America,,Crossville,72,38555,0xE6100000010C5ABAC66F02F1414073374E966F4055C0,49839BFC-1E1A-4D0C-A831-EA9EEE4835FC,30-05-2012
953,Fort Henry Mall,,Kingsport,72,37660,0xE6100000010C26EE20DA0143424048C8F9963C9D54C0,7F715EF4-9FF7-425D-8DF9-78777AB27245,30-05-2012
954,Carolina Factory Shops,,Gaffney,67,29340,0xE6100000010C09EA4632557C4140167D7E62236554C0,BCD96A95-D36A-4622-BF99-3EB054C31A4C,01-07-2011
955,Edgewater Mall,,Biloxi,39,39530,0xE6100000010C2EBCFBF2BA663E4017520F6D1E3A56C0,95ED46E7-F8DF-4DC1-911A-FA09B82233C3,31-05-2011
956,Highland Lakes Shopping Ctr.,,Orlando,15,32804,0xE6100000010CC23B240F469E3C4078771DD4A75F54C0,52AF06E8-92A0-4E62-B861-07C1066DDABE,30-05-2012
957,Grand Central Place,,Somerset,27,42501,0xE6100000010C08642E24448B4240A0949AA6461655C0,F60F965B-D0B5-43EB-BFA7-5DEA3C419A6E,30-06-2013
958,Silver Sands Factory Outlet,,Destin,15,32541,0xE6100000010C7EFE017D5D6D3E40AE7D6C5962A055C0,FA38B84C-6AB5-4A2D-ADAB-DD7165D63D11,31-05-2011
959,West Georgia Commons,,La Grange,17,30240,0xE6100000010C6C9ABD37B48640402EED6AB69F4F55C0,C9AF9BE1-E888-476C-8265-DD666C51ED87,30-08-2013
960,Peachtree Mall,,Columbus,17,31901,0xE6100000010CCB5F2ABABD3F404062DC20688E3D55C0,1F7801BA-C6F1-4405-85EE-DA246E707D6C,30-06-2012
961,University Plaza,,Tampa,15,33602,0xE6100000010C2181867C70ED3B40BD79C0E441A054C0,AC5BDAF5-6800-49A4-92AE-F3F61A14F87D,31-07-2013
962,Flagler Park Plaza,,Miami,15,33127,0xE6100000010C19E73B468ED53940B215AAB2531354C0,B8353617-EFD1-44B6-9DDD-33D40D5D4AE0,30-05-2012
963,Market Square Shopping Center,,Lakeland,15,33801,0xE6100000010CBF248C32A4113C40084EE551937854C0,4AAFEB7A-81EB-47EA-88CB-96624890B9F9,01-10-2011
964,Fsa Outlet Center,,Nashville,72,37203,0xE6100000010C94A7FA347C1A42407AA86C18B3B655C0,E9562DD7-6524-4235-A214-D6FE049CC9B5,30-06-2012
965,Newport Shopping Center,,Newport,27,41071,0xE6100000010CECB160FD898C4340972212BA611E55C0,548396E4-22A7-4AC6-9222-06F2E6685801,30-06-2012
966,Factory Stores Of America,,Smithfield,42,27577,0xE6100000010C9C52769B49BE414061FFAC152A9653C0,E2860D23-07DB-4DC8-952F-0067AFFECE6E,30-06-2012
967,Peach Festival Outlet,,Byron,17,31008,0xE6100000010C66342B393A5740407FBE368A2BF554C0,9EDA0D1B-1DA7-4CFF-B688-47907197A0FD,31-10-2011
968,Belz Factory Outlet,,Orlando,15,32804,0xE6100000010CEE01F1C7F4963C40A207B562925D54C0,8721A49D-C7B9-4B30-87D7-23186D656B60,30-05-2012
969,Horizon Outlet Center,,Vero Beach,15,32960,0xE6100000010CEE207F3A719A3B40AF035E14381754C0,17165186-67E6-4122-B206-FFBC133E3F39,01-10-2011
970,Hilton Head Factory Outlets No. 25,,Bluffton,67,29910,0xE6100000010CFCB492D15D244040C077F643583B54C0,11F4E4E8-CABA-4B5A-991A-909ABCFF61AF,01-07-2011
971,Bay Area Outlet Mall,,Clearwater,15,33755,0xE6100000010C45CAF16ED2033C405035AA5F0EB354C0,1CEDF0C5-CCB0-4408-A7A6-E1687F969E69,31-05-2011
972,Gulfport Factory Shops,,Gulfport,39,39501,0xE6100000010CC42AA5C221653E40D7F99957CB4856C0,8A517D32-6A42-43C2-AB09-2A968C748B30,01-07-2011
973,Belz Factory Outlet,,Pigeon Forge,72,37863,0xE6100000010C563DC7DB5DE541404695927A02E054C0,5D6F1A8E-6822-448B-BABD-262C323F3D14,01-08-2011
974,Savannah Festival Outlet,,Savannah,17,31401,0xE6100000010C89F9552A110F40401BBD6575AA4C54C0,FD10D567-F690-44EE-BF26-DE9C57568C07,01-07-2011
975,Mall Of Memphis,,Memphis,72,38103,0xE6100000010CBC8EEBCCD883414063FCFEDFE57256C0,34B12E29-BD89-4B14-836F-4D81479E06B8,01-08-2011
976,Foothills Mall,,Maryville,72,37801,0xE6100000010C9268F6E0DEDA41409CEA0A1E400155C0,560538C6-C09F-4656-B86F-BDD24E67120D,01-08-2011
977,"Dadeland Mall, Space 25090",,Miami,15,33127,0xE6100000010CC8E7E7B0FFC83940B3EDDE6C380F54C0,B92E36DD-566B-4C53-A111-6B834B568967,31-05-2011
978,DeSouth Square,,Bradenton,15,34205,0xE6100000010CAA4CDD69007D3B401C3471D19FAA54C0,5273463E-6E4C-4848-871E-0E798FE07165,31-07-2013
979,32525 Hollywood Blvd.,,Hollywood,15,33021,0xE6100000010CA2D47F06940C3A40FD7FD5B5950554C0,C6AF7B50-00B0-42E1-9E1C-436305796097,01-07-2011
980,7700 Green Road,,Raleigh,42,27603,0xE6100000010C38D7ECFBC3D241405A8CC255E8B153C0,F39AAA6E-B578-405E-9020-48D645FB3156,31-07-2013
981,20500 S.W. 2512th Ave,,Miami,15,33127,0xE6100000010C4A6EDE02A0CD3940AE02024A850754C0,F4747936-94F3-4DF4-A6B6-486DEA627893,30-05-2012
982,9935 Robert C Daniel Jr Parkway,,Augusta,17,30901,0xE6100000010CB2C02F539BBE40409A8A8980BB8954C0,D8221D9D-6FA4-4A6B-B771-7CCC24B71342,31-07-2012
983,99535 Dallas Highway,,Marietta,17,30060,0xE6100000010CA317CD7482F2404003F6D939882655C0,7BD788AA-B00C-436F-BEE8-79249CAC4D57,31-07-2012
984,254075 Biscayne Blvd.,,North Miami Beach,15,33162,0xE6100000010CC4548082B1F439401EC6BF595C0654C0,9F5FE462-34D0-47EC-B953-F7843B172214,01-08-2011
985,42525 Austell Road,,Austell,17,30106,0xE6100000010CF2E33C8EEBE940403C9D64CABF2355C0,55CD3096-BE2A-45D7-A2F6-0028A3C020B9,31-05-2011
986,6333 Cloverleaf Parkway,,Kannapolis,42,28081,0xE6100000010CA51745310FB54140009B21BC582354C0,4245CD10-5265-4CBF-9545-3FE6284D1267,29-01-2014
987,8520 University City Blvd,,Charlotte,42,28202,0xE6100000010C38D8C9BFE3A64140C6AC9D581B3554C0,F5692923-ACB0-41CA-9E70-1E774CADBC2B,30-06-2013
988,482505 Warm Springs Blvd.,,Fremont,9,94536,0xE6100000010CC3BC5ECDC9C142404F450CC71F7F5EC0,CD6D22B0-D941-4928-B6F7-1508021E6539,31-07-2012
989,39933 Mission Oaks Blvd,,Camarillo,9,93010,0xE6100000010CC77ED6EFF71F4140A6C1C5E095C65DC0,8B1241CA-1DB6-4F9D-861E-1D6CC3796443,31-07-2013
990,5420 West 22500 South,,Salt Lake City,74,84101,0xE6100000010CE4044F72DE5B444009D232232A025CC0,7612C47A-E24A-4BD8-9B8B-3AED15AF64F9,30-05-2012
991,60025 Bollinger Canyon Road,,San Ramon,9,94583,0xE6100000010C32173233D7E44240B212AED2B5785EC0,962A4D00-C5AA-41CC-B7BC-2AFBE2FA65B8,31-07-2012
992,9992 Whipple Rd,,Union City,9,94587,0xE6100000010C31B38A6068C742403DF6D1C1F08E5EC0,88258A1B-B50F-440F-93B9-5D7AF831D5FC,31-07-2012
993,Corporate Office,,El Segundo,9,90245,0xE6100000010C29D2BF38D8EF40405B775976239B5DC0,6CCCC74F-6389-4D08-8ED1-9079B42CF7AE,31-07-2012
994,25001 Montague Expressway,,Milpitas,9,95035,0xE6100000010C77B548400FB84240D6679C74AB765EC0,89901B2A-FDA8-4926-B22C-DD5D583681A6,30-05-2012
995,4460 Newport Center Drive,,Newport Beach,9,92625,0xE6100000010C5866AC9C35C84040BCAD963D3D785DC0,D6B9E9E9-F288-4590-BE12-8DDBB5E53BC2,30-05-2012
996,2575 West 2700 South,,Salt Lake City,74,84101,0xE6100000010C6E9ADC36AF544440AC180B5B4CF85BC0,708FC1DD-4994-4AA5-80A5-8C977C37AA15,30-06-2012
997,70259 West Sunnyview Ave,,Visalia,9,93291,0xE6100000010C4497C3A5F12542406CD48C5685D35DC0,7C2E0511-DE61-4761-80EA-6A7B2F39E524,31-07-2013
998,60750 San Clemente,,Hayward,9,94541,0xE6100000010CB2747D1801C94240124DA15E0D885EC0,822DC2BE-AAC2-4283-93A6-5027CFB6A7DF,31-07-2013
999,Receiving,,Fullerton,9,92831,0xE6100000010C47CB4845F2EA404079A10C358C7F5DC0,93D3C32F-CC26-4F27-B91F-35A804554976,31-07-2012
1000,22555 Paseo De Las Americas,,San Diego,9,92102,0xE6100000010CA43F3589854540402D8AD214E8385DC0,982BDCC2-6429-4725-A6DF-4FAF032EC908,30-06-2012
1001,Incom Sports Center,,Ontario,9,91764,0xE6100000010CF394FC4D2D034140E8F958CDD7645DC0,079E5DE8-169F-4EB6-BE75-813B40A0143E,01-07-2011
1002,"C/O Starpak, Inc.",,Greeley,10,80631,0xE6100000010C7DA8C98DF33144405F902BC655255AC0,512BD07C-7ED7-421B-923F-D41999BD5BD7,30-06-2012
1003,5967 W Las Positas Blvd,,Pleasanton,9,94566,0xE6100000010CE6BFB78D28DD424061BFF79C937D5EC0,6B26292F-1EBE-41CE-9A3E-FF42D3C10A44,30-05-2013
1004,25600 E St Andrews Pl,,Santa Ana,9,92701,0xE6100000010C492143ED9DD64040D666B9CD6A805DC0,489390E0-48C0-4BB4-A5DC-38C4B39EA833,01-08-2011
1005,6756 Mowry,,Newark,9,94560,0xE6100000010CADFBC74274C242400D51EBD86D7A5EC0,CFB5ED2A-43FE-4102-8413-73C74DACC79E,30-06-2012
1006,25472 Marlay Ave,,Fontana,9,92335,0xE6100000010C72319223FFFF40405A850500E5685DC0,90C5F983-B302-4F6C-9D8A-BFB9E1BFF406,31-07-2013
1007,77 Beale Street,Room 99767c,San Francisco,9,94109,0xE6100000010C5DBF125F5CE342402FB2102166A05EC0,5122F535-C03E-4244-90C8-5D360C0C4CC4,01-08-2011
1008,910 Main Street.,,Sparks,52,89431,0xE6100000010C456A225096CD4340DFECD5532EEA5DC0,F12C6F58-6095-47D4-9FA0-21A639B90DB9,30-06-2012
1009,2500 N Serene Blvd,19th Floor,El Segundo,9,90245,0xE6100000010C6EF0205D47F0404016EDFCAA038F5DC0,7619E3BD-780B-45B1-A477-8FC3E0948352,30-06-2013
1010,5650 West 88th Ave.,,Westminster,10,80030,0xE6100000010C7C33024ABCF343402A8D956A78465AC0,BD7FA7A0-4CBE-442A-A5E5-E5E2B79214EC,30-06-2013
1011,9700 Sisk Road,,Modesto,9,95354,0xE6100000010C3F86942F2DDB4240682B15B59A485EC0,FB563347-C157-43B3-A7E4-A851495DF874,31-07-2012
1012,789 West Alameda,,Westminster,10,80030,0xE6100000010CE6BEC51026E243409638D9A3233F5AC0,73BF97F3-E4E3-402D-8609-7839AEBAA947,31-07-2012
1013,54254 Pacific Ave.,,Stockton,9,95202,0xE6100000010C3F93201D1CFC4240C1FE28F4485F5EC0,7B82A39F-D175-4543-8F6F-AE6FE9C34A99,30-06-2012
1014,25136 Jefferson Blvd.,,Culver City,9,90232,0xE6100000010C494E98EC02FE40406724360561A15DC0,05196D3F-F726-4AB9-A66B-AF87500846AD,31-07-2012
1015,99000 S. Avalon Blvd. Suite 750,,Carson,9,90746,0xE6100000010C4027581E55E7404046A5C8E022915DC0,206163D9-0324-476D-909E-607FE07B2A2A,01-07-2011
1016,72502 Eastern Ave.,,Bell Gardens,9,90201,0xE6100000010C0B614838DEF94040280ACBDB978D5DC0,06431D74-4CAF-442C-870E-EFC20F9D45B8,31-07-2012
1017,2560 E. Newlands Dr,,Fernley,52,89408,0xE6100000010CD27160006BC74340F1813A8FFBD75DC0,5D07C55B-9E6A-49DE-8F49-04F28AD2F36A,01-08-2011
1018,630 N. Capitol Ave.,,San Jose,9,95112,0xE6100000010C5CD2BE197BB4424085650C2D1B705EC0,ACEB7A03-C8E6-43F6-94F2-266E571BD413,30-05-2013
1019,4660 Rodeo Road,,Santa Fe,48,87501,0xE6100000010C6F4EB1D9AAD7414004B5C2CCB7865AC0,4FE824C1-F1BC-48B6-A4FD-6B866D0D07C8,31-07-2013
1020,251340 E. South St.,,Cerritos,9,90703,0xE6100000010CF64BDF5CD1F240404D5166634C805DC0,BA72737A-0827-46A8-AF5B-971FD8464A87,01-08-2011
1021,440 West Huntington Dr.,,Monrovia,9,91016,0xE6100000010C8BCFC06F531641400C0DE208447E5DC0,2AE4D8C2-6D11-4945-A032-430DC8CE5B1B,31-05-2011
1022,99235 Hawthorne Blvd.,,Torrance,9,90505,0xE6100000010CF0DBB5BE31E140401DA4D6AD079E5DC0,52724CD9-1DC9-4D28-9B89-C404692C0B73,31-05-2011
1023,870 N. 54th Ave.,,Chandler,6,85225,0xE6100000010C652DD18E38A240405E0CCCA7AAF45BC0,26D3A3EC-3D51-493E-A541-A0CC80B54F35,30-05-2013
1024,9952 E. Lohman Ave.,,Las Cruces,48,88001,0xE6100000010C546B0D3C402340408285D3DAACB85AC0,42AF4B56-ECE2-4595-929D-FB60DB1392D9,31-05-2011
1025,2530 South Colorado Blvd.,,Denver,10,80203,0xE6100000010C4024873DE9D34340C7EB346825345AC0,012EF479-5DAD-4009-B456-24E47CA1F472,01-08-2011
1026,955 E. County Line Rd.,,Englewood,10,80110,0xE6100000010CDDDBB74C06CD43401CEF2B62DA3A5AC0,17A96F13-8658-4F02-A557-2BC4463ADE21,31-07-2013
1027,409 Santa Monica Blvd.,,Santa Monica,9,90401,0xE6100000010C03C8DB91FB024140AE82AFDFC0A55DC0,58D58E3E-BF3E-4E0C-8F96-1717821E3516,31-07-2012
1028,Mall Of Orange,,Orange,9,92867,0xE6100000010CDBAC066121EB4040C8E21A3A34745DC0,8D9B75CC-90C4-4E15-B69C-891126386BA6,01-07-2011
1029,Topanga Plaza,,Canoga Park,9,91303,0xE6100000010CD72EF8AA3F174140088D74D7E89E5DC0,0B945127-9C6F-47A1-80E4-2FB0E057FA55,30-05-2013
1030,Escondido,,Escondido,9,92025,0xE6100000010C95A1D5813B8F4040217A01A6113D5DC0,E5B6618D-A92B-4DA1-BA99-316BABFFF7DB,30-06-2012
1031,Natomas Marketplace,,Sacramento,9,95814,0xE6100000010C1AD8DC071C454340134E13D83B595EC0,27AF5ED8-D33A-4FB2-9C55-D5CDD5017CD4,30-06-2012
1032,Simi @ The Plaza,,Simi Valley,9,93065,0xE6100000010C37913C6EA1214140FE3D5444FCBB5DC0,8E4A379F-F6D6-4995-AA19-6DB50325D0FE,01-07-2011
1033,Lakewood Mall,,Lakewood,9,90712,0xE6100000010CD34FFE72A5F240405E89CF7850835DC0,D28C7FEF-9EA3-458F-A2B9-11964C3CC60B,30-05-2013
1034,Oxnard Outlet,,Oxnard,9,93030,0xE6100000010C840507FFE02041403CAF2C079DD65DC0,300D2A6E-67B4-417B-83A9-2026818A21C6,31-07-2013
1035,Vista Marketplace,,Alhambra,9,91801,0xE6100000010CBA3233219A0A4140EF84DC7439875DC0,7795FCDF-76C3-4627-86B2-0291398868DE,31-07-2012
1036,Sports Store At Park City,,Park City,74,84098,0xE6100000010CC918E594BD5A44405A3FA24930DE5BC0,A04EC332-1120-4AC3-837E-97EFC40636B2,01-08-2011
1037,North County Square,,Vista,9,92084,0xE6100000010CD3673CDD4B9F4040FAF57A1DA44F5DC0,5A794553-877E-4977-8E76-DE38AA064EBD,01-08-2011
1038,123 Camelia Avenue,,Oxnard,9,93030,0xE6100000010C87481188CE164140EF5AE23353D45DC0,A86C8140-AD7D-4CAA-9B40-4006BD9998E2,31-07-2013
1039,Mountain Square,,Upland,9,91786,0xE6100000010C96AC788C270841406D59500B9A625DC0,8F1BDC33-0BFB-41D0-BB85-71AAFE6126E7,31-07-2012
1040,Fox Hills,,Culver City,9,90232,0xE6100000010C791386D62400414005C1C0D2E1965DC0,5042B0A9-D10A-4F99-9F6F-50F96DEFA226,01-07-2011
1041,Parkway Plaza,,El Cajon,9,92020,0xE6100000010CB00174D8036B404092C2B09028405DC0,C0FDC154-D2B5-480D-A5DA-4E0D6B5D750C,01-10-2011
1042,Stonewood Mall,,Downey,9,90241,0xE6100000010C8B904B210DFF40409228791E40895DC0,D1D79211-AEC3-424D-A279-AF1D01DA3EC2,01-07-2011
1043,Hanford Mall,,Hanford,9,93230,0xE6100000010C33945A17B22D4240A681BEF47BEE5DC0,F4F57D92-1839-49F4-A491-63F43215AAF1,31-10-2011
1044,Ontario Mills,,Ontario,9,91764,0xE6100000010C8829685D6A0A414025D104AFEE6B5DC0,C66B86D8-BDFC-4161-9CBF-9A46D5F57B91,30-05-2013
1045,Nut Tree Factory,,Vacaville,9,95688,0xE6100000010C38C4D028323D4340679DCD78138B5EC0,EB58EEBB-3F55-45D1-9702-EDDACCD687E2,01-07-2011
1046,Rocky Mountain Pines Outlet,,Loveland,10,80537,0xE6100000010CC0723409F734444064DB26736C515AC0,518E7219-193F-4D72-90C9-E82F201AFBE4,01-07-2011
1047,Stevens Creek Shopping Center,,San Jose,9,95112,0xE6100000010C1B82490DF8A94240525D6416EA705EC0,0E6F74F0-9128-4688-9007-6395D6C6F4C4,31-07-2012
1048,Factory Merchants,,Barstow,9,92311,0xE6100000010C319F71948E6D41402DC8F948574C5DC0,470574F9-6A06-43DC-A4B9-DE3C8D88B0E6,01-08-2011
1049,The Citadel Commerce Plaza,,City Of Commerce,9,90040,0xE6100000010C25D0413462FA4040C5749EF30E905DC0,42CD575B-22A1-42E0-93BB-D8EE998E4FB7,01-08-2011
1050,University Town Center,,San Diego,9,92102,0xE6100000010C85160B6DC85F4040B509448B31455DC0,6D9EBB03-5C5A-4A20-8910-12D894591727,01-08-2011
1051,Pavillion @ Redlands,,Redlands,9,92373,0xE6100000010C95AC302D30FD404093C6B2D6A5465DC0,B2F0F099-DDD2-4AB6-90AF-972D72186937,31-08-2011
1052,San Diego Factory,,San Ysidro,9,92173,0xE6100000010C0AF9B618684B40402D8DCF5785475DC0,8C3CFF8C-3A5D-419A-8DD8-3349C29AA3FD,01-07-2011
1053,Pacific West Outlet,,Gilroy,9,95020,0xE6100000010CD032871FED88424075830FC3185A5EC0,DE6463D5-42D9-4D34-AC99-4AAA19FAB3CA,01-07-2011
1054,Belz Factory Outlet,,Las Vegas,52,89106,0xE6100000010C20D8981A0D174240B263CB3D82C95CC0,0E75E01F-76D4-4420-BEB7-0033F16DEA62,01-07-2011
1055,Camarillo Athletic Stores,,Camarillo,9,93010,0xE6100000010CB7705E0D0E174140EFBC59D0F2CE5DC0,30E691F7-1D06-4DF7-AEDF-627AD911A770,01-07-2011
1056,Lake Elisnor Place,,Lake Elsinore,9,92530,0xE6100000010CB33C94BB87D04040AE654748F6585DC0,596345C5-0BE2-444D-BA93-D109713BC0B6,01-07-2011
1057,Norwalk Square,,Norwalk,9,90650,0xE6100000010C9FB618F002FA4040B1E063F2AA845DC0,CCCE93BE-AB0B-4211-8407-5BE45034534C,01-08-2011
1058,Riverside,,Sherman Oaks,9,91403,0xE6100000010CA22AE48DAE104140C17E594E509B5DC0,A26100F0-511F-45A2-879A-FF365794FCF5,31-07-2013
1059,The Quad @ WestView,,Whittier,9,90605,0xE6100000010C73C7CFBB1FFA404064BF48294B795DC0,2215F750-1863-4AFF-926D-DE309C298DE9,30-05-2013
1060,Arcadia Crossing,,Phoenix,6,85004,0xE6100000010CDDC165FBB8B64040C49CABAB8EFC5BC0,CC91297C-567B-4186-96C8-2BA6F0875E73,30-05-2012
1061,Eastern Beltway Center,,Las Vegas,52,89106,0xE6100000010CA27DB0AB831742409F974B7E59C45CC0,84603598-F6D4-4E26-9B9E-6A468365D4D8,31-10-2011
1062,Factory Stores/tucson,,Tucson,6,85701,0xE6100000010C25FBC08F201E4040E22AD19FC6BE5BC0,C15ECA9A-6054-40E4-8D09-D4341AABCE2D,01-08-2011
1063,Viejas Outlet Center,,Alpine,9,91901,0xE6100000010C052913C94D6C4040B8C29A4861295DC0,4F8EC2C2-71D6-4B7F-BCC7-808E17696373,31-07-2013
1064,West Park Plaza,,Irvine,9,92614,0xE6100000010CCE10254929DA404097EF2007F0805DC0,365914CE-CBB2-429B-A2D8-24638FCF17FC,01-12-2011
1065,Factory Stores Of America,,Mesa,6,85201,0xE6100000010CBE7945F40FBC4040E99084DA94FC5BC0,1B96D3A3-ED06-482F-A813-7136E5AAA57D,31-07-2012
1066,Prime Outlets,,Phoenix,6,85004,0xE6100000010CF09358796FB84040AFF0981EC0085CC0,BD687691-297F-4B72-9465-C8DBD0F8E2EE,01-08-2011
1067,Bayshore Mall,,Eureka,9,95501,0xE6100000010CBF986EA1C46B444042CFBA13E0015FC0,001D1A67-585C-44B2-AAC6-1199AFD7425F,31-07-2012
1068,7709 West Virginia Avenue,,Phoenix,6,85004,0xE6100000010C01FD51B84AB94040AFF0981EC0085CC0,B8184C93-A8DE-4321-B381-1BABC7088D60,30-05-2012
1069,6900 Sisk Road,,Modesto,9,95354,0xE6100000010C7D119F6A5AD64240A24D51226F3B5EC0,60110399-EDF3-4C06-AC87-1D9856E9D2E3,31-05-2011
1070,3250 Baldwin Park Blvd,,Baldwin Park,9,91706,0xE6100000010CBE6CF24D97034140845739164E855DC0,957EC59C-7A7D-438E-9014-20FBEB807E99,01-07-2011
1071,5867 Sunrise Boulevard,,Citrus Heights,9,95610,0xE6100000010CBCFB2ADC15534340621D13557B545EC0,A64FC10B-61F7-4102-B076-E9CB77E9EC8F,30-09-2012
1072,6500 East Grant Road,,Tucson,6,85701,0xE6100000010C04D5FCB55323404098E0E3327FC05BC0,B9265D45-3FED-4B7D-AEEA-00D0E54B3CC7,31-07-2013
1073,3065 Santa Margarita Parkway,,Trabuco Canyon,9,92679,0xE6100000010C73CD44D3A5D040403F8E0C7D21655DC0,C5C0801F-F124-4A5E-B8BA-0ACE3BF0F993,31-05-2011
1074,9920 Bridgepointe Parkway,,San Mateo,9,94404,0xE6100000010C408CB157C6C0424000BA5C286E9B5EC0,C346981B-2093-474A-9BC0-54CE2E0E4A94,31-05-2011
1075,5525 South Hover Road,,Longmont,10,80501,0xE6100000010C68EBA59FD61444401C05E78D51425AC0,E5FA71B3-685A-4D11-BC0C-E4AA69CD4DED,30-05-2012
1076,8525 South Parker Road,,Parker,10,80138,0xE6100000010C38CAA5029BC9434058EAE6AB813B5AC0,D4F4AB28-5F27-4F89-A0D6-5FCEA394BB47,01-07-2011
1077,7505 Laguna Boulevard,,Elk Grove,9,95624,0xE6100000010C6A69DAFC393443406492FC05355C5EC0,B6213E39-9DA3-4423-8756-0B195ED95FB4,01-10-2011
1078,9909 W. Ventura Boulevard,,Camarillo,9,93010,0xE6100000010CF41568E4E3174140A65F8DB830C15DC0,0A911F46-295E-4485-A9D8-90DFCC0C9223,30-06-2012
1079,25150 El Camino Real,,San Bruno,9,94066,0xE6100000010CF810FDE81ACE42403E745F42659F5EC0,9F1BC24E-66F2-41E2-94A2-D1001C050BB4,01-08-2011
1080,2575 Rocky Mountain Ave.,,Loveland,10,80537,0xE6100000010C92CDE8562E3044405C79D5BBB2405AC0,BCC0867E-CB4E-4852-994E-03ABED8C95AB,30-06-2012
1081,25871 North Main Street,,Walnut Creek,9,94596,0xE6100000010C47127BB761F24240E7AAE0EAB6805EC0,A00218D5-482D-44C2-8CD0-6F65AF8642D3,30-06-2012
1082,2551 East Warner Road,,Gilbert,6,85233,0xE6100000010C15BECD64D1B24040773FEC782AEE5BC0,D88AFBDA-B59B-496E-BA6D-B3B2356574FF,30-06-2013
1083,22589 West Craig Road,,North Las Vegas,52,89030,0xE6100000010C0AC1CB5B271E4240D2F66D15AFC15CC0,A4C2EFE6-17E5-4DD5-9BED-6743405627E7,30-03-2013
1084,25751 University Drive,,Vista,9,92084,0xE6100000010C421918D400974040AA9F0E08604E5DC0,BD3035F6-4018-4E4C-8D70-6DD3F4FE8EB4,30-03-2013
1085,49925 Crestview Drive N.E.,,Rio Rancho,48,87124,0xE6100000010CFB8C29AA31A64140AD1B4E7A56B15AC0,3A1F16CF-6889-40B2-B067-7D044A8C7D42,01-08-2011
1086,57251 Serene Blvd,,Van Nuys,9,91411,0xE6100000010CA5EA309A961241400682EDBEEA9E5DC0,7DF3A412-F2B3-4ABB-88E1-21D4677F1311,31-07-2013
1087,253731 West Bell Road,,Surprise,6,85374,0xE6100000010C6725EB066DD34040AFA085469C175CC0,4BA77E6A-4A47-4BFE-8AEB-DBFEA179795D,30-06-2012
1088,99040 California Avenue,,Sand City,9,93955,0xE6100000010CDDD10CF9A15342409B4B428A9F725EC0,A18799A1-342A-4B6C-A63C-8E4E2C07F734,30-05-2013
1089,25620 Firestone Boulevard,,Norwalk,9,90650,0xE6100000010CAE608166A4F2404035E4E931817F5DC0,31A07731-18FF-4100-8319-B4704F414497,30-05-2013
1090,25130 South State Street,,Sandy,74,84070,0xE6100000010CC95CCCCE1F4B4440650A52F0B7F45BC0,CF3AE92A-3E66-4AF0-B683-731826E89CD1,31-07-2013
1091,5500 Grossmont Center Drive,,La Mesa,9,91941,0xE6100000010CB07FB10F325F40407AF0CB12DD3C5DC0,24F1DBC4-7FDC-4EDB-B3CB-640F9FB72534,01-08-2011
1092,99700 Bell Road,,Auburn,9,95603,0xE6100000010C248267981E7243403B85DE3227445EC0,79CDD89C-3C91-48DB-8277-46D04AAD7251,31-07-2012
1093,7750 E Marching Rd,,Scottsdale,6,85257,0xE6100000010CEFCF6C4FABB44040ABA48C954EF65BC0,F181458A-B5A3-4944-B7B1-73DCAD67C14E,30-06-2013
1094,25250 N 90th St,,Scottsdale,6,85257,0xE6100000010CE75D196D78DE404093193DA8DCFA5BC0,3E024D96-B7D3-4622-AB9B-0724B91B7832,01-08-2011
1095,9980 S Alma School Road,,Chandler,6,85225,0xE6100000010C32D7E7B357A24040DEDF948942FB5BC0,B09B3F8E-89F2-4528-9578-53CBCF805B4A,31-12-2012
1096,6753 Howard Hughes Parkway,,Las Vegas,52,89106,0xE6100000010CD6D0723A4E0942409806CD9343C45CC0,30C83112-A09F-4E26-9AD7-4FD6C10FEC4E,30-08-2012
1097,Corp Ofc Accts Payable,,El Segundo,9,90245,0xE6100000010C508A797DD4F94040028CCC8659975DC0,5F6D242F-DDA3-462C-BEC1-097C63913176,01-08-2011
1098,Po Box 252525,,Santa Ana,9,92701,0xE6100000010C453D95B9D6E540409A92C3C1E8705DC0,7D2BD572-F8AB-435A-A47B-3A534D7D9CDC,31-07-2012
1099,62500 Neil Road,,Reno,52,89502,0xE6100000010C706AD11791B7434039244EB501F55DC0,BE51F10F-1A66-46E6-8154-9FE01597769C,01-07-2011
1100,4635 S. Harrison Blvd.,,Ogden,74,84401,0xE6100000010C0593F2C5A4914440865872D6DDF45BC0,BE4DFEEF-CB1C-4AF8-B517-3214C7C1F311,31-07-2013
1101,825 W 500 S,,Bountiful,74,84010,0xE6100000010CC297B75CD86944403975CB40F0EF5BC0,2E6D7491-E0A8-4C79-98CE-BAC61A07FB25,30-08-2012
1102,603 Gellert Blvd,,Daly City,9,94015,0xE6100000010CE886400B50D242409C192FEC98975EC0,A8DCAD62-8678-458C-87EB-E2C2E550FF80,31-10-2011
1103,2564 S. Redwood Rd.,,Riverton,74,84065,0xE6100000010C8691A87F353F4440E3C4ADFF3D035CC0,E299E96D-63CB-4ACC-9BFD-5F0C23AE5820,01-10-2011
1104,9927 N. Main St.,,Tooele,74,84074,0xE6100000010CD38FF0F4194844403E7071F633105CC0,CE0FA600-8761-402C-A6C0-84FB6244984B,01-07-2011
1105,566 S. Main,,Cedar City,74,84720,0xE6100000010C474532D853D442409827D882CC445CC0,C16F92AB-817F-42D1-A560-BC0F86FE2783,30-05-2012
11380,165 North Main,,Austin,73,78701,0xE6100000010C94212031DB3A3E4020A10CBA196658C0,412E3088-1FB8-4A1F-B3A8-ABB23A4F01C1,30-05-2012
11381,2000 300th Street,,Denver,10,80203,0xE6100000010C0EBDF5297DE04340645015D4303C5AC0,A9DBB460-A624-4E6A-AA22-311EE18F6746,01-08-2011
11382,99 Front Street,,Minneapolis,36,55402,0xE6100000010C262059C70A7A46405E4DFA05965857C0,878660A8-A9FE-4EF8-8D2D-53C614C6F042,01-07-2011
11383,1010 Maple,,Baltimore,32,21201,0xE6100000010C59FA019DC4AD434017695CBF421A53C0,6D3E3068-8792-4567-8D57-018B062D924B,06-04-2014
11384,500 35th Ave NE,,Los Angeles,9,90012,0xE6100000010CC3F3C878200D4140097E6848F1925DC0,35DF6920-D4E9-47CB-9851-6E0AA1B4ED6E,14-03-2013
11385,9 Olive Way,,Seattle,79,98104,0xE6100000010CA50BCE4D94C54740B91032204A9C5EC0,ABBE790A-4971-498B-94F0-A3DB85E22984,13-11-2013
11386,1234 Seaside Way,,San Francisco,9,94109,0xE6100000010CD112C650FFEB424070AFA4D239965EC0,260E72A0-BF75-4377-BF47-8BD12CF34EB5,26-04-2009
11387,5678 Lakeview Blvd.,,Minneapolis,36,55402,0xE6100000010CF6DA1C0F1A824640736C8F63645757C0,FDF8FE8A-10CB-410D-8607-1ACBFDDD9F73,28-11-2007
11400,Marienplatz 50,,Hof,8,95010,0xE6100000010C4C157CBE0A2449405F9ED73540CD2740,930320C6-76B6-4797-AD7C-CA5E317016D3,28-06-2014
11401,"8, rue de l´Avenir",,Drancy,179,93700,0xE6100000010C8C702A1C587E484025CAAC9F908B0340,7F668DD6-61A7-492D-8B7C-2C0FE4AA1A53,21-12-2013
11402,2356 Shady Ln.,,Burbank,9,91502,0xE6100000010CBAEFFDB5451441409EA2E0C9C38D5DC0,83AD0418-0248-459F-B222-23BBA46DD218,11-02-2014
11403,"76bis, boulevard du Montparnasse",,Orly,180,94310,0xE6100000010C26C29826D9584840CBFC56F941270340,D3CE354F-14B6-4EDE-BA34-628C5CE8DA9C,21-12-2013
11404,Auf Der Steige 6,,Neunkirchen,70,66578,0xE6100000010CE2D7F17683A548406F9FF8D45A711C40,D6DA2FD7-E7A0-48F0-AF23-451D6A0B7A3E,21-01-2013
11405,"5, rue des Bouchers",,Orleans,131,45000,0xE6100000010C6343FE2DFDFA4740A079AB31A39CFE3F,9DA8DBCE-F036-473D-A5FC-CE3B8ABBEB93,21-12-2013
11406,4006 Sunny Ave.,,Hervey Bay,64,4655,0xE6100000010C7B220390905539C0B8A37E3CEC1C6340,74A56EF0-63E7-45C3-ABFF-BF19FEE5904A,14-05-2014
11407,Winter der Böck 254,,Salzgitter,19,38231,0xE6100000010C00000000000000000000000000000000,727BBB08-545A-45CB-AB51-A6D8AE573871,13-10-2011
11408,9965 V. Street,,Oxford,14,OX1,0xE6100000010CE31492B5CEE04940126B186B5D24F4BF,59ED32D4-E558-45DF-B772-DFA8C8497998,20-01-2013
11409,5840 Delta Fair Blvd.,,Colma,9,94014,0xE6100000010CA3FACA0D16DE4240CD3A3A44CC955EC0,6241B5CB-6F55-4F3F-830B-7C584F59BC14,04-09-2013
11410,Buergermeister-ulrich-str 90,,Leipzig,53,4139,0xE6100000010C00000000000000000000000000000000,95DAB278-C23A-4236-A234-1467E6175815,17-11-2012
11411,4746 Clear Court,# 61,Matraville,50,2036,0xE6100000010CBA272B5BAEF540C02C50642A9FE66240,EFE97386-FF0F-4267-A4D1-416C277FE63B,20-04-2012
11412,3708 Montana,,Cheltenham,14,GL50,0xE6100000010CF3B479C3FBEA4940E76C0BB6C3A500C0,ECBB66F4-922E-4487-B9AE-CC5711A9F4A0,01-04-2013
11413,3378 Coldwater Drive,,Matraville,50,2036,0xE6100000010C7724F09F1D0041C05BFF25765DEE6240,72F397A0-E828-4D10-88D7-58FB484300F1,16-12-2011
11414,6463 Landover Ln,,Hervey Bay,64,4655,0xE6100000010C30B0CA2CF85239C0C37DF1ED1E146340,80B3D090-3C6C-4465-9841-22B03B47E34E,20-07-2012
11415,Dunckerstr 55,,Paderborn,53,33098,0xE6100000010CADDA2D8DE6DC49403967B71477822140,F4114109-9BBF-4380-9489-7C399237FEC4,13-05-2013
11416,8206 Green Valley Road,,East Brisbane,64,4169,0xE6100000010CF08FDEB1C9713BC0E5B7D3D6E01E6340,0D6568FC-3AF7-4C67-9A24-31131704C280,20-08-2013
11417,4304 Dos Rios Drive,,Ballard,79,98107,0xE6100000010C82282E5B32CE47404E5EA0DEE3A15EC0,9CCEFF27-0E52-4D95-B2DE-D8ECB608485F,06-10-2013
11418,8138 Golf Club Road,,London,14,SW1P 2NU,0xE6100000010CBCD21F2D22C14940C563C7706D93C1BF,DD59CC88-539D-4150-80D6-B353461B24E6,17-07-2012
11419,673 Noah Court,,Port Orchard,79,98366,0xE6100000010C3383540E9EC947400547B9D092AE5EC0,712BC70F-4DF4-4012-82DB-A0D271B54851,27-11-2011
11420,9621 Alamo Court,,High Wycombe,14,HP10 9QY,0xE6100000010CB6EB6B667ED049402331B682AB43E6BF,04BBE237-76B9-4941-BBE2-E48EBB4C3EB4,05-12-2013
11421,82 Mt. Dell Dr.,,Silverwater,50,2264,0xE6100000010CB23159C9C68B40C04552A23210EE6240,5B743336-CBF8-42AF-AE45-11344EDAC6CC,15-05-2014
11422,Zimmerstr 466,,Saarlouis,70,66740,0xE6100000010C4DB0E2740FB0484084ADEFD699071B40,3A0FFF76-3A9F-490D-89DC-F04D5F57544C,26-03-2012
11423,6432 Maywood Ln.,,Goulburn,50,2580,0xE6100000010C3D36E302BA5141C09AAD84708CB66240,3F132CFD-C759-4196-8B94-253527598CB5,19-05-2013
11424,5287 Race Road,,Brisbane,64,4000,0xE6100000010C68424B8CCF733BC0B90648A22C226340,DB78AC68-B6AD-4C2F-96FE-EC9B79269DC9,12-07-2012
11425,6828 Benedict Court,,Burlingame,9,94010,0xE6100000010C3464E964C0C942405FD9012E11985EC0,FC167225-348C-4E49-81B1-4DC77DAB6AF8,05-06-2014
11426,4787 R St.,,Bellingham,79,98225,0xE6100000010CBC5B5AA87F624840904BE602E3955EC0,4DE53E10-143F-420A-8D7C-28D884754B60,12-11-2013
11427,Postfach 90 92 92,,Hamburg,20,20354,0xE6100000010CF225920447BD4A406D576D6F06022440,DC9E33B2-CB25-42D8-993A-1FCE6CEE23C2,22-05-2014
11428,1955 Montgomery Ave,,National City,9,91950,0xE6100000010C662017C8F25940408E6C7C019E3A5DC0,61E643D9-91A3-4D4F-8DDF-3DBBE61227C7,18-09-2013
11429,4428 Jones Rd.,,North Ryde,50,2113,0xE6100000010CDC761CB362DF40C02825869988EA6240,9CD7A5EC-2D4E-4B50-A372-15714BA941E8,21-07-2011
11430,8502 Diver Way,,Chula Vista,9,91910,0xE6100000010CB5AB5156B851404096AD0E8E1F3E5DC0,B2198ED6-2E16-4621-93EE-C1BD49090C1A,28-12-2011
11431,"8, rue des Vendangeurs",,Paris,161,75012,0xE6100000010C8DA79E52406A48402B52494DDA620340,CA34D46E-4E83-4D5F-80EB-36DB88AFEBC4,21-12-2013
11432,6868 Firestone,,Victoria,7,V8V,0xE6100000010CF88483DCC42E4840A8687585DACD5EC0,A9A12797-5593-4093-909C-3BA70164145E,31-07-2013
11433,2530 Seeno St,,Wokingham,14,RG41 1QW,0xE6100000010C225D81E2B6BC4940862CD7FCDE34EBBF,A2E442FD-8B6B-4F03-A02D-154F789E7CFC,16-02-2014
11434,6400 St. John Lane,,Port Hammond,7,V6B 3P7,0xE6100000010C25D9C89DD0A94840C3B8D7A191D05EC0,E51A6205-E301-4FCE-9FE9-87562C1679AF,21-01-2014
11435,"109, avenue des Ternes",,Les Ulis,177,91940,0xE6100000010CA12B1AC02250484056A45A981D510140,9E7D8D46-453B-4FE9-A467-603884EEEB85,21-12-2013
11436,Curieweg 3991,,Bonn,53,53131,0xE6100000010CD2419443E4574940979C174924601C40,59C7E622-1A26-440A-A742-29D12B961A61,28-03-2014
11437,3852 Northridge Dr.,,Geelong,77,3220,0xE6100000010CA534AC5BBE1243C0ED00CCEE10056240,02D57A39-4A03-46FD-9C97-53D0ECA6C08D,02-03-2014
11438,4310 Chickpea Ct.,,Burbank,9,91502,0xE6100000010CFB53AAB6D5134140D1E5BCA810935DC0,740CCB68-86ED-45B6-86F4-2B9570B21C74,28-06-2014
11439,7549 Longview Rd.,,Beverly Hills,9,90210,0xE6100000010CB8D86C3AD70941403870848AC1A35DC0,C7C00A7B-FA5C-4AE2-BA4E-36CC752EE514,18-11-2013
11440,9762 Alvecedo,,North Ryde,50,2113,0xE6100000010C2C87BD762BE740C0B46F53ACCBE26240,86110239-A4F7-4E8D-B950-997C97AE21CA,16-01-2013
11441,8426 Easley Dr.,,Melton,77,3337,0xE6100000010C62F1D781E8D142C0342ACACBBB0E6240,7F688D5E-6ADC-4236-99CA-1C6EEBAE1DF6,02-10-2013
11442,4893 Crane Court,,Runcorn,14,TY31,0xE6100000010C206E2FC61FB14A40ED2122F742AD05C0,7587B28B-7B56-49F1-BEE0-691EC14C6F9D,12-03-2013
11443,9739 Benedict Court,,Milton Keynes,14,MK8 8DF,0xE6100000010C4AA6EF0013064A4061652817A26DE9BF,56F0EEA3-E85F-4FB3-8F81-F8CF00323790,18-09-2013
11444,Carlsplatz 45,,Ingolstadt,8,85049,0xE6100000010C4AC52D1A8A5E48404E1E761B7DA62640,4E5E2165-DD17-43F1-A3A4-0BE284A86424,04-04-2014
11445,491 Cali,,Burlingame,9,94010,0xE6100000010CC0E49F74E7C5424045ED2F2BAB8E5EC0,5FAE432A-2EC7-4587-9A49-C418BAFD14A6,19-10-2013
11446,"70, rue Georges-Clémenceau",,Roissy en Brie,163,77680,0xE6100000010C2BA0AB1FF8614840B518C0E1E4460540,20EE174B-EC09-4696-9365-615BC5815195,21-12-2013
11447,8634 Lake Meadow Circle,,Runcorn,14,TY31,0xE6100000010C660695BFA9AB4A4032E0DE075FAE05C0,59F8420A-A0C4-43EE-B0C3-F861EC396C04,19-12-2013
11448,Höhenstr 7477,,München,20,80074,0xE6100000010C00000000000000000000000000000000,4E82A124-3B8A-4233-A68E-088427FB807C,17-05-2014
11449,3359 Northwood Dr,,Woolston,14,WA1 4SY,0xE6100000010C4515935694B34A404FA4DF45572404C0,63DCE7DB-8E9A-44E2-812D-B464CCAF6276,09-01-2012
11450,3326 Icicle Ct.,,North Sydney,50,2055,0xE6100000010C1B5AE58EFEE940C03D6B1831CDE06240,1DEDB58C-6C76-4CE4-8ACE-6C3382019B79,12-03-2014
11451,Auf den Kuhlen Straße 2,,Hamburg,20,20354,0xE6100000010C0739618655BF4A404C0C0651CAF72340,C677DA3F-F9AA-4306-B962-B6AD2418BAA7,12-03-2014
11452,639 Bird Drive,,Burlingame,9,94010,0xE6100000010CED230EDDACCB42408B735B30E69F5EC0,BF259DBB-48E0-453E-B73D-9C5212F9C5B8,28-07-2013
11453,7464 Mozden Lane,,Wollongong,50,2500,0xE6100000010C4DE2B9B1933941C076E3510BCADC6240,46F68D5B-1F9E-4F2C-B00D-887B7D071732,15-04-2014
11454,8360 Frisbie Court,,Newcastle upon Tyne,14,NT20,0xE6100000010C394481B6F4784B40802AB93F2FD0F9BF,2E8A92D9-FDBB-47EC-B51F-ABEF568FA2EF,30-08-2011
11455,7489 Relief Valley Ct,,Kirkby,14,KB9,0xE6100000010C391E4DE56CC54A40FE00D8233C2707C0,BD731E71-5F74-40D6-AFE7-D627AF414AFF,16-12-2013
11456,"102, rue de Berri",,Les Ulis,177,91940,0xE6100000010CA12B1AC022504840819BCFD0E54E0140,D4DCD630-3140-4ADD-AC86-D4DF8B0D7F8E,21-12-2013
11457,Midi-Couleurs,,Courbevoie,178,92400,0xE6100000010C135E91609C6E484019A62A96B40E0240,6FA0425F-06D0-41DE-BDE2-5E98BC5FEFCA,21-12-2013
11458,267 Aspen Drive,,Burlingame,9,94010,0xE6100000010C49955FA289C242403F35112DEF945EC0,2A3CE5CC-EA5C-46F7-8E34-7BC9D7CC75DC,14-12-2012
11459,"4, rue de la Comédie",,Dunkerque,145,59140,0xE6100000010CB8A7E166EC7E4940733E0F5EADCB0240,56A5955D-89C9-4124-9387-9AD066054118,21-12-2013
11460,9759 Dover Way,,Peterborough,14,PB12,0xE6100000010CA854825E054A4A40B6C87C89DF03D0BF,E14E28D9-8162-4C7B-895A-24F17400B98B,18-07-2013
11461,Heideweg 1459,,Essen,20,45001,0xE6100000010CAF66CEAF8D634A40A71FEB6406AC1F40,5D3A5F15-4BDC-4D34-8798-733A5E9BB745,03-03-2014
11462,7041 Notre Dame Avenue,,Cambridge,14,CB4 4BZ,0xE6100000010C70FE451F0B244A40741F27056C68BC3F,467B2EB6-4F60-414C-89B5-03E72B670C6E,02-08-2012
11463,2111 Freedom Court,,Sunbury,77,3429,0xE6100000010CBA8BA412ABC642C099F7C324D41C6240,2CED8061-CF85-4EDC-B384-53F1B25F5201,04-11-2011
11464,312 Via Del Verdes,,Colma,9,94014,0xE6100000010C59F49F3128DC424073EBEC40119C5EC0,531F4A92-EE0C-4D27-B504-9782057717D2,02-09-2013
11465,5435 Jacobsen Street,,Malabar,50,2036,0xE6100000010CAD5978ED8C0041C0F6D610A20AE96240,F58F3621-14ED-46FF-9BA3-8699E2F0F2BA,20-05-2014
11466,2062 Woodruff Lane,,Peterborough,14,PB12,0xE6100000010CC5C50D1959494A4056853A945CF7CFBF,377BF174-ABB8-4813-BAC9-4831B02DADE0,06-05-2014
11467,"910, place de la Concorde",,Les Ulis,177,91940,0xE6100000010C5EBEAA34BA5A4840DAA7F8B400520140,C1929A68-A705-4823-8951-CF53F3E22072,21-12-2013
11468,2192 Pacifica Ave,,Cloverdale,66,6105,0xE6100000010C1314BB6925F33FC092685CDC66F85C40,656227A8-EE6E-4B2B-8A62-8F2523513E93,13-12-2013
11469,2423 Brookview Dr.,,London,14,SE1 8HL,0xE6100000010CE7A8721C53BC49402D7B7775A6DFBABF,C384997A-1A93-4147-8077-26B8CFA2EDF8,01-07-2012
11470,9761 Fox Way,,Townsville,64,4810,0xE6100000010C361308B9E83D33C06063BEE927546240,9866C9E2-1FE5-465C-A223-857DC096F820,15-02-2014
11471,2807 Charlotte Court,,Rockhampton,64,4700,0xE6100000010C2E13EC86E26937C0A344B2084BCA6240,9AF8FE41-5B3C-48BF-A710-A79B2A7EE810,03-12-2013
11472,1354 Catnip Court,,Tacoma,79,98403,0xE6100000010CF0F84993FEA34740F937C0E63D925EC0,1A2E2D23-D1AB-4802-A70C-325535824133,07-05-2014
11473,Bundesallee 44,,Frankfurt am Main,20,60082,0xE6100000010C00000000000000000000000000000000,54950817-B818-4C8D-B0D3-DCB9C92F6F02,17-03-2013
11474,2665 B Wildbrook Ct,,Warrnambool,77,3280,0xE6100000010C7793CD37D70A43C0EF5B2F1B95CC6140,29B04BF3-C6AA-4505-85F9-B05665E4708F,07-07-2012
11475,4556 Rolling Green Circle,,Findon,66,5023,0xE6100000010CA35F7D70F67641C07AD0CDC05D576140,E8593A43-65AA-4397-A422-877D37BA8A4F,23-12-2013
11476,5957 Pacifica Ave.,,East Brisbane,64,4169,0xE6100000010CB7E52208E6733BC0DC67880ABC256340,5486BC3F-9F11-4091-96CD-9A1D13E66045,28-06-2012
11477,9431 College Blvd,,Puyallup,79,98371,0xE6100000010C983CCD4B509C4740D89D702ED4945EC0,C83E37BE-ACA4-440A-98C5-F699EB6D0987,13-10-2013
11478,Alderweg 4518,,Braunschweig,53,38001,0xE6100000010C00000000000000000000000000000000,352A8161-BA73-40F3-AA0E-F97856AC9177,03-05-2014
11479,1240 Dayton Court,,Townsville,64,4810,0xE6100000010C156B74C8E03F33C045E6ABA67C5E6240,466B35E5-281B-49E2-8A2C-FE2A58809D00,13-09-2012
11480,3213 Glenside Dr,,Beverly Hills,9,90210,0xE6100000010CD57B12AF631041408A46E671739E5DC0,9A9C55A9-40EA-43A8-9302-4535AB30C895,07-08-2013
11481,9471 Shell Dr.,,Bremerton,79,98312,0xE6100000010CB5475E64BECA47401F2CFAD5DAAD5EC0,7CBAAEC7-FD72-4F8D-B73A-A4E6F97E3720,17-02-2013
11482,5636 Barcelona,,Cranbourne,77,3977,0xE6100000010C9C8F284FCE0C43C044B3527DE22B6240,ED6A961E-3F21-4C9E-9B23-3C4C195CA01C,02-03-2012
11483,7046 Slow Creek Road,,Colma,9,94014,0xE6100000010CA3FACA0D16DE42409EE4A3A403955EC0,7D316AE5-A5AF-4F49-9EF6-58B6B1A14CD2,16-06-2012
11484,1706 Valley Blvd.,,Palo Alto,9,94303,0xE6100000010C6670E68F22BE4240B5FE472C80875EC0,EB392077-CD7C-42C8-B94D-CB1B9018D8E1,21-11-2013
11485,2000 Thornwood Dr.,,Portland,58,97205,0xE6100000010C993C2C7CEFB546400C2CD51DD1B15EC0,BD043EA4-D538-479A-B8D7-159A0AD5FED0,20-05-2014
11486,2104 Grading Way,,Brisbane,64,4000,0xE6100000010C7FF56F46C37F3BC06A4B790E22246340,D0F3BEA7-A024-46E9-AFFF-D8DCA69A379C,06-08-2013
11487,3022 Adobe St,,Milsons Point,50,2061,0xE6100000010CC656AC3AE5E540C060FF0FE530EB6240,A9D80C8E-3B52-4B14-B0B6-AC2AD15F0EBD,03-06-2014
11488,2256 Regency Dr.,,Cheltenham,14,GL50,0xE6100000010C83E103E24FEC49406EFE77AE30A600C0,455CB83C-80E7-46CB-A443-CFF435329DCE,07-11-2013
11489,5339 Cashew Street,,Burlingame,9,94010,0xE6100000010C0255841A76C442407F7DF22E339B5EC0,C07BB5B0-A02E-4043-9DB6-D09D9BEBDC3A,24-05-2012
11490,6270 North Star Dr.,,Concord,9,94519,0xE6100000010C9C8EA4607A0343403887548EB38A5EC0,E7061DD0-1F9C-4B0D-8F31-3D5088CE7664,17-12-2013
11491,5648 Roland Ct.,,Wollongong,50,2500,0xE6100000010C6FC2B0274A3441C0E995102F83D66240,747B2F88-81B6-4639-9B8E-00771108A7F1,12-09-2012
11492,3241 West Slough Rd.,,Port Macquarie,50,2444,0xE6100000010C3E66EDE68C5E3FC08AA5DD1940196340,FA68FB5D-8C16-42D1-8805-53E3FFD670CD,23-08-2011
11493,793 Crawford Street,,South Melbourne,77,3205,0xE6100000010C51F56D953EE642C00E23657DF01B6240,D7EE73C5-3FA8-41AA-903A-21B2783348CD,10-11-2011
11494,1289 Pine St,,Perth,66,6006,0xE6100000010C67AA896F0CE43FC0EE876465BFF05C40,9FFF12B3-17F3-4493-8109-C715AE937EB4,18-10-2013
11495,3691 Macaroon Drive,,Townsville,64,4810,0xE6100000010C644D54967A3933C06536577FCA596240,0DAC94D3-C388-4487-B38E-BFB7139BB2B2,10-10-2013
11496,Auf Der Steige 2,,Frankfurt am Main,20,60082,0xE6100000010C00000000000000000000000000000000,EE3BDA9A-D4FD-4993-B80A-2775012933DA,21-06-2014
11497,9142 All Ways Drive,,Colma,9,94014,0xE6100000010C3213BE6D07D24240BF4A8F5B41A65EC0,0CA8740A-3671-483C-A88A-C93AD491CC23,14-08-2013
11498,"11802, rue Surcouf",,Colombes,178,92700,0xE6100000010CD2932E9EF66D48408EF2E2FD31F60140,D5A99881-CEF3-4FD4-B3A4-08BEE3171185,21-12-2013
11499,240 Rapallo Lane,,London,14,SW19 3RU,0xE6100000010CE24F435AA9BF4940A8A39A65A387CABF,1C08C6CF-437D-4968-BE98-07CFCC357CA9,09-06-2012
11500,Attaché de Presse,,Paris,161,75016,0xE6100000010C3BDDBE9AA26748405698B554EA0F0240,5ED5C170-44BD-498E-95A4-B607DCE3DC28,21-12-2013
11501,48 Lacanda Ct.,,Townsville,64,4810,0xE6100000010C70DF0C83043733C0710B14D6CE516240,B591D768-20B6-43D2-B4B6-87624B2CC045,27-09-2012
11502,3629 Warren St.,,Beverly Hills,9,90210,0xE6100000010C300CA407721341403A0AD5636B9B5DC0,70ABD1D6-AA82-4DD1-9B1C-CB0554A0D662,21-09-2013
11503,9577 Santa Fe,,London,14,C2H 7AU,0xE6100000010CAD16F2C73CB84940C4CFCC87D142C0BF,F1F99C02-B1DC-4417-8AEB-8E0D0C8E50C4,06-03-2014
11504,7291 Summerfield Dr.,,Coffs Harbour,50,2450,0xE6100000010C6DABCB9DD71D3EC0AD3E0755001D6340,434FC054-C356-4209-B789-D2092F681097,15-01-2014
11505,212 Pheasant Circle,,Oxford,14,OX14 4SE,0xE6100000010CD558CF70E4CD49406DE39F5D997BF4BF,081DAA0C-9C1E-4754-90AE-C82CD79482F8,27-10-2012
11506,7141 Second Ave.,,Malabar,50,2036,0xE6100000010C84F2A20D3FF540C05BFF25765DEE6240,44A850F7-AE30-44C7-B24A-0714738FE0AF,19-08-2012
11507,424 Yosemite Dr.,,North Ryde,50,2113,0xE6100000010C8669A568D1DF40C01C9733A260E06240,6B82A1FB-9AA3-401E-BE22-D9BE330E9B1E,20-04-2013
11508,1433 Manila Avenue,,Cloverdale,66,6105,0xE6100000010C23F3862699EC3FC0DF1BA56A04055D40,F395FA81-B87B-4EAC-9579-2478B98121F5,03-07-2013
11509,"2110321, boulevard Beau Marchais",,Les Ulis,177,91940,0xE6100000010C05F610BCDF534840059F6DEDC84F0140,4EB6C637-6796-4B16-9D82-DF2CDEC35176,21-12-2013
11510,Buergermeister-ulrich-str 433,,Leipzig,53,4139,0xE6100000010C00000000000000000000000000000000,BDBD9C61-C0E4-4904-9145-BFC7528EA920,06-09-2013
11511,7403 N. Broadway,,North Ryde,50,2113,0xE6100000010C74BC99A070E540C08F50596804EB6240,07EAAF7D-E277-46B7-83A3-B235F2311D68,04-10-2013
11512,Am Gallberg 46,Einkaufsabteilung,Braunschweig,53,38001,0xE6100000010C00000000000000000000000000000000,BE1F5928-C3D7-4366-BBCE-7E64A379F2D4,28-06-2012
11513,5308 Logan Court,,Watford,14,WA3,0xE6100000010C369BD5E6B9DC49401B77DFF8CB03D9BF,F53A273B-D52B-4FF9-B392-EBB698599736,03-08-2012
11514,"26, rue Saint Denis",,Pantin,179,93500,0xE6100000010C0E54A1FA42794840CA8008FEFB4C0340,BE3AE115-49CB-4FBC-B7F1-8AB9DED52261,21-12-2013
11515,Lindenalle 24,,Offenbach,70,63009,0xE6100000010C00000000000000000000000000000000,2680B31E-5B5F-466C-B77F-3C9A2D68CB97,15-05-2014
11516,9549 Roxbury Drive,,Bendigo,77,3550,0xE6100000010C4A5592DB145F42C0CB00F8BC230C6240,A96EEC6F-994E-4A7C-8B2D-FE7CC797DCCE,14-03-2013
11517,593 Willow Pass Road,,Melbourne,77,3000,0xE6100000010C17C9C9D093E642C00151694877236240,FBAF426A-07AD-4AF1-B9C3-54B9448A5A07,13-05-2013
11518,Am Kreuz 123,,Hamburg,19,22001,0xE6100000010C00000000000000000000000000000000,422998B5-27DA-4B79-80B0-10E15607B49F,08-11-2013
11519,1354 Helene Court,,Malabar,50,2036,0xE6100000010CE6665C2C4AF840C066E46991E1ED6240,AF19F45D-3A1B-426E-9377-0BC778B5E99B,29-01-2014
11520,4752 Willow Creek Ct.,,Coffs Harbour,50,2450,0xE6100000010C48184AE13E233EC04C96E1181B186340,943A8630-3E91-4377-A8ED-0D1E0AC9E0A6,26-07-2013
11521,3723 Mt. Sequoia Ct.,,Barstow,9,92311,0xE6100000010CE2EF2600A56441403EE28A4E193E5DC0,E5EFB993-2DC0-4109-9DED-4299C9ED6444,16-10-2011
11522,6445 Cashew Street,,Marysville,79,98270,0xE6100000010CBBD4DC0DD4FF4740E7B8547B988C5EC0,AA669527-0282-4C3E-B457-7F0AD7341089,02-10-2013
11523,8224 Georgia Street,,Cliffside,7,V8Y 1L1,0xE6100000010C03290C5E0E45484049B0CCE2E8D25EC0,80A23DFE-30FA-4407-8D5D-CE4B63B31A94,05-07-2012
11524,"131, boulevard Beau Marchais",,Metz,143,57000,0xE6100000010CC3CFCD788F8C4840EC26935DCDB71840,DCB9D5C5-DCCD-45A7-AA1F-2CC8A0120A0B,21-12-2013
11525,Am Karlshof 8,,Kassel,19,34117,0xE6100000010C051C37F5B9AD4940FE18285BBCFB2240,0E53537E-55E0-4B26-B405-7EF60F4F4D8F,01-05-2014
11526,Kulmer Straße 765,,München,70,48001,0xE6100000010CC34476579C14484067984CBDD0432740,0268C2D9-9ADB-4CBC-AC77-1974F50DD084,08-09-2013
11527,579 Meager Dr.,# 1,West Sussex,14,RH15 9UD,0xE6100000010C00000000000000000000000000000000,B632C66F-1375-48E8-AEBC-800E081A4B6A,19-12-2012
11528,7232 Mulberry,,Newcastle,50,2300,0xE6100000010CE37319C7267340C0219B07A647FE6240,EDAEC48C-D01B-4014-8760-A13BD97D52C1,02-09-2013
11529,6521 D Bel Air Dr,,Bellflower,9,90706,0xE6100000010C04789095EDF54040D24754934E8A5DC0,16FE84A9-3C1D-42DE-822E-93CDD805CB03,23-02-2014
11530,935 Vista Oak Dr,,Bendigo,77,3550,0xE6100000010C776981C6416442C03FE80FB185076240,4B9082AE-190A-46B6-B0B2-510FF6419154,23-05-2013
11531,"280, rue Lamarck",,Tremblay-en-France,179,93290,0xE6100000010CA208C13FD9734840B1A16CB2B1690440,6E70CF3A-64E9-4978-9739-0791D031414B,21-12-2013
11532,9456 Bell Dr.,,Burlingame,9,94010,0xE6100000010CCA832019A3CC42403F727BAA518C5EC0,8C2C8AFC-0F60-41A5-A5BB-3CFA1FC793F7,21-05-2012
11533,8537 Partridge Dr.,,Bremerton,79,98312,0xE6100000010C75827F93EAC847401F2CFAD5DAAD5EC0,729B8CB2-AA42-4176-AADF-82B9FFB7F01B,24-08-2013
11534,"99, rue du Départ",,Paris,161,75013,0xE6100000010C04743ECC3871484037AF028E918C0240,B0CE1E7D-86A9-460E-8E08-4E12EE79EFF0,21-12-2013
11535,8452 Dewing Avenue,,Bremerton,79,98312,0xE6100000010CB44E87252ECD47402A18CB5D7FB65EC0,81A5DB82-9A9E-4CDB-BD0C-E3753DC79525,24-04-2012
11536,4619 Mount Orange Ct,,Lavender Bay,50,2060,0xE6100000010C919EA9FA59E740C0F42C1D3402E66240,870AC21C-534F-452A-879F-ECEBE12E393A,09-05-2013
11537,6049 Dalis Dr.,,Brisbane,64,4000,0xE6100000010CF24C2F8883743BC0C1700ADBB91F6340,B66E5F89-FFAB-4327-A383-6EA75DE2F163,22-02-2012
11538,"7, place Beaubernard",,Drancy,179,93700,0xE6100000010C8C702A1C587E4840EA04397912910340,A5CF1914-21F8-4254-AF01-233A7F96FC2A,21-12-2013
11539,7941 Cristobal,,Grossmont,9,91941,0xE6100000010CDC2E821DEC5F40401142846648405DC0,9181646A-2DDC-4162-997B-7BD5A5CF8281,26-11-2013
11540,8005 Ranchhand Court,,Bellingham,79,98225,0xE6100000010C85AFCB93815D4840C27C7E0337A35EC0,762AD093-8696-46C8-A652-EBEBEB2F36BD,30-10-2013
11541,7330 Saddlehill Lane,,Sunbury,77,3429,0xE6100000010C7AAC23C961C142C04219EED8BB176240,18F8284F-8840-4508-82BC-D4924CECE3FF,14-06-2011
11542,4055 Leonard Ct.,,Warrnambool,77,3280,0xE6100000010C7F43862C970143C0BD9973834DCA6140,03C13280-A991-4487-B057-0980357D69B2,27-02-2014
11543,2715 Euclid Ave.,,Hervey Bay,64,4655,0xE6100000010C55EBE41CF25F39C00C2A96C9631E6340,445C1729-E350-497E-9E6A-93A579D1C160,31-05-2014
11544,154 Kentucky Dr.,,Hervey Bay,64,4655,0xE6100000010C003E92C95F5039C06A8A20080E176340,C0488DE7-6538-4E12-B329-9797835E63B2,02-02-2014
11545,5243 Harmony Way,,Clearwater,15,33755,0xE6100000010CEE42EBE339FB3B4072001DB749AE54C0,88C08C23-EB51-4247-9E74-85D34F1E0C2B,30-11-2012
11546,4185 Keywood Ct.,,Woolston,14,WA1 4SY,0xE6100000010C3DA7E151F2B44A40081373D10B2B04C0,2CB4E065-F9E0-4DF4-9386-C1DCF8072644,17-08-2011
11547,8404 Houston Ct.,,Goulburn,50,2580,0xE6100000010C04F306FCDD4841C0238D5112DCBA6240,A3CE2208-2803-4B49-8F13-852D990DC6DE,15-04-2012
11548,4679 Duke Way,,Burbank,9,91502,0xE6100000010C3927A5B425154140332B60E2649B5DC0,356BF2F7-E087-4C0D-B3B3-B3E8CC2A4270,31-01-2012
11549,1619 Stillman Court,,North Sydney,50,2055,0xE6100000010C49E60F27D4E740C02E96012AEEEB6240,C3E82234-3265-4FAB-9F04-742230DD3831,01-04-2013
11550,Hauptstr 2929,,Frankfurt am Main,70,60075,0xE6100000010C00000000000000000000000000000000,92EEC5FE-56C5-4F8A-A5DE-6E6C86AF067E,18-03-2014
11551,"29, rue Saint Denis",,Metz,143,57000,0xE6100000010C6C85403479934840699D6462AAC01840,5A6B6B48-CD93-4945-9889-220E4C5AAD1E,21-12-2013
11552,5805 Churchill Dr.,,Concord,9,94519,0xE6100000010C0EB10ED25FFC4240E42A27CC21755EC0,5B7A0606-DA07-43BB-89C4-B500D9018CC7,21-12-2012
11553,2173 Heartwood Drive,,Brisbane,64,4000,0xE6100000010CBC966B6B6F793BC0D1F382F1561A6340,A2A512A4-5C6E-4393-A208-DE01DEBD1802,12-04-2014
11554,Welt Platz 99,,Eilenburg,85,4838,0xE6100000010CEDCC96569EC44940EBBE67103B5E2940,6E15C64D-AD8F-49B1-A4D3-E69F1D54C378,10-09-2013
11555,Platz des Landtags 404,,Solingen,53,42651,0xE6100000010C520B20E1249949401EED39F6D86D1C40,45CDEB46-AAFD-497A-8A16-D23D4FBA186F,25-02-2014
11556,1415 Edwards Ave,,Silverwater,50,2264,0xE6100000010CEC42A603719040C0E09AF3D6A3EB6240,F315BEDF-F1B2-41AD-BE86-CD602B5217F2,05-01-2014
11557,6969 Lancaster,,Warrington,14,WA3 7BH,0xE6100000010C76BF063328BE4A40D9FDC5F5C0A604C0,1C54D8B4-A554-4BD5-99F8-65D05D02D056,25-10-2013
11558,2602 Glenside Court,,Brisbane,64,4000,0xE6100000010CCF0DD7A04B703BC0C1700ADBB91F6340,4E91954D-C198-4C32-A0E3-157538D93CE5,08-05-2012
11559,"6, rue des Vendangeurs",,Cergy,181,95000,0xE6100000010C2FC0AEB5EA894840EC2912D962850040,DE81BA21-D054-435E-B14E-10D04BFB092F,21-12-2013
11560,8368 Birchwood,,Seattle,79,98104,0xE6100000010C122F1FE587C647409FEA9D6940985EC0,7908CD48-291E-4D83-B68D-E5BD3F92013C,17-09-2013
11561,7772 Golden Meadow,,Colma,9,94014,0xE6100000010C4F4B881A9ECF4240278C4A26E1915EC0,19AE7FB8-18F6-477E-A0D7-AD75CCC4341C,29-05-2013
11562,7445 Meaham Drive,,Metz,143,57000,0xE6100000010C2EB03BBEFC9548407E219DF2DDBC1840,25D24CF8-1788-4990-B345-268D6C30C34A,21-12-2013
11563,9277 Ridgewood Court,,Coronado,9,92118,0xE6100000010C7E4178FCE6584040C7B2C52DEC4C5DC0,D2D806C0-B85A-428D-B974-C4349FAB9585,09-05-2013
11564,"276, chaussée de Tournai",,Orly,180,94310,0xE6100000010C37FFF0A2765E48401D8BC3B9982F0340,1D0BA81E-DD3E-40C2-92F4-6B3277FF9142,21-12-2013
11565,4430 Ardilla Road,,North Ryde,50,2113,0xE6100000010C8F6CCFE108E840C00B15BA35EDDE6240,72362AC3-FEB6-4265-AD38-32B13150613D,22-07-2013
11566,Hauptstr 6039,,Berlin,19,14111,0xE6100000010CAB96DB1E9D374A40C4AE12B106FE2A40,0A1479B3-2BF5-4FCD-A630-3A7CA017F089,12-02-2012
11567,7596 Valley View Road,,Sunbury,77,3429,0xE6100000010C392CDEE34DC342C04219EED8BB176240,5A063829-541A-40FB-AD34-1F3CFC48AB7E,17-01-2013
11568,674 Woodchuck Pl.,,Port Macquarie,50,2444,0xE6100000010C7D2A871BED583FC051E8F34819206340,0A787405-1719-4E60-B8C6-A16E10AC9D39,17-01-2014
11569,"21, rue des Rosiers",,Burbank,9,91502,0xE6100000010C55D83CADF51941400C61CB457E8B5DC0,CC1EDD0B-4D00-4870-A06D-8AF8C7CD16B6,25-05-2014
11570,Auf dem Ufer 2,,Hamburg,20,20354,0xE6100000010C8216348BD1C44A40F6B7FB4DC4F62340,1172DAFE-FCD9-4616-8C3F-F27635FEFCBC,25-04-2013
11571,4627 Lakefield Place,,Burien,79,98168,0xE6100000010C755E046DCBC14740C892A71869985EC0,DD89E546-71C0-4A1E-8EBE-E11268FE4721,08-12-2013
11572,8185 Sol Street,,Liverpool,14,L4 4HB,0xE6100000010C32CCDC36BABA4A4039660744C4C207C0,9E5D3154-94D8-449E-8B52-B7092F1164BA,22-01-2012
11573,5469 Poor Ridge Court,,Gold Coast,64,4217,0xE6100000010CD5ADE7DD2A043CC0C331A85C802F6340,D3E8EAD3-D4B6-4D84-8FC4-E45CE303CC37,18-04-2014
11574,3947 Vista Valley Rd,,Hobart,71,7001,0xE6100000010C4A3E7B53796245C0966C1CC0E96B6240,1A9CD6B7-BA97-4930-AA86-B6D19F14CCA4,15-12-2013
11575,3556 High Maple Court,,Beverly Hills,9,90210,0xE6100000010C28851CBD22124140725959672D9C5DC0,40D55A87-BCF6-4F12-B6DF-21CE9690458D,25-11-2013
11576,5402 Panorama Drive,,North Sydney,50,2055,0xE6100000010C1B5AE58EFEE940C090AAB44B72EB6240,DE5DB30F-BF8F-4CA1-BA0F-5A45C07EB1C1,24-08-2011
11577,"68011, rue Malar",,Colombes,178,92700,0xE6100000010C6D095D81DC794840CE2D776A93F70140,BB01B5DE-4384-456A-9943-C2BFB9AD7577,21-12-2013
11578,1725 La Salle Ave.,,Wollongong,50,2500,0xE6100000010C6FC2B0274A3441C0827AA4647AD76240,BC35E5D7-6197-4318-B346-CC0CE00FE66F,22-06-2011
11579,7496 Sunset Meadows,,High Wycombe,14,HP10 9QY,0xE6100000010CCF1626D243C549403308B65D443CE6BF,B47C757A-4ADC-44BF-AB8C-F0B297F18324,14-05-2014
11580,3193 Mehaffey Way,,Springwood,50,2777,0xE6100000010CCD10435FB1D340C0E25C8251E3CC6240,FDED5318-2F1B-4CFB-B10F-B457A1F339A8,21-06-2011
11581,3068 All Ways,,Palo Alto,9,94303,0xE6100000010CC542E0C537BC4240F146990419905EC0,5880B29F-8830-4051-9427-F1262469DFE3,31-10-2013
11582,4262 Monterey Ave.,,Darlinghurst,50,2010,0xE6100000010CCC53FA6E88EC40C0111B90C52AEC6240,5A1692A8-4A46-44AF-8706-7F8D473AFADC,07-11-2011
11583,Postfach 22 99 99,,Frankfurt am Main,70,60075,0xE6100000010C00000000000000000000000000000000,A9B2A406-2329-410C-94B2-9DA9E42B874E,30-09-2013
11584,"39, route de Marseille",,Paris,161,75009,0xE6100000010C62245C1745754840BC73507642BA0240,B6E99D97-1A32-4D58-9974-6FAE27F4265C,21-12-2013
11585,9105 Santa Fe,,Perth,66,6006,0xE6100000010C551628EF69E23FC09892C3A8B6F35C40,750B0ED9-A882-40E6-B562-EE9049BE936A,09-12-2012
11586,6999 Salem St.,,Berkeley,9,94704,0xE6100000010C6DD6A7F4FBF042408546695039975EC0,8FAB4209-F2D0-4AFC-B41A-4E2B829A0439,12-11-2012
11587,"211bis, rue des Peupliers",,Versailles,164,78000,0xE6100000010C276DC5E56F6548400B27C4DB60EC0040,B9DD6BEB-1BB8-4B44-BE02-2276450CF755,21-12-2013
11588,2292 Springlake Drive,,Bellflower,9,90706,0xE6100000010C32AC41CCA9F740404A16AD213C815DC0,0465BA46-9904-4F6B-AAB0-BBC470CD5A72,03-09-2013
11589,5553 Cash Avenue,,Gold Coast,64,4217,0xE6100000010C5FA9EAE1DDFF3BC0F330BAB0022F6340,3C6D62C4-981B-48A3-9C92-8E43B293B034,12-02-2012
11590,7792 Woodruff Lane,,Springwood,50,2777,0xE6100000010CD812D03E01D840C0B7E03FFF42D06240,B587D775-3880-4FF5-AF97-9013C573797F,18-04-2013
11591,9420 Fillet Ave,,Milsons Point,50,2061,0xE6100000010CD985E4805CE940C0960A256983E16240,371BC3A4-7806-44BC-A271-A2B858AB039E,11-09-2011
11592,1084 Meadow Glen Way,,Oxford,14,OX14 4SE,0xE6100000010C1027F5B324D74940631BC358BF7EF4BF,D90419E3-0C3B-4C5C-AF18-50C8D20BE76B,03-11-2013
11593,8920 Corte Poquito,,Ballard,79,98107,0xE6100000010C62941892CECE47404E5EA0DEE3A15EC0,BFB38B4A-77E7-457C-92FB-28E889074C90,24-02-2014
11594,9343 Ironwood Way,,Lavender Bay,50,2060,0xE6100000010CCFE08B4C6AED40C0F66A376AA7E16240,5D030705-B9CD-48E9-8741-C6F6012D8C23,06-05-2012
11595,"36, avenue de la Gare",,Paris,161,75007,0xE6100000010C6E951C54D6644840F2FE9EC094850240,C5D242C3-1A75-43DA-A674-8A9F74EBF676,21-12-2013
11596,8827 Ward Court,,High Wycombe,14,HP10 9QY,0xE6100000010CCF1626D243C5494093207B4A3D44E6BF,DEA0CB67-C4B7-4BEE-B0CD-9132CD9CE3BD,08-08-2013
11597,932 Acardia Pl.,,Oak Bay,7,V8P,0xE6100000010CAF5E6F59743848409CA572ED42D85EC0,A8FDF872-4A8C-4329-BE2A-890A225D68D2,01-10-2013
11598,5324 Horseshoe Circle,,Melbourne,77,3000,0xE6100000010C6F8B787B30E342C01D2C417F4A1F6240,13690047-AF1C-440B-8055-883E9BF3DE89,20-11-2011
11599,9995 All Ways Drive,,Hobart,71,7001,0xE6100000010C4BDE421CE46C45C05342D74AFE726240,1EB1F380-A191-4D84-8262-D37DFA4671BA,01-06-2014
11600,"88, avenue de l´ Union Centrale",,Paris,161,75008,0xE6100000010CD592B666B5744840836DFDE8CF850240,527A5645-0603-427F-A289-2F6FEA895C7F,21-12-2013
11601,5055 Quiz St.,,Burlingame,9,94010,0xE6100000010C53A357CD85CF42408B735B30E69F5EC0,BA8E9CA3-1D2A-4097-8CAB-B9DCFF48A074,05-06-2012
11602,5061 Athecton Circle,,Cambridge,14,CB4 4BZ,0xE6100000010C91859C0B60234A40683E632B0F6CBC3F,0F7490F2-B0B7-49F3-981F-3C4A39CD9F3E,20-12-2013
11603,Am Grossen Dern 82,,Kassel,19,34117,0xE6100000010C74A30B8337A34940C1C136FEADFD2240,FC029B40-19AD-44DB-8FF9-5C422B477973,14-07-2013
11604,7781 Santa Barbara Rd,,London,14,SW6 SBY,0xE6100000010CA7D59AF871C34940D098237E1149C0BF,D36B956A-FDCE-4B3B-96E1-2B6A4910E24D,30-08-2013
11605,6437 Brookview Dr.,,York,14,Y03 4TN,0xE6100000010CF550E61D3E004B40817CD68EA458F1BF,0AD71D3B-A5B8-4821-89DD-0D73F7C6C100,27-10-2013
11606,5048 Hawthorne Dr,,Bellflower,9,90706,0xE6100000010C2212E9B0CBF64040D24754934E8A5DC0,0CBCC4BF-B9A7-4C0F-B797-DA524F85F1B7,16-03-2014
11607,2801 San Ramon Road,,Newcastle,50,2300,0xE6100000010C53DFD82A777140C05DF0DA8B9FF26240,DBBD3AAB-3C30-4C85-AF5C-BBEFFBFDC0FF,13-04-2012
11608,3628 Mt. McKinley Ct.,,National City,9,91950,0xE6100000010C41C8754D2F564040CA4BAF63DA4B5DC0,A1BA430A-4215-4148-87FD-086ABC9B35B0,25-10-2013
11609,3445 Fine Drive,,Cranbourne,77,3977,0xE6100000010C26E09043AA1243C0884CDD6CD7256240,4D043B6A-564C-44E9-8BBC-49D3AC656A6E,28-04-2014
11610,1960 Fernando Court,,Leeds,14,LE18,0xE6100000010CE4E249E4A4EE4A402B19C401FFC4F8BF,191A8D65-01E9-477F-8ACB-6354E12DB7F8,14-12-2012
11611,3492 Broadway Street,,Lane Cove,50,1597,0xE6100000010C80B8321014E340C0FE611C7BD9E66240,7C7DCB00-35A7-4F74-8782-92D4774A7798,17-07-2012
11612,4024 Calhoun Court,,Paris,161,75016,0xE6100000010C05B02E1AC36A4840E2B1C858C3110240,8DFB7EAF-1814-493C-9CC4-0FF57D77434E,21-12-2013
11613,"3539, rue des Grands Champs",,Saint Germain en Laye,164,78100,0xE6100000010C589F1B0E3A7C48408BE2D01AE1CC0040,AFD9FB3F-F584-4CE3-B3FC-DE54B2CC18DA,21-12-2013
11614,3491 Cook Street,,Silverwater,50,2264,0xE6100000010C78ED485A338C40C04F2EA7A0F8F06240,384667A0-FCB7-4411-BF1F-8035D50BDE65,26-01-2014
11615,9261 S Royal Links Circle,,Beaverton,58,97005,0xE6100000010C9409AE9FDBC146409185DF8D6AAF5EC0,B450AFFF-B690-49BA-8C78-C9E69710E337,20-07-2012
11616,4910 Melinda Court,,Long Beach,9,90802,0xE6100000010CE5EF22D5EBE540405729E281608E5DC0,0D0BE865-AE9E-48F6-9657-1646B983F1F0,05-05-2014
11617,5844 Miguel Drive,,Hobart,71,7001,0xE6100000010CF45A871C376545C06E25DE918D696240,D2E81CEA-4E34-432D-A7F2-8312976CD758,04-10-2013
11618,2489 Teakwood Drive,,Sunbury,77,3429,0xE6100000010CEBAB98FE39C542C05409A01F1A136240,E2920E90-0ECC-4074-9817-847D40A326E2,22-12-2012
11619,Midi-Couleurs,,Orleans,131,45000,0xE6100000010C7AE2645C4FF047406997A9C0B795FE3F,29D10B43-1510-4F6E-9AFF-D9FF01D46392,21-12-2013
11620,3505 Graham St.,,Chula Vista,9,91910,0xE6100000010CC5D7F4083A5440408AD906025E435DC0,B5C9DE7F-9204-4259-AB27-91A2EFDBF882,19-02-2014
11621,3495 Virginia Lane,,Tacoma,79,98403,0xE6100000010C178D1962C29F4740DC4AF27344A45EC0,B1CECFA8-89E6-4F68-AB33-18FC617AEB3A,18-01-2014
11622,1680 I St.,,West Sussex,14,RH15 9UD,0xE6100000010C00000000000000000000000000000000,813D88C6-4793-4906-A43E-5D44F5371B3D,12-09-2013
11623,5617 Landing Dr,,Darlinghurst,50,2010,0xE6100000010CE86E68BE2BF240C0D3C7B46801E26240,94C2B275-BBFA-422F-8561-BA87F88B6698,10-11-2012
11624,2260 Clear Court,,East Brisbane,64,4169,0xE6100000010C479445BAC8843BC0FA90189CF01B6340,3AE34335-DBEC-4B5D-B3E5-9FCCB1062F11,17-07-2012
11625,Kampstr 5855,,Bottrop,53,46236,0xE6100000010CE2D8CCDB73C349402B93F32DE4C31B40,ACE50077-9412-437F-A8FD-1789C6D82764,06-08-2013
11626,4055 Leonard Ct.,,Beaverton,58,97005,0xE6100000010CC3025EF059C54640CF3FD15BB3AA5EC0,17769ED4-452C-4EF4-B28D-D29F044E02E6,10-01-2014
11627,6595 Trailview Circle,,Burnaby,7,V3J 6Z3,0xE6100000010C1462E798ADA5484074EAAE8482AC5EC0,7430EE6A-9084-43FB-B225-EB059B29948D,01-08-2013
11628,2639 Tea Lane,,Coffs Harbour,50,2450,0xE6100000010C1EFD90F8F62A3EC075BB3F2F58246340,0F36B2CA-5321-46F2-BB33-6688CE54013F,15-05-2014
11629,Hochstr 8111,,Braunschweig,53,38001,0xE6100000010C009A90C992214A40B292322BB21A2540,07661D65-046E-4CEC-9B71-039E446ED524,15-11-2011
11630,3004 Carob Way,,London,14,SW8 1XD,0xE6100000010CDFBA2EE930C549400B63E4E51B38BFBF,FCCA7609-8BC9-4538-92A8-D87BAC3B81E6,06-05-2014
11631,Conesweg 180,,Bonn,20,53131,0xE6100000010C00000000000000000000000000000000,026215E6-A3EE-40B4-83C2-E0EA15143BA8,24-07-2013
11632,9343 Seaview Avenue,,Cloverdale,66,6105,0xE6100000010CC02C229C0EF83FC0FFD439B4DAFC5C40,5822EF2C-14E0-4F73-9D9D-12D2F6E8B7AB,07-03-2013
11633,Am Grossen Dern 45,,Darmstadt,19,64283,0xE6100000010CC3E74BE053F148400965A8D667502140,8AA78D9E-A199-40FE-9025-CEE7AFADF4B5,29-05-2014
11634,7815 Driftwood Drive,,Hawthorne,64,4171,0xE6100000010CE533AFAE34723BC0FE0F8A1A8F226340,58071B73-4D10-4797-AD65-27EAB3CB63DD,26-12-2011
11635,2775 Robinson Ave.,,Sunbury,77,3429,0xE6100000010C5BAB0D3412C942C031293C925D1C6240,18162ED5-4384-48D4-B40C-E8A8E470AF1B,18-11-2011
11636,"89, avenue des Ternes",,Paris,161,75007,0xE6100000010C82C81F9B88774840C96B1A9CB3470240,E586A411-8AE6-4E3A-BDA0-B029F92ABB49,21-12-2013
11637,"4, rue Georges-Clémenceau",,Roubaix,145,59100,0xE6100000010C288B27C174574940F6CE2D82A4720940,DE1E9A41-3847-4DB4-AD48-50096AEC92D2,21-12-2013
11638,Wertheimer Straße 854,,Erlangen,8,91054,0xE6100000010C37441AE882CC48404964DE51A9142640,96D172C1-4C1E-4721-A8AC-DB3563EDA1A2,28-11-2013
11639,7726 N Jackson Way,,Kirkby,14,KB9,0xE6100000010C4506AE4E1AB94A402DFB4BA1A42607C0,148C9B43-A6A9-4885-960D-23565869CC38,18-06-2013
11640,9278 San Francisco,,Hervey Bay,64,4655,0xE6100000010C55E8277F6D4E39C00C2A96C9631E6340,2890489C-25E6-47BF-B72C-8E6CCE0F0FE7,31-03-2014
11641,"34, route de Marseille",,Dunkerque,145,59140,0xE6100000010C20DBD67AC38649407BB57CF2A3CC0240,DF765F3E-9ED6-41BF-BF38-9CDACAA2C9B6,21-12-2013
11642,2804 Alderwood Lane,,Chula Vista,9,91910,0xE6100000010CEC67CEA191574040F0409A3A9E425DC0,A09D0DB5-045E-43AC-923A-3B7FD2E3C777,08-03-2014
11643,1872 Chance Drive,,Cliffside,7,V8Y 1L1,0xE6100000010CBE2B327DFB3C4840ED377FDB97CC5EC0,5787DA70-4B38-4562-8613-3F0A7D5B5132,04-02-2014
11644,Reiherweg 4164,,Stuttgart,70,70511,0xE6100000010C00000000000000000000000000000000,DCB381A6-AB88-4E3D-969B-C4051BA21A19,19-01-2014
11645,"27, place de Brazaville",,Pantin,179,93500,0xE6100000010CED27A170837A48401894CF1E21420340,8CE843A9-AA0D-4DE9-B09F-62B2494FBD2E,21-12-2013
11646,4286 NE 3rd Court,,Cliffside,7,V8Y 1L1,0xE6100000010C0EF1FC81BD3B4840BD6C736611D65EC0,B57FE1A6-22C3-4F26-8EFB-C7D24EB175DB,01-08-2013
11647,Knaackstr 756,,München,20,80074,0xE6100000010C00000000000000000000000000000000,5043E954-0514-4C0B-B727-A23F5A37D274,13-02-2013
11648,"135, boulevard du Montparnasse",,Les Ulis,177,91940,0xE6100000010C69C007B89C5748406EB90E4470560140,BCC437BE-24FB-4A4D-985E-D84EECD9CA43,21-12-2013
11649,1624 Carlisle Way,,York,14,YO15,0xE6100000010C2E99193B6EF24A4070CCDF294E5BF1BF,462ACA3D-C6A0-4043-9606-499788E4568D,06-10-2013
11650,"6, rue de Cambrai",,Pantin,179,93500,0xE6100000010CCDFBA0E6C37B48402DDF053F2B3F0340,86780E5E-BAD1-499C-A950-B6C471263653,21-12-2013
11651,7339 Eureka Lane,,Gold Coast,64,4217,0xE6100000010C105197E4FFFC3BC06E2D02010C2D6340,36FDDF8F-104F-499E-997F-76566257C086,14-10-2011
11652,1275 West Street,,Beaverton,58,97005,0xE6100000010CC3025EF059C54640E901D6C145AC5EC0,24B4EA0E-23D2-4E80-8F54-B37ABD512154,28-06-2012
11653,9355 Slow Creek Road,,Peterborough,14,PB12,0xE6100000010CFEA7248E00484A406548EA3375FBCFBF,BAA03983-A489-4071-8BCD-7899537E368D,04-03-2014
11654,5024 Euclid Avenue,,Warrington,14,WA3 7BH,0xE6100000010CC0FC2678AFA54A40DBC72492455E04C0,0CB1A5D7-E5F5-47AD-A004-0B2A86D2F444,11-02-2014
11655,4890 Heron Ct,,Darlinghurst,50,2010,0xE6100000010C29E465F512F640C0B2D3410875E36240,7DAFE52E-149D-49E5-808C-99C09CBC64BD,16-02-2014
11656,486 Pacifica Avenue,,Seaford,77,3198,0xE6100000010C720EC39EC50A43C0317E6CC586246240,BC173C3F-D02A-4381-BB17-A3609A2465DC,25-11-2012
11657,6287 Strasbourg Lane,,Wollongong,50,2500,0xE6100000010C061536B85F3741C057510235EDD86240,7C93D120-64AB-4C43-9708-701FA51A48CA,07-05-2013
11658,Dunckerstr 7255,,München,19,80074,0xE6100000010C00000000000000000000000000000000,7D3E79E0-3892-492F-BF60-C0B3BA4A8809,05-12-2013
11659,Rykestr 5,,Dresden,19,1071,0xE6100000010C00000000000000000000000000000000,2B638644-851E-4E06-A9B4-6F1C57B7AB96,23-01-2014
11660,4849 C Olivera Rd,,London,14,SW6 SBY,0xE6100000010C1CDDDB85C3C44940A24F467A914BC0BF,BF20386D-38A6-4E82-8422-BAC6CB4FD7DF,07-09-2013
11661,Zeiter Weg 6664,,Saarlouis,70,66740,0xE6100000010C0F3550098BA14840F800A78BDFF21A40,568043DA-133D-4A10-A44A-3003D29A6F80,31-12-2013
11662,"51, rue Henri Gagnon",,Sèvres,178,92310,0xE6100000010C4BAA17E89261484098C69C9271AE0140,38FC9C57-9B99-4ADA-A1A7-BC20BCFE5C7B,21-12-2013
11663,"98, place de la Concorde",,Paris,161,75010,0xE6100000010C7046E4BF787648409D7D088B82950240,E9382B42-B18F-4214-A232-9D886AC5285F,21-12-2013
11664,9021 Santa Monica Drive,,London,14,SE1 8HL,0xE6100000010C8AC29B98D9C84940E77FA88996D2BABF,8DA845F6-82A3-45DA-B425-18BD7545DD6B,21-12-2012
11665,6228 RaceCourt,,Milton Keynes,14,MK8 8DF,0xE6100000010C440CCB73660F4A406FD204C8966FE9BF,59A1AB98-FD05-4AB1-9C6C-FAF1A303121F,01-11-2011
11666,"11, rue Henri Gagnon",,Roissy en Brie,163,77680,0xE6100000010CEE1C019F77644840B63B1B74B54A0540,4181C656-024C-4CDA-B43E-4BA0F36B4618,21-12-2013
11667,"3bis, boulevard Saint Germain",,Les Ulis,177,91940,0xE6100000010C2C59AFB6DB58484033B421991B550140,7E95692B-83D5-44F0-B697-D28D7C2D1188,21-12-2013
11668,"77, quai de l´ Iton",,Drancy,179,93700,0xE6100000010C77AC30CCB77D4840AB0AA074108B0340,27CBDE36-5939-43B4-AA9F-C60C0E97B88A,21-12-2013
11669,851 Summerfield Drive,,Cheltenham,14,GL50,0xE6100000010C1572AA95FDE849406A31693E1A9E00C0,733B4650-4B0C-41F5-8FCB-864EBCA0E8CF,16-04-2014
11670,"224, boulevard Beau Marchais",,Saint Ouen,127,41100,0xE6100000010C9CFC5DA2ECDD4740FB244508A65CF13F,7F33DF63-D2D5-42A3-9F54-55CAA853E75B,21-12-2013
11671,4309 Cambridge Drive,,Langley,7,V3A 4R2,0xE6100000010CDA937E796089484059049EA40DA95EC0,DEDA3A25-8EDF-4CB2-A1BE-3BFFC886E3CB,26-01-2012
11672,3237 Meager Dr,,Lavender Bay,50,2060,0xE6100000010C16105219BFF140C02714D20CC0ED6240,86AA879B-17AC-4259-8D69-69B2ACF76A07,29-07-2013
11673,851 Summerfield Drive,,Lavender Bay,50,2060,0xE6100000010CEE017D7572F040C03356D9021BE36240,E4518876-2BF9-49E0-B6CC-4E5E92578F12,01-09-2013
11674,"5, rue Malar",,Les Ulis,177,91940,0xE6100000010C67C2643B7F5448405EAB96D1E3520140,020E26E0-99C4-4375-A0B4-F1A172B9A090,21-12-2013
11675,3711 Rollingwood Dr,,Matraville,50,2036,0xE6100000010CE18457B7CFFE40C091AEFBCDB7E36240,D9B74E90-96D5-49C0-9C66-3074E51F56BE,22-12-2012
11676,6404 Del Mar Ave,,Burien,79,98168,0xE6100000010C938C522E9EC347406B2E9982EE925EC0,D09D1A6F-D35F-4C89-99D8-F5D7A601CC1E,07-01-2012
11677,"22, rue Léo Delibes",,Saint-Denis,179,93400,0xE6100000010C08F18DC42F7D48407DA137258AAB0240,C2EF90DF-CFE0-4890-82CF-2DCF4CEA19C4,21-12-2013
11678,8714 St. Paul Way,,Torrance,9,90505,0xE6100000010C03608C992FEB40402956F3FF52A05DC0,FDB81463-8F28-4EEE-8517-D44888BC1192,12-05-2013
11679,3403 Rapallo Lane,,Wollongong,50,2500,0xE6100000010C660A338A9C3541C0F4676B7C22E16240,3B11D285-8C7B-4FD8-8AA6-A1B938E41297,08-06-2012
11680,2807 10th Avenue,,Burlingame,9,94010,0xE6100000010CCA832019A3CC424052A62EAFFB9B5EC0,FA5B58F7-E564-46E5-B4FB-31203ABCB8C8,24-04-2014
11681,2427 Pastime Dr,,Victoria,7,V8V,0xE6100000010C190EC7D4D3364840FCB66C9146DB5EC0,21D8E51C-0D1A-4FD7-8D03-479B88A38901,20-07-2013
11682,3794 Francine Court,,Clarkston,17,30021,0xE6100000010C3836443D5EED4040E347263DBC1355C0,31B26580-2587-4BCE-8060-55804A489C30,13-09-2013
11683,Marketplatz 775,,Paderborn,53,33098,0xE6100000010C2261E6FE8FDD49408F840A8C4A882140,385FAA27-67D4-41C1-AD65-1405E9056611,16-11-2012
11684,"386, rue de Varenne",,Paris,161,75003,0xE6100000010C3E9AE127126A48409973993795A40240,539BC6AD-6875-436E-BD36-B803BAC0D50B,21-12-2013
11685,6885 Amending Drive,,North Sydney,50,2055,0xE6100000010CFBB7ED63F6E640C03105998838E36240,9AD1711B-42DA-4965-8501-C2F5193F2547,06-09-2013
11686,9069 Muir Road,,Bellflower,9,90706,0xE6100000010C91C2811A06F240409E1508D103855DC0,1BBDD5FC-38B5-4D98-A4F1-F9685A17FF4A,18-01-2014
11687,7086 C Wharton Way,,Santa Cruz,9,95062,0xE6100000010C7B21833A57794240976BD911EF765EC0,58B44DF3-1637-4C8A-881F-A1F851FBD93F,28-01-2014
11688,"8811, rue de Longchamp",,Courbevoie,178,92400,0xE6100000010C4CBE99995F7748409A08D99E8D100240,9E0F7457-0299-4956-AC64-EA780EE6813F,21-12-2013
11689,593 Chatworth,,Darlinghurst,50,2010,0xE6100000010CABBA49EFA3F540C067768E487DE26240,91B04025-2036-4FC2-8A26-275F920894C3,12-09-2013
11690,"8868, avenue de Villiers",,Paris,161,75019,0xE6100000010C3C5B9F0EDE7848406C002173BF5B0240,74738957-D34A-4827-B1E3-19B309AE1F5B,21-12-2013
11691,Westheimer Straße 92,,Ingolstadt,8,85049,0xE6100000010C79066342C6694840871F37B5BFB62640,AC36403B-820B-4A6B-B31A-2FA2EBB2CC9B,05-05-2013
11692,7604 Icicle Way,,Rockhampton,64,4700,0xE6100000010CCA727695AD6E37C00AA7975D25CE6240,ADCD29FD-14D6-403C-B0F6-A4BCF9F1562F,26-10-2012
11693,"4011, rue de Longchamp",,Villeneuve-d'Ascq,145,59491,0xE6100000010C919950E2654C4940AAEE135C4E260940,EE131DD7-8067-499D-8D94-879990B7DEA0,21-12-2013
11694,3549 Peachwillow St.,,Goulburn,50,2580,0xE6100000010C9B7D586B625441C07E4D1E51FCB76240,512F8B4C-7520-4C80-8D4E-4F79E6F477F4,15-06-2011
11695,5444 Bellord Ct.,,Cliffside,7,V8Y 1L1,0xE6100000010CB1DBD16EB5404840545FB603B3D35EC0,80DBD3D6-1DDC-432C-B7EF-AC45D1A88C9C,05-05-2014
11696,3608 Sinclair Avenue,# 701,Warrnambool,77,3280,0xE6100000010C309A9425F20643C01B6A0643F3CD6140,4E6B7A8C-6C0B-4419-BCF0-1AA506B43D74,30-09-2013
11697,8459 Patricia,,Peterborough,14,PB12,0xE6100000010C0F1397D745414A4056853A945CF7CFBF,AFDD3320-46E2-4587-9C0B-D19B01F6A47C,07-10-2013
11698,1721 Driving,,North Sydney,50,2055,0xE6100000010CFE6FB22131EF40C062A8319659DF6240,0ABCD2F4-D363-4F2D-BDA9-6D65C340F2CB,30-03-2012
11699,4594 Rose Dr.,,Geelong,77,3220,0xE6100000010C5081EAB4111A43C04ECABF643A0F6240,1F1A16BD-92F5-4F0F-BDEE-A2D7F1828661,23-04-2012
11700,5336 Roberts Ct,,Chula Vista,9,91910,0xE6100000010CAD15007D77504040CBDEE71C9F3F5DC0,29ACC17E-6F83-4A5B-9281-B3100D9E8278,07-06-2013
11701,"386, avenue de Malakoff",,Paris,161,75010,0xE6100000010C50B85425A77748400737849EFE4B0240,4D573C16-2B1A-4BD1-8132-9E98B6A4E40D,21-12-2013
11702,8401 Carson Street,#e,Les Ulis,177,91940,0xE6100000010CAD2D7743054D4840059F6DEDC84F0140,8A32DF46-6503-4276-AE71-437363AB35CD,21-12-2013
11703,3159 C Wharton Way,,Spring Valley,9,91977,0xE6100000010C9D51CC9AB65840407CBBA7B5493A5DC0,82ACD0F7-80D2-4B04-A6D9-CB93F979EE70,19-05-2014
11704,"838, rue de Berri",,Paris,161,75013,0xE6100000010C8B0778C909784840E21C786426760240,395E86F1-3794-4343-80F2-B20C57CEDC14,21-12-2013
11705,2946 Frame Ct,,Corvallis,58,97330,0xE6100000010C706EB773B45946404496F5F43CDA5EC0,C6F5D5BF-6379-4D5F-BEE7-C1CFFD961EBE,29-07-2011
11706,1023 Hawkins Street,,Lebanon,58,97355,0xE6100000010C1DDE9479E73D4640BCED300587B85EC0,E6E99BA2-D833-4BD4-A6F4-AC4C92014048,15-03-2014
11707,Charlottenstr 35818,,Bonn,20,53131,0xE6100000010C00000000000000000000000000000000,39F2A4A5-F517-46A9-89C4-601928232C71,01-02-2012
11708,1064 William Way,,Woodland Hills,9,91364,0xE6100000010C5979397AAA0F41405E78024512A15DC0,179F0F26-0B1A-4E05-9A08-A78CC64CA10E,11-03-2012
11709,"19, rue Surcouf",,Matraville,50,2036,0xE6100000010CBA272B5BAEF540C02C50642A9FE66240,DB12419F-FB3D-4BC0-A3AF-1B71B5AA1349,13-10-2013
11710,9394 Poor Ridge Court,,Caloundra,64,4551,0xE6100000010C70C17D403EC53AC0F9DB968304206340,87AB7367-43D4-4430-ADC2-76886271DA49,25-11-2013
11711,22 Geary,,Burien,79,98168,0xE6100000010CBEBDB81012B847406B211F4B3C8E5EC0,E083334F-3266-46EF-B92C-131FB2D40D44,06-06-2012
11712,2345 Yorba Linda,,Coronado,9,92118,0xE6100000010CBF3AC7DF7B584040E8A3BD626C425DC0,936C6A49-5608-48C9-8A44-C79E3ACF1EB0,09-11-2013
11713,"88, avenue de l´ Union Centrale",,Suresnes,178,92150,0xE6100000010C44961298DE76484058F5174172C40140,5DFCF6C1-4690-4769-8181-38D6E922E0C5,21-12-2013
11714,3586 Everett Court,,Redwood City,9,94063,0xE6100000010C386BC5EDFBBA424024AC52E128875EC0,5ABF76AC-A773-47A9-B227-006594E002BB,25-02-2014
11715,"5, rue des Vendangeurs",,Roubaix,145,59100,0xE6100000010C2DB5EDFEE35F4940EC717042206C0940,9A34ED95-2092-466B-92ED-0C9338CA8CB3,21-12-2013
11716,6790 Loma Linda,,Oregon City,58,97045,0xE6100000010C4584305064AB4640BF1BF8DE6AAA5EC0,2C0296F0-764F-4FAA-BE28-919B4D2B0D51,02-07-2013
11717,"21, rue des Ecoles",,Les Ulis,177,91940,0xE6100000010CFAF3B338FD564840CB998042744E0140,9B512F91-000C-42A5-BF27-FF9BD2EF9E12,21-12-2013
11718,8286 Willow St.,,Oregon City,58,97045,0xE6100000010C27AB542D74AF46400586C554D9A85EC0,0234ECCA-23FD-441E-B0DC-BAA65AD036FF,15-02-2014
11719,1745 Marina Pkwy.,,Glendale,9,91203,0xE6100000010C18185727AA104140C81A65657A975DC0,606FDF00-CC51-4BBC-8663-09FA16B8A311,14-11-2013
11720,6150 San Antonio,,Grossmont,9,91941,0xE6100000010CE6A4A155D35D4040746191E606445DC0,30DB6D96-139B-4B3C-9D69-EC479AAC457B,26-05-2014
11721,"27, place Beaubernard",,Pantin,179,93500,0xE6100000010CD25CA236C071484090A0D8CEA2410340,C6CD3696-E4BE-470B-A6A8-56F52F17387A,21-12-2013
11722,2518 Cashew Street,,Lynnwood,79,98036,0xE6100000010C79957D48C8EE4740AC693A70BC9D5EC0,ADF151FC-1100-421C-8F73-72F89F7DA067,19-10-2013
11723,7177 Santa Rosa,,Haney,7,V2W 1W2,0xE6100000010C8D1ADEB1BE9D4840E13B247F7CAD5EC0,CFDEE3C1-D9C8-482E-99E8-C01228B7D7FF,02-07-2013
11724,3800 Breck Court,# 60,Victoria,7,V8V,0xE6100000010C86303AA92A3B48407DA8BE0003D15EC0,B14684AF-B40A-43E4-A84C-CDAC7D87D240,04-02-2014
11725,9649 Sequoia Woods Pl.,,Berkshire,14,RG11 5TP,0xE6100000010C00000000000000000000000000000000,CAD16965-61AF-4B20-9878-48E3D655E004,20-10-2013
11726,1907 Grand Ct.,,Oxon,14,OX16 8RS,0xE6100000010C00000000000000000000000000000000,0576BCDF-5BCB-4338-8DD4-AE9D02CE2AF4,09-08-2013
11727,1640 Windmill Way,,Townsville,64,4810,0xE6100000010CB22F3464143333C0DF519CB2AF536240,E650F81A-FBD5-4EF9-A53F-145F2490360D,22-05-2012
11728,8713 Book Street,,Marysville,79,98270,0xE6100000010C182A9146BF0C4840A4AEA410BE7D5EC0,D3B794EA-0861-43CD-A730-312EE58D898E,02-01-2014
11729,8245 Heartwood Drive,,W. Linn,58,97068,0xE6100000010CC65F768532A64640A86C0B64BDAB5EC0,27604FED-2DAB-4816-B83F-A280BEA6A486,06-03-2013
11730,3413 Sequoia Woods Pl.,,Newcastle upon Tyne,14,NT20,0xE6100000010C9308B88866814B40C65701FA8ACDF9BF,AA69FD3A-57B3-4298-A76D-E5CE5E2011B1,20-09-2011
11731,3200 Wren Ave.,#107,San Gabriel,9,91776,0xE6100000010C4FE1F8656D0B4140F8D5EAD5DF8A5DC0,F4F3FF6B-AD74-415B-AD7D-3E8B18453F2C,19-05-2014
11732,1277 Army Dr.,,Glendale,9,91203,0xE6100000010CE3AD4EC0FD134140CC6E00EC91985DC0,16F15F76-5ECE-45E2-B522-EA65B66E1BC3,04-04-2014
11733,1318 Nottingham Pl.,,Lebanon,58,97355,0xE6100000010CEC38E3D59F3B46405C9F73A086AD5EC0,F7B3C471-936C-450B-8546-DEF80F577D68,07-11-2013
11734,3535 Hillview Dr.,,Gloucestershire,14,GL7 1RY,0xE6100000010CFFAA5B3499F049409E2D4C10BA8901C0,4D9EEE83-A00B-45F6-B91D-25B5299EB25B,02-08-2013
11735,"111, boulevard du Montparnasse",,Colombes,178,92700,0xE6100000010CF352B0D07C7A48400E1A9B9B1DF70140,2736EDA3-2369-4059-BBAC-C1C5A673C3F9,21-12-2013
11736,2305 Glaze Drive,,Mill Valley,9,94941,0xE6100000010CF2496A2453F34240FCB36617089B5EC0,117FB112-29EB-4D57-9EE6-C44126ADF5C9,14-06-2014
11737,6501 West Way,,Redmond,79,98052,0xE6100000010CB739EFC0D3DC474006124B65E3825EC0,6EBFBAF9-7399-44C3-AE1B-70DD5592FC1E,08-09-2013
11738,7874 Jones Lane,,St. Leonards,50,2065,0xE6100000010C3DC7451CA6E340C0EC91098EA6E86240,586BE51A-2966-4C71-97E7-1C1987F5AE93,04-12-2013
11739,3187 Westwood Court,#71,East Brisbane,64,4169,0xE6100000010CF08FDEB1C9713BC078D42AED43246340,B65ECC54-FC70-4A09-A7B1-633CAC39DC61,19-12-2012
11740,Kalkweg 4,,Bottrop,53,46236,0xE6100000010C65160CBF39BB494066ED737AD1AB1B40,1829F675-E837-4D2E-AADB-5BA4B065ED85,01-03-2014
11741,Winter der Böck 8456,,Essen,20,45001,0xE6100000010C00000000000000000000000000000000,1B46859D-9408-4986-8A16-8B752E5C2AA7,09-01-2014
11742,6863 Shakespeare Dr,,Malabar,50,2036,0xE6100000010C4EEF6752AEFF40C091AEFBCDB7E36240,7958EA75-CDE3-4B62-A1B0-C8BFD63982F1,15-12-2011
11743,7650 Northridge Drive,,Palo Alto,9,94303,0xE6100000010C7B75C43897B342404530F17AA08A5EC0,4D46E054-CECF-4A47-8B74-4B3C9B2914F7,11-05-2014
11744,4019 Shadow Lane,,Port Hammond,7,V6B 3P7,0xE6100000010C1A63450E82A348402FA455D115BC5EC0,EB421673-D484-4809-B326-7B3664285C36,10-10-2013
11745,"2128, place du Tertre",,Saint-Denis,179,93400,0xE6100000010C437D0319896D4840150B83DDEDAD0240,604980CC-4B0F-4B2A-A031-9A1D5D02B6C3,21-12-2013
11746,Marketplatz 5193,,Duesseldorf,19,40605,0xE6100000010C00000000000000000000000000000000,C6DFA463-3311-4045-90C8-D0626150D2EA,22-11-2012
11747,5485 Wee Donegal,# 77,Bellflower,9,90706,0xE6100000010C8975D50C97F1404092AD36B9548D5DC0,C290D7A6-76CE-4A89-8C20-F3EEC7333652,28-05-2014
11748,5300 Turning Dr.,,Redwood City,9,94063,0xE6100000010CED73D27905C6424060B9C1C274945EC0,2F69C1DB-B88E-4F44-A576-8CD5223BA4BF,08-11-2013
11749,214 Via Del Sol,,Chula Vista,9,91910,0xE6100000010C7EEFD40ADF4B404049D425E71C475DC0,EEFB03FF-C0FA-4FF3-8831-9226834CF967,22-12-2013
11750,9746 Valley Blvd.,,Shawnee,7,V9B 2C3,0xE6100000010C2C1C036C043748401BF2107944DA5EC0,6595E1C4-C92E-4E9E-9879-B695A47D3879,14-01-2014
11751,9466 Morning Glory Dr.,,Concord,9,94519,0xE6100000010CF2DFA37E2BFF4240C574794EC4795EC0,77D191AB-B53B-41E6-A061-2C3E148978F9,25-02-2012
11752,7569 Mt. Everest Court,,Berkeley,9,94704,0xE6100000010C527706B758F5424029360D8587925EC0,333A2E24-683A-4EEC-85B0-8BB0D918979C,22-11-2012
11753,"9080, quai de Grenelle",,Boulogne-sur-Mer,148,62200,0xE6100000010C80B26D94936149409EC59FC3CAADF93F,11D4F5C4-7E18-4910-B6B3-9AAD5E912A62,21-12-2013
11754,7355 San Benito,,Westminster,7,V3L 1E7,0xE6100000010C08572D4E8A9F48406B1879085AB15EC0,75858369-75C4-4034-A61D-B78BE2A69572,29-09-2013
11755,872 Patterson Blvd.,,Bremerton,79,98312,0xE6100000010CC16302697DD44740A9DE823336BB5EC0,F155DBAB-5C7E-4C01-95FA-10364E9D8E38,18-02-2014
11756,2777 Spring Hill Drive,,Haney,7,V2W 1W2,0xE6100000010C57FA215C8F954840500180D3DBA45EC0,4A6C33C7-B27F-4CB3-A655-B79BB7D5D6E9,07-04-2014
11757,5473 Hillridge Way,,Los Angeles,9,90012,0xE6100000010C9745EF606F0E4140129CD0A6DC895DC0,342A229D-18CC-4761-8A27-B812ECA7D8E9,20-09-2012
11758,4082 Roslyn Road,,Bellingham,79,98225,0xE6100000010C86889E045D694840A476B72191A55EC0,36D1325B-A2AA-4064-B4F6-81F63A192C8E,04-02-2014
11759,3805 Brushcreek Court,,Port Orchard,79,98366,0xE6100000010CD50E794571CB47401541A671EDB05EC0,4C1C4214-887C-4CFD-97AC-9FDBBC61722F,19-12-2013
11760,"36, avenue Reille",,Paris,161,75007,0xE6100000010CCD407A8104714840E277EE70CFB30240,5B9ED652-4D4A-4D5E-B329-34F6A3965770,21-12-2013
11761,Königstr 387,,Berlin,53,14197,0xE6100000010CB670F22B7C424A40C8F63A2B74B92A40,E2505FDD-1A0F-4087-BACC-B733192B7546,31-12-2013
11762,"13, rue de Terre Neuve",,Tremblay-en-France,179,93290,0xE6100000010C1B64E913E58248405512E447F96F0440,100B8731-C0C7-4E4C-9A20-C46402D62D3B,21-12-2013
11763,"118, rue Marbeuf",,Villeneuve-d'Ascq,145,59491,0xE6100000010CE7C307E10B4D4940B1E0424C98270940,0B7627EA-804C-4B7C-BAA7-6214CB0FFFEF,21-12-2013
11764,Hauptstr 2929,,Mühlheim,20,63151,0xE6100000010C357D0BCB580A4840351EF99A50C82140,FE5EE3B4-EB8F-4178-9301-C8198DE7C4DA,27-06-2013
11765,369 Roslyn Drive,,Sunbury,77,3429,0xE6100000010CE8EC0BA17FBE42C0DA4A664645176240,27FF86BD-A236-4603-98FB-99AAE1566F7C,30-07-2013
11766,7996 Ronda Ct.,,Esher-Molesey,14,EM15,0xE6100000010C00000000000000000000000000000000,95145598-D62C-4E8E-815C-36C90249243C,15-07-2013
11767,"76, rue des Berges",,Pantin,179,93500,0xE6100000010C688667A52D7148407FBBDB69884B0340,258A0669-C2B9-44BD-9BEA-ED9AAD987862,21-12-2013
11768,1201 Olive Hill,,Salem,58,97301,0xE6100000010C98071DD4A57C4640E052089D00C85EC0,C3F01ED5-9A4B-46BC-9E93-63BC0858FA88,20-11-2013
11769,2697 Hobby Court,,Salem,58,97301,0xE6100000010CC8E555054B7246402C791A5921C05EC0,9507BF61-C999-4005-8722-42543E3F67FB,30-01-2014
11770,6490 El Camino,,Goulburn,50,2580,0xE6100000010C6DBC48956C4841C053621E93C6BC6240,D79D657F-F087-46BD-A4FD-C1EF1DA5E2E1,22-02-2012
11771,6155 Wilbur Drive,,National City,9,91950,0xE6100000010C10095509185440403B247A609D3D5DC0,3DDD0EC0-99E3-400B-AB36-19D6184165B4,29-04-2014
11772,561 Park Glenn,,Sedro Woolley,79,98284,0xE6100000010CD872BEBAF4384840F3AF87E8E8885EC0,186F740F-5271-4997-96AB-17A1C897C420,27-11-2013
11773,6928 N. 8th Street,,Peterborough,14,PB12,0xE6100000010C7B78845A6C514A4084F08660EAFDCFBF,7585E1F3-4D67-487B-8CC7-4BE9BE14766B,03-09-2013
11774,"1, rue de la Centenaire",,Lille,145,59000,0xE6100000010CFAF63F826E4949404406E070815E0840,7843C672-B392-4A7C-8C4D-1612833B8737,21-12-2013
11775,8932 Westwood Way,,Kirkby,14,KB9,0xE6100000010CFCA823C7FEB44A40B9C65F0A512107C0,D5381891-20A1-49F4-880E-F476F12DFE5E,26-02-2014
11776,"62, route de Marseille",,Courbevoie,178,92400,0xE6100000010C3ECECEE87E754840FAAF7600160A0240,4ED2C998-91D4-4196-B960-D502A8586408,21-12-2013
11777,8210 Mines Road,,Lakewood,9,90712,0xE6100000010C81C6FDB458F140406DFBE60BC77E5DC0,CF03B230-36B6-4CBD-85A6-19027B8AE9FC,17-10-2013
11778,3124 Fall Creek,,San Gabriel,9,91776,0xE6100000010C080E9A362C0D414078864272067E5DC0,3036BF7B-7DBF-4269-B02C-6EB7A9EA59C0,27-05-2013
11779,5935 Isabel,,Berkeley,9,94704,0xE6100000010C5E43E6DBAEEA4240A46DE43AEC895EC0,A5FB04BA-E1F6-44E2-A859-65DDEC73811F,15-08-2011
11780,3758 Springwood Way,,Lynnwood,79,98036,0xE6100000010C54776C4FF2EC474037B351F28F935EC0,1498C46E-9586-4CB8-8A1C-680A9A1F0C88,14-01-2014
11781,3545 RiverRock Dr.,,Milwaukie,58,97222,0xE6100000010C5E63404CB5BB4640AEC844DADBAF5EC0,1B254224-A564-4670-ABFB-5489DEC58662,28-10-2013
11782,Attaché de Presse,,Roncq,145,59223,0xE6100000010CE4674951D864494008460BE3D2F80840,C35F8DA3-5AE5-403B-8373-EB037C8CC627,21-12-2013
11783,1622 Silver Oaks Place,,Beaverton,58,97005,0xE6100000010C92B6C884B1C04640D7560A2490BD5EC0,11B45DD8-2F67-4F79-9C3B-64BF8F681269,01-02-2014
11784,1663 Park Glen Court,,Lakewood,9,90712,0xE6100000010C5946572343DF4040972E30AB78865DC0,B9DCC8DE-09E8-495B-84CB-764ECB62675C,27-10-2013
11785,"1234, rue Ste-Honoré",,Saint-Denis,179,93400,0xE6100000010CE9EC9DA1C96E48405277197595AA0240,0334F558-C1E9-4E19-8AB0-17E90039B1D5,21-12-2013
11786,2650 Hamlet,,Portland,58,97205,0xE6100000010CC132F70F70C34640F966B77092B25EC0,997F9262-8996-4E98-950F-562031F9705D,07-08-2013
11787,2944 North Main St.,,Los Angeles,9,90012,0xE6100000010CF8728D39E901414062B3E10135885DC0,26EFFE4D-8394-4B12-B705-398F450FE67E,13-05-2014
11788,"10570, rue Lamarck",,Saint Germain en Laye,164,78100,0xE6100000010C2BD9BEA5B26F4840877621A951D00040,D98C70DD-901E-4161-989D-CB44BD888092,21-12-2013
11789,7390 Notre Dame Avenue,,Kirkland,79,98033,0xE6100000010C2931C3AA44D74740C9B687190C935EC0,FD044BD4-8800-4E0B-89D4-66DBF0AC1FE4,29-12-2013
11790,465 Falcon Place,,Townsville,64,4810,0xE6100000010C7C0BC38A003833C0DF519CB2AF536240,F7762ADD-7B0D-453E-BF28-14CABBEEEEFA,22-12-2012
11791,Altendorfer Straße 570,,München,53,80074,0xE6100000010C00000000000000000000000000000000,6FF44CF2-EA97-477F-ABB2-67F43485DA4A,31-03-2014
11792,8885 Partridge Dr.,,Woodland Hills,9,91364,0xE6100000010C3101D0661A104140C743CDB86BA95DC0,3A3A5A1F-1EB5-469B-94E6-E1097C2D6E39,02-07-2012
11793,4999 Corte Segunda,,Santa Monica,9,90401,0xE6100000010C18B63CF72B0541404E1ED5302DA15DC0,AE944DAC-8DDD-4A70-BFEA-093B13E69400,03-04-2014
11794,Alte Landstr 799,,Paderborn,53,33098,0xE6100000010CB8A11B702EE44940046FFBE2307C2140,6FD4EDDB-BB3A-4C61-844A-ADA79DDC78B9,22-04-2012
11795,6749 Orchid Ct.,,Westminster,7,V3L 1E7,0xE6100000010CF0169D450FA24840B56E7351B9BE5EC0,7CCA1AA1-5951-4B33-86B0-F398610C8F08,06-01-2014
11796,3117 Story Lane,,Woodburn,58,97071,0xE6100000010CF0C682F08B8D4640839FE7AD54AB5EC0,ADC3D04A-C146-4C77-936E-E54A77991C8B,24-05-2012
11797,9896 White Dr,,Cliffside,7,V8Y 1L1,0xE6100000010C0FA19C73773F4840BA5D0E75B3E25EC0,9C725715-BF5E-4181-A5E8-D231FD13F09D,28-05-2014
11798,9430 La Vista Avenue,,Port Macquarie,50,2444,0xE6100000010C48DB183B036D3FC0671E1260241E6340,0D1D28D0-DB9D-4747-B163-40F54866FD50,07-10-2011
11799,7776 Cordoba Way,,Burien,79,98168,0xE6100000010CEAEB06D2E4B947400ED7042426925EC0,410D8B74-BD16-4A52-8D0C-EC51ADB03EBD,13-09-2013
11800,4399 Shuey Ave,,Newton,7,V2M1P1,0xE6100000010CB91168E276F44A40D56CFC5C1EAF5EC0,0FB429C6-9461-44F0-AA25-BE351FEB9A37,09-12-2012
11801,8769 Haven Drive,,Perth,66,6006,0xE6100000010C67AA896F0CE43FC078357EAF8EEB5C40,84748794-E0CF-4BBF-B353-6B6E9FC55B58,30-05-2014
11802,9312 Corte Del Sol,,Shawnee,7,V9B 2C3,0xE6100000010C1CB21B525140484094D59485E5D75EC0,CC7F3D92-009C-45E3-9A70-3DF8BE357C8B,13-10-2013
11803,"9833, rue des Ecoles",,Paris,161,75016,0xE6100000010C77BD6E1D016F4840F33771D420D30240,9AB30137-E5AF-427B-9A86-FBBEC6FEB65B,21-12-2013
11804,8844 Bel Aire Drive,,Yakima,79,98901,0xE6100000010C8AD46833EA4747403D2199422A215EC0,8FC22139-86C0-4AFF-AD35-03BAFE158788,27-06-2011
11805,Karl Liebknecht str 299,,Mühlheim,20,63151,0xE6100000010C00000000000000000000000000000000,7B5BE3E0-793C-4DEA-81C9-17946C6F1504,06-10-2013
11806,3799 Hilton Way,,Lynnwood,79,98036,0xE6100000010C396D11A755EC4740C2FC687463895EC0,8D97DEAE-2B46-44C1-90D7-1ACF7019EFEF,10-09-2013
11807,1876 La Costa Ct.,,Bellingham,79,98225,0xE6100000010C3E31EC6A1F634840DF2B039AA5A15EC0,E7DA6240-DB6B-4452-B7AA-3F572492084E,04-04-2014
11808,Holzstr 6444,,Werne,53,59368,0xE6100000010CEC77D5C115E0494073117609E57E1E40,EC256B4E-0FA5-4741-9BE4-CC2AD0530C86,28-04-2014
11809,2904 San Simeon Ct.,,Goulburn,50,2580,0xE6100000010C68252C01834F41C05E03EB6EB7B26240,8F1FC3CC-8B66-40F8-86CE-9160694CAC65,04-06-2011
11810,8241 San Jose Drive,,Burien,79,98168,0xE6100000010C8ED28D9802C347406BD04708CD8F5EC0,6381DF62-987B-4FE0-B6DE-E221035D5886,06-07-2013
11811,"882, rue Villedo",,Villeneuve-d'Ascq,145,59491,0xE6100000010CC716C1D63B524940DA211605652D0940,45B28E3F-DFDF-4542-BE05-68976C052786,21-12-2013
11812,5854 Eagle Way,,Chula Vista,9,91910,0xE6100000010CD10910FCA45440408AD906025E435DC0,DBAEAAD7-626D-429A-A025-DA7F23BFD372,17-09-2013
11813,7644 Corte Segunda,,Langford,7,V9,0xE6100000010CD9FE6C5ED0384840FA3685D513E05EC0,188C50EF-57E6-4035-850D-4338E3B7C80B,29-08-2012
11814,386 Woodpine,,Renton,79,98055,0xE6100000010C5954B67BC0BF4740243323B37C835EC0,6AE8E49F-5D05-41F1-95B0-F48012BF0223,19-03-2014
11815,"1402, rue Lauriston",,Villeneuve-d'Ascq,145,59491,0xE6100000010CE7C307E10B4D49409C0AB67BBA230940,8BB0B833-9FA4-44A5-8234-1FFD1C706626,21-12-2013
11816,7188 Viewpoint Ct,,South Melbourne,77,3205,0xE6100000010C264C5B772EE842C0A48166BAC3176240,7B0BB4A5-DDAA-4C50-99D5-040670FC8A90,09-12-2012
11817,6500 S St.,,Walla Walla,79,99362,0xE6100000010CBF043AE7E10B474024C9BD6C438C5DC0,3AF6B047-BD27-434A-A414-6DB48986CD49,04-12-2013
11818,4385 Claudia Dr.,,Springwood,50,2777,0xE6100000010C52C88481BFDC40C0A4EB81A6E6D96240,BECB7882-3509-46C8-B086-99A179E1F803,25-12-2012
11819,8249 La Jolla,,Oakland,9,94611,0xE6100000010CA8AD4CB285E7424049BE92C9A1945EC0,E4C42C25-3429-494C-B976-608A9CE85D3E,19-10-2011
11820,2499 Greendell Pl,,Beaverton,58,97005,0xE6100000010C3459EBE2C4C44640E9D200586BBA5EC0,71E3A153-8A42-4041-B68B-215D02421122,03-08-2013
11821,4618 Olive Hill,,Newton,7,V2M1P1,0xE6100000010C390DD08D27F54A40E4E372D942A75EC0,C17636EB-B198-4893-94EE-5F7F554765DF,27-11-2011
11822,9277 Ridgewood Court,,Issaquah,79,98027,0xE6100000010CDE7681ACBBC847406E5861D7C2735EC0,79D33183-80BC-4A3C-ABFA-AA008BA509F9,20-11-2012
11823,5899 Mt. Wilson Place,,Novato,9,94947,0xE6100000010C019F1B786B0A43409A9522D173A75EC0,6C78922D-B713-4521-B258-E1A67338ED39,26-01-2014
11824,"1103, rue Lamarck",,Paris,161,75019,0xE6100000010CF7B355E7DE6C48405607898556B60240,906287FE-117D-417C-8FCF-6797516AC423,21-12-2013
11825,3469 Fish Ct.,,Lincoln Acres,9,91950,0xE6100000010CC77B353259554040D06F30B45A4A5DC0,53EEE993-B141-4850-B570-F59B3CEDBCEA,19-09-2013
11826,346 Sutcliffe Pl.,,Langford,7,V9,0xE6100000010CF89EEB79BC424840F01E1F488BDA5EC0,E26EDD5B-D522-4DC0-BF23-8DACD3E51E76,02-07-2013
11827,"2, cours Mirabeau",,Paris,161,75013,0xE6100000010C3A529053976F484022AF0FB21B2C0240,F95EE43B-13D4-4B61-8092-E35B50D326BB,21-12-2013
11828,8168 Eaker Way,,La Jolla,9,92806,0xE6100000010C7FA48F6CBAEF404029B54CC386705DC0,96CBBE5A-5C00-4C93-8541-45305DC52268,01-03-2014
11829,7955 Cleveland Rd.,,Walla Walla,79,99362,0xE6100000010C076A2AFA0F0D4740167EDDC1699B5DC0,3A5D4B49-6256-419A-BFEC-7CE1EC2164F0,04-03-2014
11830,5782 Ringing Court,,Melbourne,77,3000,0xE6100000010C66446C7B5AED42C0CA174A0138206240,E8629289-7C58-4BAE-B6EE-8D8F30FF2C89,15-05-2014
11831,"27, place de Brazaville",,Metz,143,57000,0xE6100000010C5425C48C969148401B5EC34F08C01840,CC0CCE19-F5E5-4BFC-BE5C-ED5659EF5411,21-12-2013
11832,"101, avenue des Champs-Elysées",,Colombes,178,92700,0xE6100000010C6A9F4A4B7F7F4840CE7CE7A56AF90140,0EBF9AA0-3443-4A67-91AD-A464A090B401,21-12-2013
11833,4404 Mildred Avenue,,Redwood City,9,94063,0xE6100000010C7B17B7D3B3C14240708F3256B9885EC0,DDE9261F-DB66-4811-84FB-26EAD14F0E6C,26-10-2013
11834,7354 Scramble Rd,,Rockhampton,64,4700,0xE6100000010C6DFF32DAB06537C07ABFC5BC5ED56240,D741D249-64F3-400D-9F5B-A29537A9FD24,30-08-2012
11835,4475 Terra Calitina,,London,14,SW6 SBY,0xE6100000010CF351FA31C9C2494016AB062CFC46C0BF,01FEDCAE-D027-43A9-A3DE-5F483352DE91,10-07-2013
11836,8595 Central Avenue,# 778,Shawnee,7,V9B 2C3,0xE6100000010C04A3F755AD324840409C9C9E27D35EC0,1732DEE7-84EC-4C7C-BB83-80E46232E5F6,23-07-2013
11837,6754 Pampered Ct.,# 19,San Diego,9,92102,0xE6100000010C2F9CB92CFD564040FC41656DF1455DC0,4203E8F0-504B-4BDD-A9BC-DF1914AC15D9,17-01-2014
11838,6329 El Rancho Drive,,London,14,SW8 4BG,0xE6100000010C8F32DFA8D5B94940EAE7EDAA69C0C2BF,D3C34D74-9842-41A0-A84D-EDDB236CC39C,28-11-2012
11839,9009 W 46th St,,London,14,SW8 4BG,0xE6100000010C4BE3741121BD49400B5BAAC189C9C2BF,F7002BF2-57AE-4BD4-BBB3-D01B14130E42,08-03-2014
11840,1242 Ridgewood Ct.,,Matraville,50,2036,0xE6100000010C4EEF6752AEFF40C086C9B7B233E46240,AF4869CE-088B-43F2-AD45-DCBFFE61F621,06-07-2012
11841,1160 Bella Avenue,,Port Orchard,79,98366,0xE6100000010CF9DF604973BD4740865C542DF1A55EC0,A8D02C28-A5EF-4030-AA91-4D0E61733B16,26-04-2014
11842,7527 Eola,,Stoke-on-Trent,14,AS23,0xE6100000010CF756A0EFA47D4A404CB3DC0E496D01C0,83059AB6-DFF2-4588-BB27-71B7F5A5807F,04-01-2014
11843,9531 Harrison Street,,Colma,9,94014,0xE6100000010CDC6A5F6743D94240A24183E0D99C5EC0,BF88143A-CFA6-4DEF-BCD1-E02C81E5485B,29-06-2014
11844,9108 Clear,,Sunbury,77,3429,0xE6100000010CCAEBF50B30C642C0DEC54BB74A1D6240,494C08F2-28D2-4E3A-A240-7BDB7D5A1FAD,13-04-2012
11845,8809 Diablo View Road,,Burbank,9,91502,0xE6100000010CD40FE4ABD51A4140C46C7566AA9D5DC0,E12A5503-908F-49A3-9634-93F5951A1B67,15-06-2014
11846,1318 Nottingham Pl.,,Sydney,50,1002,0xE6100000010CABFECF2B75F240C03C66F1D8C9E16240,D9B50890-3B8C-45A7-9888-53D359EA5E51,19-09-2013
11847,3723 Mt. Sequoia Ct.,,Santa Monica,9,90401,0xE6100000010C6D64D1E982FF404024468F0C6BA05DC0,DCF9179D-389B-4BA7-A327-92BC73AA3315,25-06-2014
11848,3255 Marsh Elder,,La Jolla,9,92806,0xE6100000010CE4B4649BE6E44040AFA8321FC16C5DC0,CF494404-25D2-4376-9200-ED9454D6A865,22-05-2014
11849,27 Elkwood Dr.,,Hawthorne,64,4171,0xE6100000010CE9B7A139D4773BC0509E94EE16216340,D5641FA2-5D93-4AE8-A12E-C467465BFD33,22-01-2012
11850,8422 W. Holly Drive,,Renton,79,98055,0xE6100000010C744D06739AB347403DCCAE0E178C5EC0,5501D644-66D6-4F95-B589-86692C57BD6F,22-08-2013
11851,2898 Forest Way,,Redmond,79,98052,0xE6100000010C73FC16302AD94740086F2CBC2C905EC0,414C1BC8-BC07-4BB5-A417-0CB6EFB7CC90,13-03-2014
11852,"3, rue de l'Espace De Schengen",,Roissy en Brie,163,77680,0xE6100000010CA851ACDC356D48403149548E28500540,A4D03398-D20B-4FCE-82D6-94D4EE0B72A9,21-12-2013
11853,Brunnenstr 432,,Mühlheim,20,63151,0xE6100000010CFA14E1700D06494060B977D107B92140,6A806842-02CB-40BA-8489-A18DE1AC18FB,09-04-2013
11854,975 Harris Circle,,Lake Oswego,58,97034,0xE6100000010C18734DD5E6B64640EC19AF6266AC5EC0,048C1249-0A62-41DB-A48C-1AEEACFFD9A5,05-06-2014
11855,1016 Park Avenue,,Burbank,9,91502,0xE6100000010C69FA9FB275164140DD6459FB8C915DC0,211345DA-B8D9-4D4A-A54A-AE2F6094E8BF,04-06-2011
11856,1032 Buena Vista,,North Ryde,50,2113,0xE6100000010C67E4FE7F24E440C08F50596804EB6240,5B865AFA-564A-4C70-AA5B-DFC6BD07CBF9,08-06-2012
11857,2003 Pinecrest Dr.,,Redmond,79,98052,0xE6100000010C73FC16302AD94740B5327200FB7E5EC0,42A8DF67-611E-4973-88C9-735F3D6C2F8D,13-10-2013
11858,2297 Via Valencia,,Cranbourne,77,3977,0xE6100000010C26E09043AA1243C09D216382BE2D6240,FBAA4EC5-3B5F-42AC-A742-E9E01F4B9B88,22-11-2012
11859,Husemann Straße 7574,,München,20,80074,0xE6100000010C00000000000000000000000000000000,8177BC49-DEA0-48D7-8E8C-4BC62A4A5351,23-07-2013
11860,"92, rue des Pyrenees",,Metz,143,57000,0xE6100000010C2450BF161A9448409EE7F14A2BB71840,517A1A99-1089-4A3B-8BA3-06B3887B672A,21-12-2013
11861,3538 Esperanza Drive,,Coronado,9,92118,0xE6100000010CBE987571575E404028F06357AC445DC0,D4D0BF13-802D-4D6E-A3A0-A901B80F11CB,27-01-2014
11862,6742 Clover Road,,West Covina,9,91791,0xE6100000010C70CE05681F0D4140C0B668706F7E5DC0,ED20E8B9-08F4-4DAE-8318-E9A775D4DA6E,14-11-2013
11863,6395 Deermeadow Way,,Lancaster,14,LA1 1LN,0xE6100000010CDB867072510A4B40C17C8F68F87306C0,C038C1AE-6A0D-4061-BFCC-E4FFF7E8E753,08-09-2013
11864,7783 Limewood Pl,,Rockhampton,64,4700,0xE6100000010C6DFF32DAB06537C001F14E53C6CA6240,670E833C-84F1-4A67-9316-5BB50AFE98F6,06-03-2012
11865,3123 Bonita Ave,,Townsville,64,4810,0xE6100000010CFCAC05D45A4133C04BE8CF67DE506240,7BB2A660-C8B7-4F65-B50E-1FF36AB87A15,01-03-2013
11866,8238 D Crane Ct.,,Newport Beach,9,92625,0xE6100000010C3CB3C3168ED2404037F9CEEC41755DC0,DB03C584-85DF-4658-9B0E-61DD49D088D5,21-03-2014
11867,3114 Notre Dame Ave.,,Silverwater,50,2264,0xE6100000010C73DC079EE58D40C03A769DC427EB6240,3903C6E2-7352-4DAD-9672-513C26BEE965,14-12-2013
11868,4352 Marclair Dr.,,Concord,9,94519,0xE6100000010C7F6E868684FC4240506B6F1D28755EC0,EEAB48D7-7455-405C-AAF4-2737AC12C44C,20-01-2014
11869,6102 Corte Poquito,,Walla Walla,79,99362,0xE6100000010C7CCC733C3111474002ABFDC152925DC0,BC993249-A71B-4D9F-BDB6-84FB2DAF94B5,04-10-2013
11870,2470 Icicle Circle,,W. Linn,58,97068,0xE6100000010CEF631BE984A846403254185818AE5EC0,D54E259B-A0F0-4DD9-84EE-2FB9DD2E4679,13-01-2014
11871,2115 White Dr.,,Bendigo,77,3550,0xE6100000010CB0AEACF6235E42C02F08245A860D6240,CBAA6D73-C4A1-4067-9FCE-F46013A8D4CB,20-05-2013
11872,8665 Brown Street,,West Covina,9,91791,0xE6100000010C4C45AD29C30841406603D0A8A97A5DC0,56D8C7E1-04F9-4390-8D3A-63987B6FBC61,24-04-2014
11873,8197 Haviland Place,,Puyallup,79,98371,0xE6100000010C310431E14596474066759732399E5EC0,D3D233AF-EBC1-4DE7-8CCC-CCD70C7D9DB1,08-11-2012
11874,319 Dale Pl.,,Newcastle,50,2300,0xE6100000010C6F0CCBB4C97740C025DB369CE8F96240,F328FD4E-CDD7-4E96-AE95-D37778C70AF7,10-04-2013
11875,3365 Atherton Circle,# 11,Grossmont,9,91941,0xE6100000010CDC2E821DEC5F40401142846648405DC0,41BAC15A-7D00-4D99-9284-103D05149EE9,29-01-2014
11876,3152 Woodcrest Drive,,Lebanon,58,97355,0xE6100000010C69478162793E46402E368C1674A65EC0,A26422EA-DC4F-44E8-8E61-89DA04BF28D6,16-09-2013
11877,8211 Leeds Ct.,,Goulburn,50,2580,0xE6100000010C294B3366BD4D41C07E4D1E51FCB76240,CDE63FEE-777E-42F6-823F-57AA2278EDB3,25-06-2011
11878,1229 Apollo Way,,Lynnwood,79,98036,0xE6100000010C3ACC60218BE24740D83C805D0A995EC0,DF15CF3A-76CD-42CE-9A51-7C06814F285F,27-07-2013
11879,3925 North 39th Street,,Haney,7,V2W 1W2,0xE6100000010C1CA431D2AB9348405C1F5BB5B3AC5EC0,E5385A88-A975-4866-B3B4-7D6576D0D483,26-09-2013
11880,2257 Gate Drive,,Downey,9,90241,0xE6100000010CBB8778BA5CF64040F5BB6237C38A5DC0,C41903B4-E914-4B29-AA38-8D6A0411E215,02-09-2012
11881,5207 Minute Dr.,,Lincoln Acres,9,91950,0xE6100000010C662017C8F259404080B96E3B9A4C5DC0,447EC4FB-42C8-433E-B719-0559A263A757,04-10-2013
11882,3792 Westwood Ct.,,Beverly Hills,9,90210,0xE6100000010CCDF48A64140F4140D2E0364B1D965DC0,16C0C39B-2405-4487-85CC-20D1EC683634,19-12-2013
11883,9652 Steven Drive,,Corvallis,58,97330,0xE6100000010C61C767656B5B464064ACA37209CC5EC0,0F781DC9-A48D-47A5-B336-3AF210F5D357,15-03-2014
11884,5923 Hazelwood Lane,,Bremerton,79,98312,0xE6100000010C75827F93EAC847401F2CFAD5DAAD5EC0,841B16E9-4E27-4DA5-B6EE-9188C414BD89,24-05-2014
11885,1358 Palmer Rd,,Billericay,14,CM11,0xE6100000010CAB0E97CAAFCA4940AC06541E42B3DA3F,3446F5B7-628C-4669-8122-88985177D37B,11-11-2013
11886,1148 Thornwood Drive,,Corvallis,58,97330,0xE6100000010C492886FD6A53464065D5DE174BD65EC0,18C1D44C-4F87-4970-986B-6143748D0DD6,04-01-2013
11887,4606 Charming Court,,Torrance,9,90505,0xE6100000010C0315D8086DE64040EDAC0BE814A15DC0,78A6A9F9-36F2-4CB7-B777-3FD319837A11,10-06-2014
11888,9011 Tank Drive,,Redmond,79,98052,0xE6100000010C3A0D2ACC44DF4740D7CE57D0F4905EC0,AE68DFD9-73FB-4C26-A5D8-91AF2E3F9D7B,23-08-2013
11889,3971 Confir Court,,Bendigo,77,3550,0xE6100000010C2ACFEA327E6042C067F9CB1FC10A6240,A5F14ADC-82D4-4118-B9B4-6AE9C283DE0E,20-12-2012
11890,8629 English Court,,Redwood City,9,94063,0xE6100000010CDC0A726DC8BF4240DE39D2B46A8D5EC0,4250D20B-CF9A-486E-986D-E0E211E72454,29-10-2013
11891,5977 C Wharton Way,,Melton,77,3337,0xE6100000010C6BF7BA00F2D042C0A5855986AC156240,D4445EFF-0D4F-447F-9C9C-89421E040CFB,04-07-2013
11892,8784 Detroit Ave.,,Milsons Point,50,2061,0xE6100000010C4A01389975F240C01306836762E56240,8D029394-D97D-4337-87CF-95FB802FE3D2,07-12-2013
11893,5252 Santa Fe,,W. Linn,58,97068,0xE6100000010C84B93D74B5B44640E98829483CB15EC0,4CD4267E-A5BC-4620-B494-422640A285C5,24-07-2013
11894,"88, impasse Notre-Dame",,Drancy,179,93700,0xE6100000010C3B6043DCD67B484064C445A492910340,EA42D742-7C5B-4A68-BCFD-E1F3320EBEC7,21-12-2013
11895,2822 Valmar Dr,,Fremont,9,94536,0xE6100000010C828AB84550C54240AB87BE0284755EC0,28809E3B-E11E-4753-BA38-9CC4B39D4F84,06-12-2013
11896,4082 Virginia Hills,,London,14,EC1R 0DU,0xE6100000010C18D6044DF9BE49403D32FA0FE021BBBF,1B08C428-170E-42C6-B237-54B42C7D79B6,22-12-2013
11897,9930 Clinton Dr,,Townsville,64,4810,0xE6100000010C899D7B778A3533C045E6ABA67C5E6240,44ACE11C-F430-4070-8C1B-E1DBC990E43A,28-10-2013
11898,9697 Central Ave,,Seattle,79,98104,0xE6100000010CEE4CE1BF3BCD47404B3269286C905EC0,10834580-20BD-4B8D-885E-5DB08157D12C,22-04-2014
11899,7521 Mount Aire Parkway,,Torrance,9,90505,0xE6100000010C176A26CEF6E2404066A130BF439A5DC0,D81EB264-3AD3-4FBC-9458-4C0C6A29F2F8,28-12-2013
11900,Auf den Kuhlen Straße 122,,Ingolstadt,8,85049,0xE6100000010C964F742B6B5B4840177A16C04BAC2640,EA11E44C-C956-45B8-9FF3-FA9DD96FE3BB,06-01-2014
11901,5071 Almaden Dr.,,Berkshire,14,RG11 5TP,0xE6100000010C00000000000000000000000000000000,56B06CFB-840D-4419-875E-93AB05330D4A,09-01-2012
11902,7307 Corte Segundo,,Billericay,14,CM11,0xE6100000010C2577B66E4BD14940E3DAF451B2A9DA3F,CCB286C3-5252-4F59-B0E3-2500AB659DCA,11-04-2014
11903,5385 Sony Hill Circle,,Victoria,7,V8V,0xE6100000010C001F3C125934484004C9D04746CC5EC0,C98A9701-F8D6-4E83-AFA1-65A649C21021,25-08-2013
11904,5425 Highland Circle,,Cliffside,7,V8Y 1L1,0xE6100000010C0301DC56EB464840B1BD894547D55EC0,46842D6C-E9DC-4DBA-BC5A-263742386F39,19-01-2014
11905,5980 Icicle Circle,Unit H,Townsville,64,4810,0xE6100000010CF4C2E0D7D84133C0710B14D6CE516240,5CD17AD6-82C9-4151-9B6A-5D457F48140C,11-07-2013
11906,3757 Brook Hollow Ct,# 101,Woodburn,58,97071,0xE6100000010C27BBF60AD08B4640CD0B726C8BAA5EC0,1292BC6B-0E22-467D-8131-454548FD3D25,28-02-2014
11907,1105 N. 48th St,,London,14,E17 6JF,0xE6100000010CC2D6919037CF49400104F73E8BCDA5BF,5BCCB9DE-E7A7-408D-9FE2-A0736B9CCD0A,15-04-2014
11908,1120 Curtis Drive,,High Wycombe,14,HP10 9QY,0xE6100000010CCA78CE8A48C349403308B65D443CE6BF,65557309-1CA2-471C-A6AB-843E6175FE0B,29-11-2013
11909,7948 Rambling Lane,,Puyallup,79,98371,0xE6100000010CF74D3C72B0984740D2E766ED7A925EC0,5C63C531-D9AC-43F2-AC3B-CA2653C58480,14-12-2011
11910,1153 Loma Linda,,Bendigo,77,3550,0xE6100000010CF0BAFB47515B42C0CB00F8BC230C6240,D072DED7-47A0-4B00-BE07-189419DD0E96,24-05-2014
11911,4302 Oakleaf Ct.,,Hobart,71,7001,0xE6100000010C4BDE421CE46C45C0B0B0D1BB14696240,88EC3D35-1138-4A77-A479-5C118E2F8BA7,31-01-2014
11912,2648 Hillcrest,,El Cajon,9,92020,0xE6100000010C4F02CDE79A6640403B289A2F9F3B5DC0,977ECDDD-4C81-458F-AD0E-054F92759896,22-10-2013
11913,Parise Straße 1551,,Frankfurt,8,91480,0xE6100000010C5B31C1DF5DD64840FBC424C5721B2540,681BC46D-E409-4B2E-8DCC-BCBA1A22468A,10-09-2012
11914,"88, avenue de l´ Union Centrale",,Tremblay-en-France,179,93290,0xE6100000010CD921C78A078648409D393CE6BA750440,DC4E090C-1D08-4BDB-9082-A2061EFDE145,21-12-2013
11915,4159 Apple Drive,,Findon,66,5023,0xE6100000010C11D02A51487441C01B4A875D26556140,46311644-8A2A-461C-93FD-AE0FBD362D7B,27-01-2014
11916,512 Palms Dr,,Renton,79,98055,0xE6100000010C8722737D2EC2474032405C33E9935EC0,B407642D-A4DF-4D33-B8D8-69A51247D753,08-05-2014
11917,6880 N Lanky Lane,,Salem,58,97301,0xE6100000010CA3CDBFB2AC804640528C23B731BC5EC0,A60E4732-02E3-4B6D-9269-CE5EE0BC7E0C,06-01-2014
11918,7179 Golden Rain,,Chula Vista,9,91910,0xE6100000010C81BDB917744B4040A367B1939B4B5DC0,1826E6EF-CE41-4B71-99AC-C93C43B5568D,06-12-2013
11919,5592 Byers Rd.,,Colma,9,94014,0xE6100000010CD41F1426E3D54240143DFD2226985EC0,53ABC9ED-8B78-4B47-AD32-CE6ACF0A21F2,01-11-2011
11920,7265 Mt. Dell Dr.,,Melton,77,3337,0xE6100000010C781B0DFA2ACB42C0B34E89C4FC176240,8FF05A2B-4C51-43AB-872D-293217099EB4,09-04-2012
11921,5966 Krueger Dr.,,Sydney,50,1002,0xE6100000010C9617328F85EB40C0E473CF805EDF6240,50DDB003-1B58-49FC-905D-1CE412A6BB38,12-05-2014
11922,9816 Ban Bridge Pl.,,Findon,66,5023,0xE6100000010C0C36A1C7D06F41C0A275FF7F7D526140,992445B8-0A51-4231-B854-92DBA85D283D,11-03-2013
11923,Postfach 99 92 92,,Ingolstadt,8,85049,0xE6100000010C666F6BCF8B594840CE9E56689EAE2640,D2224CAB-788D-4D2E-8659-DF36FF7A18D8,06-04-2012
11924,"3bis, boulevard Saint Germain",,Paris,161,75012,0xE6100000010C9F9BCB91207148404D3E2E68DC610340,1805A501-B2F7-4B95-81E9-7A74341D5B6E,21-12-2013
11925,8162 Milden Road,,Santa Monica,9,90401,0xE6100000010CFE824EA3FE024140DA4C03358F965DC0,80571EC5-C4C1-48C5-8F24-CC3F4D72BE3E,10-08-2013
11926,3076 Mount Dr,,Grossmont,9,91941,0xE6100000010C695A1652B263404092036A66CB385DC0,8AA217E9-C17B-4830-A740-92ECD265C147,26-10-2013
11927,4364 Chelsea,,Lavender Bay,50,2060,0xE6100000010CEFBA5342F3E940C08A3D8EDBD8EA6240,80B28E3E-D788-443D-87CE-EA6645B51B1C,16-07-2013
11928,Parise Straße 644,,Solingen,53,42651,0xE6100000010C5911F12BF98F494053BAF624936E1C40,D89F05A2-B89E-4B6B-9C31-9168B08051B8,03-08-2013
11929,7775 San Ysidro Court,,Oregon City,58,97045,0xE6100000010C477121CB96A54640C0D830034D9C5EC0,D79D124F-7A7E-4DE6-A7D3-969883941932,02-03-2014
11930,2599 Amaranth Way,,Sunbury,77,3429,0xE6100000010C1B2BC84EFECA42C099F7C324D41C6240,D09EBFF9-A528-41CB-94E2-CD38676C0813,09-04-2012
11931,7561 Humphrey Drive,,Newton,7,V2M1P1,0xE6100000010C3A28608903F14A409AA2CCEF79BC5EC0,626F4559-7CA0-4E2E-ACE7-1DD5BF080EBE,12-12-2011
11932,9145 Paso Del Rio Way,,Warrington,14,WA1,0xE6100000010CF1F2E09A0BAA4A404D5D660E059104C0,727452D9-02F7-4600-9D58-092B1B277CCF,20-05-2014
11933,Hans-Rosenthal-Platz 4108,,Berlin,70,14197,0xE6100000010CD3944D3A1F3C4A40B5EF0DBF07B42A40,FAD60CC7-8597-42AF-B144-E089656FD76D,17-12-2013
11934,1355 Sequoia Drive,,Melbourne,77,3000,0xE6100000010CA69792C4E6EB42C0837957449C216240,0563867D-4CAC-4689-913A-03595EE1174F,22-07-2012
11935,5639 Lee Lane,,N. Vancouver,7,V7L 4J4,0xE6100000010C56FE4E12F7A748400FF36ED41EC45EC0,7F543A47-5666-470E-B987-2F4F3DEA6E4D,28-08-2013
11936,5679 Attic Lane,Unit A,San Diego,9,92102,0xE6100000010C61BA8C6068574040DB65B5F1323C5DC0,26AF1FA6-8137-4F7E-A931-50F922F4C03E,01-05-2014
11937,"39, rue Descartes",,Paris,161,75013,0xE6100000010C49ADA73BB7734840E1A4B6C356C70240,F81DA2B5-E0D1-456F-A22F-6860FB978DA0,21-12-2013
11938,7657 H St.,,Malabar,50,2036,0xE6100000010C20A68DFDE5FA40C091AEFBCDB7E36240,99E191D7-F8ED-4A72-80F1-C6486741E612,13-11-2011
11939,7820 S. Rising Ave,,Sydney,50,1002,0xE6100000010C3820063206F240C05BDC7C2414E86240,3A0298E5-3D56-4150-859F-66366CC78584,09-05-2012
11940,2602 Hale Dr,,Burlingame,9,94010,0xE6100000010C4D8578245ECA42407911D5F3688D5EC0,1BCE8A89-48B3-4890-A633-E80E4A5BABD2,14-12-2013
11941,Rykestr 2605,,Paderborn,53,33098,0xE6100000010C6B66348EFCD04940F4F3CF5CF2862140,881C1BF0-706D-4586-88F4-02D92F7D236B,23-02-2014
11942,"36, rue Maillard",,Courbevoie,178,92400,0xE6100000010C4C6EAB5EBF764840046B87A766120240,9C06EFF3-0CAC-41E0-AEFE-72698827868C,21-12-2013
11943,4137 E St.,,Colma,9,94014,0xE6100000010C1ACEEA5526D2424030D4D9F1B2995EC0,CEE4E895-9C23-49B6-B525-17DBA4BC985C,09-03-2014
11944,7341 46th St.,,Tacoma,79,98403,0xE6100000010C1ACD8069879E4740F4EBF3064B975EC0,7E1B6C17-E5CD-489E-87F4-BA7309A92ED1,12-08-2013
11945,8837 Paris Lane,,Bellflower,9,90706,0xE6100000010C732829FF27F140405A79FB0461935DC0,9E706E00-312F-493D-86EF-3584B13AB1A8,29-03-2014
11946,"64, route de Marseille",,Cergy,181,95000,0xE6100000010C187FC1441C7C4840CB86EC10CF850040,47A301FF-DFD2-47C2-B706-6C28EDEDD9FE,21-12-2013
11947,Wasserstr 64,,Sulzbach Taunus,70,66272,0xE6100000010C00000000000000000000000000000000,72A8361A-C23D-4B56-B993-5A8694F66518,20-09-2013
11948,"234, quai Paul Doumer",,Lille,145,59000,0xE6100000010C8C86BB54434F49409809E51C625B0840,064F12A9-1205-4FF1-BA95-2A99A7D3870F,21-12-2013
11949,4657 Roundhouse Place,,Melton,77,3337,0xE6100000010C5DE51184D5D342C0A005C41AF50B6240,C571B183-3736-46F6-96FC-DCCBB0DD0FB4,11-01-2014
11950,Wallstr 844,,Sulzbach Taunus,70,66272,0xE6100000010C00000000000000000000000000000000,53DD95AD-32ED-4495-AB9E-CC8FC0A43773,21-01-2013
11951,3069 Yolanda,,Woodland Hills,9,91364,0xE6100000010C489E92E2D8184140E0C11C18E7A75DC0,DFC26988-37AD-404A-9D1E-E665AC7B16AF,25-12-2013
11952,7728 Condor Place,,Hobart,71,7001,0xE6100000010C64CDB7402E7045C02C5C47D13D776240,4441E38C-3623-44F4-A589-D7B996F9E7D5,20-11-2013
11953,4351 Shenandoah Dr.,,National City,9,91950,0xE6100000010CAFAD369FB1584040040135F65B445DC0,A38072AE-CB10-483F-8D61-68B37BCE0B60,13-07-2013
11954,9264 Slow Creek Road,,Olympia,79,98501,0xE6100000010C9BF569667F844740D001FCF82EB75EC0,6116A9C2-BD9D-4BC6-8DA7-182624FFBEC6,23-12-2013
11955,8796 Bayview Court,,Woodburn,58,97071,0xE6100000010C8A47848FE79346402EEFBDB379AE5EC0,29CF2135-436B-476D-B3F3-EEF3010006FA,11-05-2012
11956,Hüttenstr 6114,,Salzgitter,19,38231,0xE6100000010CC47B548D10194A40326AA4EC4AD12440,A1C0E9E9-D1C7-4037-B47F-6581305E395C,08-05-2014
11957,6620 Leonard Ct.,,Chula Vista,9,91910,0xE6100000010CD6D17CC8505640404215A2C65F3D5DC0,6FDDFAA6-AD69-4611-9F86-F989C80BC637,11-05-2014
11958,6406 Pepper Way,,Oregon City,58,97045,0xE6100000010CEDE58D62C6B146400643FE78BB9A5EC0,130D662C-29A9-4AEF-9F97-5F884C2E0E39,05-04-2014
11959,4524 Ferndale Lane,,Yakima,79,98901,0xE6100000010C75D83D75BE554740534A96E07E0B5EC0,2B443EDA-50C3-4E65-BF31-DC588C46BEC4,12-11-2013
11960,2856 Third Ave East,,Glendale,9,91203,0xE6100000010CE3AD4EC0FD13414086E934B053995DC0,1625C53E-045D-49EA-93B3-F10657020698,25-01-2014
11961,5806 West Slough Rd,,Victoria,7,V8V,0xE6100000010C86303AA92A3B48403A98355D61D35EC0,D0C4CBEA-2B21-4248-9C6E-4E3637D24B6A,06-01-2012
11962,7047 Poncho St,,Burlingame,9,94010,0xE6100000010C99E3325599CD42404C2B7A2EA2995EC0,DE924590-6E51-4A6A-872C-82758D358A48,07-05-2014
11963,6104 North Civic Drive,,Warrington,14,WA1,0xE6100000010C522C1B45EEB24A406DACFDDB588304C0,DD66AC86-E9E8-4E23-8BB8-9F8B91E4639E,03-01-2014
11964,Nonnendamm 22,,Leipzig,53,4139,0xE6100000010C00000000000000000000000000000000,866690D1-D075-4842-8139-6417A3676654,26-11-2013
11965,252 Meadowbrook Drive,,W. Linn,58,97068,0xE6100000010C6F376B428CB34640B01BDC8F1AA35EC0,47C75E68-0CA1-474B-B0C5-A552630C4999,28-11-2013
11966,1289 Quiz St.,,Sunbury,77,3429,0xE6100000010C9ACB0120A1C742C031293C925D1C6240,78B33F0E-9B46-4B4A-A867-555247EBAB31,14-12-2012
11967,1747 Corte Segundo,,W. Linn,58,97068,0xE6100000010CE5223250F0A746402634CF9BBFA05EC0,1D55CC77-D005-484C-9DA7-EEEC088FEE39,11-01-2014
11968,5205 Sunview Terrace,,Burbank,9,91502,0xE6100000010CA6CD9AB0C517414000E8830318965DC0,6445DCC4-4051-4981-923D-AD1D5A451C10,09-10-2013
11969,1417 Roosevelt Avenue,,Beaverton,58,97005,0xE6100000010C53FFB51819C746402BB0F9BE0FB85EC0,8D861552-4D9C-4DD6-AA15-0E8947738E5E,16-03-2014
11970,9610 Moccasin Ct,,Spring Valley,9,91977,0xE6100000010C7F3E6A4AAC604040DB54D7AA0A385DC0,881A2C52-8A80-4A46-AC82-92D46F5191A9,17-07-2013
11971,5979 Lynwood Drive,,Renton,79,98055,0xE6100000010C8722737D2EC2474067373633F6885EC0,A1D1C479-CB26-41D5-9472-6DF07B9537C5,08-09-2013
11972,9228 Via Del Sol,,Imperial Beach,9,91932,0xE6100000010CEF4EB83FAC4F40406923D459D5405DC0,2892011D-95F0-4FBB-AD0E-3F0A94716BC6,28-09-2012
11973,8937 Two Bay Road,,North Sydney,50,2055,0xE6100000010CDECDBAF628EC40C0A74435A3DDED6240,B8D24683-8D7B-418B-9FB9-6DA2C0074535,07-06-2014
11974,"3366, rue Ste-Honoré",,Paris,161,75007,0xE6100000010CBFC33804B66F48401019ABB5189B0240,13F9CA36-D6E5-45DF-BC11-56585116B14A,21-12-2013
11975,101 Adobe Dr,,Coffs Harbour,50,2450,0xE6100000010C35F246680D2E3EC0001D66AF051C6340,21BE4E72-64C9-46F2-8946-6095BAAB013A,18-09-2013
11976,3421 Gehringer Drive,,Daly City,9,94015,0xE6100000010CE6C6829A46D042405C172ED659965EC0,CBFEC1F0-0C93-4FA3-9EFE-2F9BEECC10D9,01-04-2014
11977,Pappelallee 667,,Paderborn,53,33098,0xE6100000010C544F9D3208DB4940A3B85B14A4572140,1C5E13D5-517D-46FB-B978-A7BDCF6218CE,26-05-2014
11978,"28, avenue de la Gare",,Croix,145,59170,0xE6100000010C65556B233F564940D709B06B5A390940,EC499834-780E-4098-B106-A5A595FAF52A,21-12-2013
11979,8 Sunnybrook Drive,,Spring Valley,9,91977,0xE6100000010CE447F746596240403BFF7B434C345DC0,CDEADCB3-9132-44CB-8E5F-67DD33B1CE86,24-04-2014
11980,8120 E Lane,,Glendale,9,91203,0xE6100000010C6E5EF965BD154140CA76E0C2A5855DC0,A3E54F1B-ECF4-43F3-A22F-890B718A3DFB,19-03-2014
11981,7836 Roux Court,,Burien,79,98168,0xE6100000010CAC00DC59D5C4474025488DF1529C5EC0,FCCE0AEB-E3BD-4646-84AF-98889E6AB6E5,20-05-2014
11982,7906 Clayburn Road,,San Francisco,9,94109,0xE6100000010C706DE75131E6424091323E958BA35EC0,CD035BBC-7F2D-4222-ABA2-FEF59078E612,18-12-2013
11983,5265 Evergreen Ct,,Cambridge,14,CB4 4BZ,0xE6100000010CAEAABD4FAB234A40DCE2FD8671D1C23F,72D8AB43-5A3F-49A4-BF6E-D3C264D68B2B,02-03-2014
11984,Erftplatz 654,,Erlangen,8,91054,0xE6100000010C9FBC3710CCC64840AEE828EA5E092640,B0207214-4DD6-4EFD-A6A3-DB51558F1F66,02-01-2013
11985,Königstr 282,,Grevenbroich,8,41485,0xE6100000010C22A3A6E9D586494078FE277F10441A40,9C81686C-4935-4FDC-B8B9-B23BCB33ED5D,07-01-2014
11986,Hauptstr 6057,,Neunkirchen,70,66578,0xE6100000010CA0289E6CDAAE48400258FE3B3D811C40,F4DEDB70-AFBC-4216-A0EF-4F90DC7D8C12,03-06-2012
11987,6024 Bluetail,,Sooke,7,V0,0xE6100000010CF8164A74D83548405C908FBD4DF85EC0,1BB9D2F0-A949-4D99-8CA3-BDCFF6CF2396,23-11-2013
11988,Marketplatz 75,,München,20,80074,0xE6100000010C00000000000000000000000000000000,E9463781-433F-4547-9F9B-C7FDC7494237,30-10-2013
11989,Hochstr 8444,,Hof,8,95010,0xE6100000010CC887D6DCE42E4940694F9E41BAC92740,CEED7296-10CC-4696-82C8-52DBBC91B146,16-11-2013
11990,7012 Silverado Drive,,W. Linn,58,97068,0xE6100000010C4CB1F3AC10B04640CA99C6A32D9F5EC0,58499B54-537A-4E11-92C0-3EEDFFBCDBC5,13-02-2014
11991,2938 Woodsworth Lane,,Darlinghurst,50,2010,0xE6100000010C29E465F512F640C067768E487DE26240,0B6D4998-4810-4668-BB47-911F85F35890,11-10-2013
11992,7306 Pastime Drive,,Long Beach,9,90802,0xE6100000010CE6B0ED62B5DD4040064B79951B8C5DC0,9D59281C-3193-4554-8F82-CA4A652D407D,18-08-2011
11993,47 Catherine Way,,Tacoma,79,98403,0xE6100000010C829A16A71A99474052D34B206E9C5EC0,7093C83E-CEE2-47F6-A043-BB863DCF437A,22-09-2013
11994,1752 Attic Lane,,Sunbury,77,3429,0xE6100000010CEBAB98FE39C542C06E01F942C9106240,7F002570-21AA-4D18-B6FB-D8E8416646BE,20-06-2012
11995,3248 Birdhaven Court,# 1,Chula Vista,9,91910,0xE6100000010CC973BE2264534040724B5C70203B5DC0,9067DF51-009C-42D1-B6BB-4BE95F3AC2B5,30-11-2012
11996,Rykestr 2605,,München,53,80074,0xE6100000010C00000000000000000000000000000000,E553A6B1-427D-44DC-B704-5D97B16CBAE0,13-05-2013
11997,9361 Corte Del Sol,,Warrnambool,77,3280,0xE6100000010CBFA7220128FF42C01B6A0643F3CD6140,E7395D70-A635-474F-9E14-3E10DCF036E0,10-02-2013
11998,1111 Bayview Cr,,Palo Alto,9,94303,0xE6100000010C5AB75E13BDBB424079B6F653E77E5EC0,C4138105-AAC3-44FD-AF6C-3D6019D85E32,02-05-2014
11999,9011 Blackburn Ct.,,Gateshead,14,GA10,0xE6100000010C4B457A2828844B4023D632298EA8F9BF,AAB14EBD-146D-4F14-B251-EFE12B4F3950,17-11-2013
12000,4525 El Pueblo Pl.,#6,Burien,79,98168,0xE6100000010C994617C439C44740B172F68DAB8C5EC0,37F5193E-3580-4CBB-8F20-D9A2D9E8A188,27-10-2013
12001,7479 Ellis Street,,Redmond,79,98052,0xE6100000010CB29279AAF1D747402252F43C53815EC0,13880C49-20A8-4BAC-9F6B-7FA109989C1D,12-09-2013
12002,7902 Hudson Ave.,,Wokingham,14,RG41 1QW,0xE6100000010CAC3C5D7B01C0494013533038BE39EBBF,D290A831-4501-433E-B925-C423162FA5BD,21-04-2014
12003,2139 Birdwatch Ave.,,Peterborough,14,PB12,0xE6100000010CB45A9BCF13504A40EDBA607AA3FACFBF,BF3EAE8D-9994-43BF-9E1D-FAE47C3F2C07,16-05-2013
12004,8761 Dancing Court,,Redwood City,9,94063,0xE6100000010CA9C7E0934DBF4240CF63612126995EC0,C542F254-DE4C-44ED-9738-A18FAECF665B,26-11-2013
12005,255 Mt. Orange Ct.,,Coronado,9,92118,0xE6100000010CD18A3D5D2154404010EA94DA9A525DC0,272149A4-330E-46F3-9CBF-712FA328BCB2,10-08-2013
12006,3675 Q St.,,Chula Vista,9,91910,0xE6100000010CEA99E994FC57404008CF44CCDB4A5DC0,7AAA4025-AFC9-4BA3-9276-AA2D7D76AE63,10-11-2013
12007,3207 Mario Way,,Shawnee,7,V9B 2C3,0xE6100000010CC2F10CC8BC3A4840A10E8D6CA3DC5EC0,B2B94827-C18E-4644-A814-DB0DA87BEDD3,28-05-2014
12008,8374 Vista Del Diablo,,Oakland,9,94611,0xE6100000010C90DE4085F9E842407B33625DC5855EC0,B64BA3AA-2F71-498A-A5FA-F18DE38CE6BA,11-05-2013
12009,3744 Dalis Drive,,Burlingame,9,94010,0xE6100000010C53A357CD85CF424085F8A6AF8C9D5EC0,82F4CB80-DE18-45E1-A1E6-318B6647F254,29-09-2013
12010,8160 Star Tree Court,,Westminster,7,V3L 1E7,0xE6100000010C45D74D5F809A4840B5681E6723B25EC0,2B5E683F-7224-4331-AD3E-21351E2352DD,06-07-2013
12011,6238 Valleymanor,,Langley,7,V3A 4R2,0xE6100000010C953075C67D874840600EB81142B35EC0,6AAB7491-957D-4D65-9C20-EBDB5C0EE106,08-11-2013
12012,2338 Mozden Lane,Unit B,East Brisbane,64,4169,0xE6100000010C9CE8BC0D90803BC01BC237FB6D1C6340,D8009743-3710-4D31-A46B-99A9B08FA7C6,21-08-2013
12013,Hans-Rosenthal-Platz 209,,Offenbach,70,63009,0xE6100000010C00000000000000000000000000000000,8CCD51A4-C146-4777-ABDC-F218F0B1473B,19-12-2013
12014,7266 Corcoran Road,,Santa Cruz,9,95062,0xE6100000010C7B21833A577942404D08FBAF46795EC0,8C819F6C-728B-4E4D-9DA0-3F3C17D98FEA,03-11-2012
12015,1948 O Avenue,,Watford,14,WA3,0xE6100000010CDB6EB50DE0CA49402A8BDBA4F4FFD8BF,DB2B69A5-00A0-412A-976B-D7DFA253CADA,25-05-2012
12016,217 Ram Circle,,Sooke,7,V0,0xE6100000010C16ECB39C45304840BCC526DFE1E65EC0,C606AA06-05C9-482F-8557-7C501167F1B6,07-09-2013
12017,Erftplatz 6,,Saarlouis,70,66740,0xE6100000010C2D0A651F89AD484041EB0B729EFE1A40,9ABB1105-A279-4F66-8734-C12B000487E8,06-12-2012
12018,9187 Vista Del Sol,,Everett,79,98201,0xE6100000010C272AE193AF064840AA1CA5EDB9945EC0,3EC69CD8-D1CA-4338-8E3B-6803029E33C0,03-08-2013
12019,683 Larch Ct.,,San Gabriel,9,91776,0xE6100000010C1FD18B6FCA0F41403CCF944DA78E5DC0,4ACD1229-5554-4292-9EC6-85D447EEEDBE,14-09-2013
12020,Lindenalle 7384,,Berlin,19,14111,0xE6100000010C00000000000000000000000000000000,77D52BC1-B137-4AF3-B028-DFA55C781FA4,01-09-2013
12021,6797 Almondtree Circle,,Oregon City,58,97045,0xE6100000010C27AB542D74AF4640D717996498975EC0,27825312-10A6-477F-860F-BF9A99F96AB4,24-11-2013
12022,4915 Pear Dr.,,Newport Beach,9,92625,0xE6100000010CD1F1D6FEF3C94040096F1B9CC8795DC0,8788FDF2-3BF1-4107-84BB-748C0D8B02A6,13-03-2014
12023,3538 Olivewood Ct.,,Baytown,73,77520,0xE6100000010C673015E40AC23D40F8A272B8C6B357C0,91C1597B-87E0-4DC7-92DF-827FCE67999A,20-01-2014
12024,Wertheimer Straße 266,,Saarlouis,70,66740,0xE6100000010C6E27C9091EA9484074CFCE3587051B40,54C0E12E-8742-4EBA-8FFD-27D6572F1E60,30-07-2013
12025,9573 Royal Oak Rd.,,Haney,7,V2W 1W2,0xE6100000010C8BFFC397E4A04840AC8E5BACB8A15EC0,DEF461BA-CDAD-4D57-91D6-078EA8DE6BB2,20-03-2014
12026,6196 Nottingham Place,#313,Victoria,7,V8V,0xE6100000010C20740E9F3F3148405817C853B2D95EC0,05F3CBFD-AC5D-4A6C-A11E-C911AE620695,19-11-2013
12027,9986 Pinto,,Burlingame,9,94010,0xE6100000010C2294F2823BCA42405F166CAB738F5EC0,CA501460-2648-48DD-BD13-F0CD457306A1,30-12-2013
12028,3766 Gumwood Dr.,,Marysville,79,98270,0xE6100000010C3673AD83AC014840D9BA94FDB88F5EC0,6114F12D-056C-409D-B609-5073F9DF4061,29-04-2013
12029,664 Book Pl,,Cincinnati,55,45202,0xE6100000010C98AD585E55934340BD81E8F3F72255C0,1209BE7F-BE88-4A28-A060-F2435134C27C,09-11-2013
12030,643 Tri-state Ave.,,W. Linn,58,97068,0xE6100000010C68B5981063B246403903E98375A55EC0,1B1B4587-F8C6-48BD-A1F4-CCF954E32BD8,28-05-2013
12031,8465 F Mt Hood Circle,,Lincoln Acres,9,91950,0xE6100000010CE06C57E3C85A4040EEFFF80F1D3F5DC0,20A3F3CB-0FA5-42FE-B0AE-19696936ED25,08-09-2012
12032,8251 N. 447th St.,,Milwaukie,58,97222,0xE6100000010C5DDFA501A8B04640CEEC68F602A85EC0,3195B4BE-9122-4C2A-8C6E-213D06777470,11-10-2012
12033,6329 El Rancho Drive,,Oregon City,58,97045,0xE6100000010CBAE79908B0A24640BF1BF8DE6AAA5EC0,50BB40C0-6E38-455F-882B-09830AB3B380,19-08-2012
12034,7407 Spring Water St.,,Chula Vista,9,91910,0xE6100000010CA4B1C996A14F40400110C1AB1E415DC0,D6E16D04-00FE-4DE9-B8C2-54EF4B985B80,17-05-2014
12035,6369 Sunhill Lane,,Puyallup,79,98371,0xE6100000010CCACB94763B904740084D4354DE895EC0,8858DC2B-68DA-41A8-BD6F-AA5DA0A303C7,20-02-2014
12036,4701 Mt. Dell Drive,,Portland,58,97205,0xE6100000010C34951B2471BD4640203D60C604B35EC0,ED6E345C-96CA-4E34-873D-18959B4E5952,21-04-2012
12037,1 Smiling Tree Court,Space 55,Los Angeles,9,90012,0xE6100000010CE608E3074705414016AB045652855DC0,049E37B1-731D-495B-9411-7A7300B71C47,22-05-2012
12038,2 Columbia River Ct.,,Santa Cruz,9,95062,0xE6100000010C5555E258CE82424049A51C4E9E7B5EC0,18118B44-BE00-495F-92E3-002D3094A9D2,20-07-2013
12039,4352 Olive Ave.,,Bury,14,PE17,0xE6100000010C665CF5363BCE4A4050C4ECC9316602C0,BF62E77C-C203-4FE5-BB6A-85FD77F03230,17-10-2013
12040,2097 Bluetail,,Kirkland,79,98033,0xE6100000010C1E4CB1A133DF4740C14551E843925EC0,93ABD715-EF05-4133-BB71-491DB8B27571,29-12-2013
12041,3593 Buckthorn Court,# 1,Kirkland,79,98033,0xE6100000010CC24197288ED04740E58FA3AD0F815EC0,298AB048-9E3C-4BAF-9BA6-2BAF7A6C5CC9,23-06-2012
12042,3862 Citrus Avenue,,East Brisbane,64,4169,0xE6100000010C621FEA976A773BC0BB3669AB3E256340,6ACA09E0-A870-46EC-9691-CB30FA6EF298,28-12-2013
12043,1456 Bouncing Road,,Lemon Grove,9,91945,0xE6100000010C3CC4C788735D4040D9779DC244395DC0,747996AE-3A1A-47A7-8B05-6E22140D89D4,03-06-2013
12044,5950 Coldwater Drive,,Bracknell,14,RG12 8TB,0xE6100000010C73C5B44997AF4940DA6C9411F13FE8BF,D520BB59-A1BB-4FEA-A72F-65602BF4E94A,20-05-2014
12045,7824 Frame Ln,,Corvallis,58,97330,0xE6100000010CCDFFE4D7B34D46405A23FAED06DB5EC0,D4E7E55C-FD46-4012-A1E6-C3621763B91F,20-11-2013
12046,9828 Hook Court,,Lynnwood,79,98036,0xE6100000010C6081C7F78EED4740C8CCAE2E4D8D5EC0,0ED5A8BE-E45B-41E5-BB28-C7DAA8F7D3FE,25-10-2013
12047,9106 Edwards Ave.,,Newport Beach,9,92625,0xE6100000010CB94B066AACCB4040EC4D9F68107F5DC0,0EE2BD0E-09BC-45D4-856F-B5004A106B0B,09-07-2011
12048,4020 Alum Rock Drive,,Bellflower,9,90706,0xE6100000010CD23E694D84EB404092AD36B9548D5DC0,3A56552A-A168-4E4B-ACF8-E8648F64FCE8,08-05-2014
12049,6705 Tweed Lane,,Coffs Harbour,50,2450,0xE6100000010C109B5C4579223EC0E8AD3602831C6340,F9D116C6-A2AE-427A-88F7-9ED92288272A,28-01-2013
12050,3711 Third Ave East,,London,14,SW19 3RU,0xE6100000010C53D2807072B649406018A459EC84CABF,0292D98F-E34A-452A-A9BA-E3017EE59625,10-09-2013
12051,"141, rue Jean Mermoz",,Bobigny,179,93000,0xE6100000010CE79AF2C466704840E9A85726E4840340,B25121C9-F8B5-4D76-8B5B-AFFA191C7DBC,21-12-2013
12052,5699 Alpha Way,,Chula Vista,9,91910,0xE6100000010CEA99E994FC574040667754E45E405DC0,CCDC98AA-59D1-4237-B5D9-31431095433C,20-05-2014
12053,2929 Marie Dr.,,Cloverdale,66,6105,0xE6100000010CC3D1BC676CFF3FC092685CDC66F85C40,97C59C24-7B65-4706-902A-24533CBE0E50,30-04-2014
12054,"15, avenue de la Gare",,Boulogne-sur-Mer,148,62200,0xE6100000010C9F738A211F66494084B6002EA1B9F93F,211C022A-56D2-4839-BE91-599926455300,21-12-2013
12055,8719 Wilbur Drive,,Bellingham,79,98225,0xE6100000010C4B5819FA43574840151F75D659A65EC0,0E6A38B7-455E-400F-8157-CE7D0EBE54E4,16-07-2013
12056,3770 Viewpoint Ct,,Beverly Hills,9,90210,0xE6100000010C1469FE92E50C414031CEC35563985DC0,98340E27-BAC6-4C90-9859-67596048437A,06-04-2014
12057,9752 Monterrey,,Goulburn,50,2580,0xE6100000010C921475FF4B4D41C01EA3844F27B46240,F291E7ED-8D1C-4BB5-9117-70C85B0A35D8,24-06-2014
12058,7829 Baldwin Dr.,,Caloundra,64,4551,0xE6100000010CB6B3415645D23AC002D0CE2AFA216340,04F4FF15-AAEA-49D1-B9D1-A776B12A2999,14-04-2013
12059,8172 N. Ranchford,,Warrnambool,77,3280,0xE6100000010C5B243F8A1A0143C077E0A64A24D16140,6B79CC3C-868C-4881-B14C-C08D94703177,14-06-2012
12060,7870 Orangewood Dr.,,Grossmont,9,91941,0xE6100000010CEF1AC18DBA5B4040368E5B3347435DC0,5974717D-28EA-47AD-835B-0C012A078C2B,19-02-2014
12061,8857 Sunshine,,Wollongong,50,2500,0xE6100000010CD86F2B97343141C09243CCCF68D96240,CE435E1B-9769-4DE1-86AE-0BD868549851,18-09-2013
12062,10 Napa Ct.,,Lebanon,58,97355,0xE6100000010CD074A890553D46404D7C261D2BAB5EC0,EC8E4793-28E6-4133-B99C-9BD2D812692D,16-07-2013
12063,"15, rue de Terre Neuve",,Saint Ouen,127,41100,0xE6100000010C981872A7A5ED47406A62B4B7C136F23F,722A16A8-13DB-4900-A99C-C841F9363DA7,21-12-2013
12064,2328 Elk Dr,,Cliffside,7,V8Y 1L1,0xE6100000010CBE2B327DFB3C4840D4CA46A8A5D75EC0,12F110F6-011D-4946-8456-12A24512AEFB,18-07-2013
12065,3598 Teakwood Drive,,Peterborough,14,PB12,0xE6100000010C46FBC6BDFB454A40AA12C44D2EF8CFBF,6F7BF3E1-ACE5-4597-8E49-8C6B3C04A3E9,16-11-2013
12066,9474 Old Mt. View Drive,,London,14,SW8 1XD,0xE6100000010C4DFDFECB3CC149409FEFB1228046BFBF,F50D39BD-53AD-49C6-A0AA-8C73EEECA2A2,29-07-2013
12067,3986 Spring Hill Road,,Silverwater,50,2264,0xE6100000010CAD20180D798D40C0EB76F8448CEE6240,107D97C4-2B98-4EA1-9FDD-75962582035B,04-05-2012
12068,5093 V. Street,,Salem,58,97301,0xE6100000010C3D4BB649DE724640F769467447C35EC0,3AFA6E80-F9BB-4B79-9F99-86F0BFBC96D0,14-05-2014
12069,5603 S. Rising Ave,,Darlinghurst,50,2010,0xE6100000010CE4AD8956CCEA40C0320F0326B7EA6240,4746A0A4-7AE0-43D1-B7CF-2BAC54F50C44,14-02-2014
12070,1207 Concerto Circle,,Salem,58,97301,0xE6100000010C1A1677D20474464013A79607AFB65EC0,4C046641-02BB-4221-88D8-A3BA60B1D4BA,02-08-2013
12071,"157, rue de l´Esplanade",,Paris,161,75008,0xE6100000010C31B174A0D26848401C105C379A800240,B6760F22-C9C1-4B4F-B06D-2C1964CD7A9E,21-12-2013
12072,328 Shell Dr.,,Burlingame,9,94010,0xE6100000010C14257BFCFAC342405F166CAB738F5EC0,A4737AB8-DDC6-4C67-A827-28927DFC41E7,25-05-2014
12073,Königstr 527,,Offenbach,70,63009,0xE6100000010C00000000000000000000000000000000,852D0A06-213C-4E93-A4CC-28BDBB50C8F4,31-03-2014
12074,2957 Tri-state Avenue,,Milwaukie,58,97222,0xE6100000010C97B4351EDFBC464056F0D2123AA75EC0,85FD532C-539D-4A39-93E6-E5979ACB5483,18-08-2013
12075,9324 Bohon Circle,,Burlingame,9,94010,0xE6100000010CD1B496566CC542405F9C97B0AEA05EC0,4C6355AB-096B-4D04-BB44-61102420825C,21-06-2013
12076,2901 Sunny Ave,,Rockhampton,64,4700,0xE6100000010CD09FA8CBE56037C03E132972E3D46240,75D6711F-97CC-46E2-B6B2-B7C2622622FE,18-08-2013
12077,3984 San Francisco,,Santa Monica,9,90401,0xE6100000010C058D5AC2C8074140AE7EECC135A45DC0,E26C97BA-F48B-45AC-8C19-E4C23356B96D,01-12-2013
12078,607 B Way,,Woodburn,58,97071,0xE6100000010CBF692502648C464061A4D853C5BF5EC0,73347E8B-74A4-4C8D-B9D7-EB2966EA48E9,29-01-2014
12079,5520 Sierra Ridge,,Oakland,9,94611,0xE6100000010C35FF3867F1E942405F43BD4BE6885EC0,8BBF1996-E056-4620-B827-6761EB6D8248,07-05-2013
12080,5052 Bannock Ct.,,Issaquah,79,98027,0xE6100000010C690ED8A0C9BD474079357B9552755EC0,DEE64B88-1635-4E3B-8A2D-711C3BEAFEBF,30-11-2011
12081,Am Kreuz 555,,Kassel,19,34117,0xE6100000010C50C580E696A04940E1C8BFDA63F62240,DB6CD589-4DE3-42EC-8197-4EB91C1FF65A,07-03-2014
12082,220 Rambling Rose Ave.,# 103,West Covina,9,91791,0xE6100000010C4FD0522CC9014140426FC3AF78845DC0,3855DE75-E212-466D-8D60-DE1926B3311E,26-09-2013
12083,5155 Centennial Way,,Hobart,71,7001,0xE6100000010C981C659C0D6945C0AC2BF0F6EF736240,69006E4A-153C-4EE4-AEFB-F641A807EC39,20-09-2013
12084,7 Pastel Drive,,San Diego,9,92102,0xE6100000010C0FAC25FFC15A40409C60E0E4F1425DC0,40E2E416-E5A1-4287-94FE-DFF7E7CF75E2,14-10-2012
12085,"159, avenue du Québec",,Paris,161,75012,0xE6100000010C46EC5C58E06A4840B7DAA6EEE65C0340,6A540F13-E517-4D26-BCAA-F58BA26A170B,21-12-2013
12086,8083 Ridgewood Drive,,Lincoln Acres,9,91950,0xE6100000010C72879691465840409E4937975C415DC0,ED701F6B-9B61-4BDB-960E-64A17BAC6830,19-05-2014
12087,780 F Mt Hood Circle,,Peterborough,14,PB12,0xE6100000010CFEA7248E00484A4056853A945CF7CFBF,0EE3EF6B-1F88-4B96-B245-66E20427343A,13-08-2013
12088,5545 Green Road,,Beaverton,58,97005,0xE6100000010C241E9EAD60B74640696AEB8C58B35EC0,82AE23C7-C88F-466D-8028-1283C5A37BF2,24-04-2014
12089,9111 Almondwood Drive,,Sooke,7,V0,0xE6100000010CF6B2EB27D7284840542F52F8F7F15EC0,27157DF6-E531-4A72-A2D2-28BEE8346F02,11-02-2014
12090,2062 Dos Encinas,,El Cajon,9,92020,0xE6100000010CAC5CD9BF2561404050241BADD8495DC0,A96792E1-CAC4-4DDB-8C60-D51F3BCDB9C7,12-11-2013
12091,648 Los Angeles,,Burbank,9,91502,0xE6100000010C55D83CADF5194140B5A0196FBC8A5DC0,6BA360C9-3AC3-40A8-91B3-D5E13E7DFA7F,19-02-2014
12092,6507 Mayda Way,,Bremerton,79,98312,0xE6100000010C021466F601CF4740E17F2157FFBB5EC0,BC9DB4B3-3F5C-42CB-A320-32552F728290,30-05-2014
12093,8002 Morgan Territory Road,,Bremerton,79,98312,0xE6100000010C34D21B0666CE474011CD98F9A3AE5EC0,D2C0574A-8016-46BE-A4AB-B249987CFB28,17-07-2013
12094,1462 Summit View Dr.,,Woodland Hills,9,91364,0xE6100000010C202629CF4819414062B5F953CB9E5DC0,1B417970-8460-49D9-80AB-D236DCA470E4,23-10-2013
12095,1940 Detroit Ave.,,Concord,9,94519,0xE6100000010C949085145BF34240B0D2460F157D5EC0,993406D9-07AC-4184-AA9E-E992806756CC,24-05-2014
12096,5866 Military E,,Townsville,64,4810,0xE6100000010C253FBEC0E43E33C08686025818556240,E024BABB-EC55-4650-9E4E-162E1C3803F8,11-04-2013
12097,5514 Grant Street,,Edmonds,79,98020,0xE6100000010CA8788CA5DBDD47406288123386995EC0,F8A7F8E0-6F20-4421-ACAF-5668D74D6C7B,28-08-2013
12098,755 Palm Dr.,,Rhodes,50,2138,0xE6100000010C449295FAB1EC40C02249BB471EE86240,91917D8D-D4D1-4E34-84D0-917EDDC32F93,25-08-2013
12099,174 Kim Court,,Coronado,9,92118,0xE6100000010C3EEA7A8776534040EF88B0402C495DC0,5613E21F-146C-4D7F-B85E-147BAC7303A7,14-05-2012
12100,"167, rue de la Comédie",,Versailles,164,78000,0xE6100000010C9F699A740E704840DC1093D182EB0040,9BAC8437-6B35-4B46-A5B6-0C7C4987F7AD,21-12-2013
12101,"19, rue de l´Esplanade",,Orly,180,94310,0xE6100000010C245714DF7859484077BB3F8850240340,89912244-FBD2-4FC7-8325-3CD68B16A1FE,21-12-2013
12102,"1931, boulevard Beau Marchais",,Cergy,181,95000,0xE6100000010C4EE3D9556D8C484000705D698A840040,C230D980-862B-4E73-B05B-663A4186E99D,21-12-2013
12103,"12, cours Mirabeau",,Paris,161,75012,0xE6100000010C544C717EE664484099F0D8EA592F0240,0C214EBD-522C-4F73-BC6D-C7B2F0208AEF,21-12-2013
12104,4365 B Eagle Peak Rd.,,Shawnee,7,V9B 2C3,0xE6100000010C2C1C036C04374840906DB6BD6DDD5EC0,FB852986-B79A-45B8-AB19-01AFC1217D79,03-06-2012
12105,1242 Frame Lane,,Yakima,79,98901,0xE6100000010C2783344F5756474097462B9FD5215EC0,783A3EE1-D1D0-4E5F-A8BA-CC1033E3AD22,10-02-2014
12106,9064 La Paz,,Ballard,79,98107,0xE6100000010C8187811214D34740B3EE551F71915EC0,56C5E70B-52B4-49AF-9C1F-3DE512BF5B62,11-09-2013
12107,8850 Via Del Sol,,Lynnwood,79,98036,0xE6100000010CED3A4A5D46E947403D8397AC79975EC0,092CC54F-8800-4C94-99B0-D6F5080D1BAF,03-11-2013
12108,Pappelallee 665,,München,19,80074,0xE6100000010CE03960710512484036D5E09A32002740,CFF4177F-1671-4B17-B5D8-2D387F700B5B,29-05-2012
12109,6928 Woodland Drive,,Westminster,7,V3L 1E7,0xE6100000010CADB746FDAE914840FD50538971C35EC0,3B7DF810-7E4C-458D-A541-BEA7DCA08340,25-03-2013
12110,6968 Mildred Ln.,,Sedro Woolley,79,98284,0xE6100000010CAB21CD57703B48408B7929FB697C5EC0,899EFFD0-2A1E-477C-A308-333EDFB8BF91,28-01-2014
12111,5300 East 88th Street,,Concord,9,94519,0xE6100000010CB985706C9DFE42403788562F66765EC0,1F1F95C0-EEA3-411A-AFE8-8EE23325CEEC,06-02-2014
12112,Postfach 44 11 11,,Solingen,53,42651,0xE6100000010C5B55197ED597494032EFE9DF7B711C40,B12B3F03-5479-4C6C-9859-0DDE7E1CA811,01-02-2014
12113,8250 11th Avenue,,Port Macquarie,50,2444,0xE6100000010C879FB26F63673FC000C768B1AC1C6340,26A07AED-2871-45DA-80A0-FB8DADE3404D,14-08-2011
12114,"2, route de Marseille",,Bobigny,179,93000,0xE6100000010CEA156182C66F484004305A83E3880340,DFF2C65B-AEF5-4067-8CDB-E895269BAA69,21-12-2013
12115,9491 Toyon Dr,,Kirkland,79,98033,0xE6100000010C7772E65919D94740CF35EAD4C0855EC0,766CB31B-2E7B-4C6C-ADE8-1F84744FD588,26-10-2013
12116,6820 Willow Pass Dr,,Gloucestershire,14,GL7 1RY,0xE6100000010CC0E3D7DA75DC4940931481B8868DFFBF,086CE93E-5A7F-42E9-9D2E-3A197BDA9E5F,17-03-2013
12117,2696 Santa Rita Dr.,,Spokane,79,99202,0xE6100000010C3157011964CF47408770B6D941555DC0,72547B86-B76E-48C7-85C8-F5A8A98E384A,15-03-2014
12118,4192 Mines Road,,Puyallup,79,98371,0xE6100000010C8F15A007A6924740CFB856D6908E5EC0,A4B796CC-5DD4-4E10-87C5-7F6663A60959,16-09-2013
12119,2964 Holbrook Dr,,St. Leonards,50,2065,0xE6100000010CD813D8A1F2E440C0A57EDCF46CE06240,1607DBBD-3738-47A3-A052-5EC11EB28E49,13-01-2014
12120,7650 Bonita Ave.,,Renton,79,98055,0xE6100000010C8BB4E473D1B4474061F18C45DF8C5EC0,310AF276-54EB-4C15-9A99-E81DE18741F1,15-10-2013
12121,2056 Otter Dr.,,Berkeley,9,94704,0xE6100000010CFF92400A78F142405C8E9CD14F935EC0,961B2124-E1ED-4D4F-BBFB-BCAB3A564310,22-07-2013
12122,8423 Roundtree Court,,Haney,7,V2W 1W2,0xE6100000010C57FA215C8F954840500180D3DBA45EC0,E10A60B7-4C06-4C6B-8F5F-DE7D80C08EE0,12-04-2014
12123,"28, rue Henri Gagnon",,Croix,145,59170,0xE6100000010C86ED16E600534940FF8841072F340940,DF355DA8-18F9-40B7-BB2E-D7A48FDBBCA0,21-12-2013
12124,3083 Boatwright Dr.,#6,Port Hammond,7,V6B 3P7,0xE6100000010C25D9C89DD0A94840BCD2F8FB2CC35EC0,C48961C7-B241-4597-8732-EA42B004B2D1,14-07-2012
12125,4635 Woodside Court,,London,14,SW8 4BG,0xE6100000010C3CB1A2A21BB849408B02F912F4DFCABF,CAB728DB-1935-40C9-85DD-040812CEB69D,28-11-2013
12126,4619 Ricardo Drive,# 233,Salem,58,97301,0xE6100000010C17DC19B10B784640789F2C1542B85EC0,062B5102-15E6-4008-B160-F778C7BBE108,17-06-2012
12127,8162 Zacatecas,,Townsville,64,4810,0xE6100000010C644D54967A3933C0D47CDF5BAB5B6240,1005D36C-8F72-47F1-B830-CC268A9E3F20,06-10-2012
12128,4151 Olivera,,San Diego,9,92102,0xE6100000010CECC8F50BC57B4040DDDD1DD7784E5DC0,61005C97-EF5B-406D-8DFA-229CBFD391DE,18-11-2013
12129,1348 Montego,,Cliffside,7,V8Y 1L1,0xE6100000010C0E192D89E039484049B0CCE2E8D25EC0,C33B7CA8-7589-432A-AA2B-4073155A391B,18-03-2014
12130,9318 Hawkridge Terrace,,Lynnwood,79,98036,0xE6100000010C07AE4F28B5E04740D83C805D0A995EC0,8A532B0E-8443-4F7D-AA03-A3CE860B5AAF,07-05-2014
12131,Alte Landstr 9,,Duesseldorf,19,40605,0xE6100000010C00000000000000000000000000000000,971F08B8-939B-4C92-8032-0C96A46C0091,13-08-2013
12132,"201, avenue de la Gare",,Roubaix,145,59100,0xE6100000010C97695F178A60494042585A554B730940,5FC59C87-68D9-49D0-A899-CC9A824036FC,21-12-2013
12133,9105 Santa Fe,,Sooke,7,V0,0xE6100000010CF6B2EB27D72848403C83AA3F2DF15EC0,96AEB864-AEC3-4754-932A-B501B8DC273C,23-10-2013
12134,7182 Olive Hill,,Cliffside,7,V8Y 1L1,0xE6100000010CB26341594C46484010453C3EF6CE5EC0,AFE1D082-5A06-4463-ABD0-D504CCC4F459,10-11-2013
12135,6316 Glaze Ct.,,Milton Keynes,14,MK8 8ZD,0xE6100000010CD94C1C1F15FE4940D2BBE3275752E7BF,1A89DC70-E9C0-4EA0-BCB0-776E52ECC263,21-06-2012
12136,7223 Cortez,,Chula Vista,9,91910,0xE6100000010CE035B3AE26574040D39D6B3D5C495DC0,15C4D0C0-6163-4B5F-A22E-3E24EE7C22D0,20-06-2013
12137,7214 Peachwillow,,Sydney,50,1002,0xE6100000010C83BB631F53F340C00E28A652B9E36240,A8BFE3CD-5877-4870-B4B8-670400010BCA,22-03-2014
12138,"10, avenue du Président-Kennedy",,Paris,161,75019,0xE6100000010C9C93B32D9C6A4840A103FD93124A0240,A785994C-F477-4D69-981A-9B5BD6DE303E,21-12-2013
12139,5346 Clayburn Road,,Rockhampton,64,4700,0xE6100000010CE58E0270E16C37C0D86B6207DAD56240,18301EB5-86D3-4F14-B4AC-73FC71E0B1EB,03-07-2012
12140,9456 Bell Dr.,,Spokane,79,99202,0xE6100000010C8E7E0445FBDA4740BA89BD65FE4C5DC0,C73A5F76-6332-4CDB-A95A-71BEA65F2425,28-09-2013
12141,3236 Wicker Ave.,,Cloverdale,66,6105,0xE6100000010C3DC1224626FC3FC0D9ADF463C2055D40,385AC30E-3D2B-43A6-86AD-CAAB9D61BBFD,01-04-2012
12142,2407 Erie Dr.,,Oregon City,58,97045,0xE6100000010C8E22D33D02A546401C7A14F15BA35EC0,FA35FF80-8D44-43B0-A752-8AB69C18BEDF,20-07-2013
12143,993 Piedmont Dr.,,Bremerton,79,98312,0xE6100000010CE9F09830D3C24740496E371D6DAF5EC0,F29A2672-9C38-436F-9283-ECC290716A1B,04-02-2014
12144,7243 St. George Dr.,,City Of Commerce,9,90040,0xE6100000010C847B94A0850341400ED69CF9C38A5DC0,7264BD4E-D398-4DBD-BE51-E5E817D21078,20-06-2013
12145,5692 Fish Drive,,Oak Bay,7,V8P,0xE6100000010C90C9C216282F4840847686F80CD95EC0,044EFD56-21A4-4CA9-ABEB-9C7C86071EE0,18-07-2012
12146,Holzstr 1333,,Essen,20,45001,0xE6100000010C4587E8F6D4B24940081275AC9E191C40,D9E460BD-CF8B-4573-A79C-DB022031372A,29-08-2013
12147,1807 Trafalgar Circle,,Victoria,7,V8V,0xE6100000010C32C9E02B262E48402248633E97D25EC0,5B38B19A-7BC6-494F-94A9-71D8DB9075A5,18-09-2012
12148,1023 Riviera Way,,Oxford,14,OX1,0xE6100000010C953DE1BB7EDD4940A941CE12C921F4BF,CFF1D259-6A1A-4EBA-A245-D73A8A0D4B94,10-10-2013
12149,41 Third Ave East,,Warrington,14,WA1,0xE6100000010C61C1EB16B7B74A40FD366CBAEC8404C0,26C1C570-9063-44A5-AA28-1FB689483C90,27-12-2013
12150,8967 Hamilton Ave.,,Billericay,14,CM11,0xE6100000010C8397CFBE94D64940950F1B9735B1DA3F,42EE4535-657C-49F2-A1FD-BFED93CAD95B,04-03-2013
12151,9236 Hanson Lane,,Sydney,50,1002,0xE6100000010C210B815DFDEE40C0B4CE9E7C7FEA6240,A542D42D-E33E-4F0B-9D10-053FD975D978,02-11-2012
12152,3556 Mt. Tri-state Court,,Woodland Hills,9,91364,0xE6100000010C0D4084CB99134140B43F6C7762A65DC0,0FD1212E-6284-42D6-A0D2-215AE9C5068B,14-11-2013
12153,"22, rue Philibert-Delorme",,Lille,145,59000,0xE6100000010C011D35A1AF5749409DFFD518C0640840,CB42F88E-CC51-48F6-9FBB-226B5CE22AE5,21-12-2013
12154,1297 Zulu Court,,Goulburn,50,2580,0xE6100000010C8C29C5624F4941C09AAD84708CB66240,3EAF9646-1540-46F2-B35A-8B9F26626328,26-02-2013
12155,8254 North Ridge Drive,,Lane Cove,50,1597,0xE6100000010C27C42583B4E840C0ED6F38B12BEC6240,E1EA863C-61DF-48FB-9820-1C2D10E93E5F,14-11-2011
12156,4583 Turning View,,Redwood City,9,94063,0xE6100000010C85844FBAD2BE4240AC9CA13705965EC0,3EB7B158-CBEF-4940-981F-9DBB535069E2,02-03-2014
12157,1206 Limewood Place,,W. Linn,58,97068,0xE6100000010C4CB1F3AC10B04640A86C0B64BDAB5EC0,FC811F8B-1ED7-49A6-B973-371B37EB25E5,25-03-2014
12158,6119 11th,,Fremont,9,94536,0xE6100000010C1B38C5EDDEC34240DDAC7EB78A7C5EC0,DDB4BBA6-2289-4F03-8235-BFED423D6DEE,25-06-2013
12159,Berliner Platz 994,Einkaufsabteilung,Berlin,19,14111,0xE6100000010C00000000000000000000000000000000,CEAE45E2-DBE5-4CDE-9A00-F686CFDBCF9C,14-07-2013
12160,5651 San Benito Drive,,Seattle,79,98104,0xE6100000010CEE4CE1BF3BCD47409FEA9D6940985EC0,263A07AC-39E4-4E1A-B491-74C94C76F957,07-09-2013
12161,Hüttenstr 9005,,Frankfurt,19,60323,0xE6100000010C1D5EB0EDC02D4A40DC955B1CB11A2D40,B562A75B-A1FC-4AD8-9260-4523EDD15E4F,24-01-2012
12162,Karl Liebknecht str 577,,Neunkirchen,70,66578,0xE6100000010C7D151D9891AA4840F422503F2F771C40,6897F00F-7D91-45F0-BA8F-D0761FA3C78D,27-05-2014
12163,3475 Chablis Court,,Torrance,9,90505,0xE6100000010CBACA38280DEC4040E146CF1E3C975DC0,C22EF3D0-208B-4855-AAA7-568ADD071869,14-02-2014
12164,Am Gallberg 6786,,Berlin,53,14197,0xE6100000010CD11F915047454A4063183CC85A9C2A40,23D94458-5B31-4797-AD26-7CD88BF48F21,29-05-2014
12165,3261 Vista Bonita,,Sydney,50,1002,0xE6100000010C8D02ADBA7CE840C025C7CB95C1E26240,E78BD799-8DFB-4A0E-BFEF-CEF6DD3CA55A,13-07-2013
12166,8682 Hungry Rd,,Victoria,7,V8V,0xE6100000010C4CECDC59C93B484004C9D04746CC5EC0,FE9B894A-66D4-4E84-9861-04DE16CAAF5D,30-03-2014
12167,1944 Serene Court,,Concord,9,94519,0xE6100000010CF883CC6EA4FD42404BD6685D74845EC0,90AB530B-D9B7-49AE-97AA-A4DC510A90A5,20-02-2014
12168,1379 T St.,,Cheltenham,14,GL50,0xE6100000010C579F691399F94940AB139882459A00C0,269BD4C2-A58C-49A3-B5BE-9AEB7F14DE79,15-02-2014
12169,9710 Valley Blvd.,,Port Hammond,7,V6B 3P7,0xE6100000010CE7F602DD179F484006DD39E46ACD5EC0,04868706-54D8-42B1-A108-F67DB41BF18C,24-12-2011
12170,"74, rue Descartes",,Les Ulis,177,91940,0xE6100000010C8D2503367B5948400DA6A9268F510140,3DAE9B4D-387A-4012-BEAF-981F9FC9F121,21-12-2013
12171,2467 Clearland Circle,,Berks,14,SL4 1RH,0xE6100000010C6C1FE7CA84B8494017CAE6712D89E3BF,F7AA2B16-705C-4DC3-8594-A79B81D05EB6,19-07-2012
12172,4678 Cardinal Dr.,,Beverly Hills,9,90210,0xE6100000010C898E26CBE11341403870848AC1A35DC0,AAA8DB21-D907-4AE4-B4C7-C096C6CBA23E,11-02-2014
12173,3902 Gary Drive,,Puyallup,79,98371,0xE6100000010C8AA22612C0A147406346871B4F9A5EC0,FAF0CC12-F35F-48C8-B18D-5C30F12177C5,01-02-2013
12174,7106 Cynthia Drive,,Renton,79,98055,0xE6100000010C467F49712CB14740AF81F2A0868A5EC0,2767ABCD-BFC0-428B-A2AD-84ADBF703836,30-12-2013
12175,Werftstr 154,,Erlangen,8,91054,0xE6100000010CD292FB996EC74840C51DADC0DA042640,7C82DE6A-41CD-4B0B-A515-2941F9E5B01B,31-08-2013
12176,8601 Oakgrove Rd.,,Lebanon,58,97355,0xE6100000010C09FBD0929A434640ACCAE3812BB65EC0,D815A0F1-BE88-4A05-BCF7-DEE7C0DBE397,27-04-2014
12177,Herzogstr 3998,,Berlin,19,14111,0xE6100000010C00000000000000000000000000000000,C02D6CDC-415F-4A64-AE88-56057CC18EF7,15-12-2012
12178,2061 Matchstick Drive,,Newport Beach,9,92625,0xE6100000010CDD443FC917C9404044B11303396F5DC0,59FA33DB-F220-4843-9F80-EEFF90B6C0FB,23-07-2013
12179,6465 Detroit Ave.,,Portland,58,97205,0xE6100000010C694C711E14D146407B9BCFD846B65EC0,F45394B5-292C-428C-AAD6-ADE2CE39AE61,29-12-2013
12180,280 Plymouth Dr.,,Coffs Harbour,50,2450,0xE6100000010C85A0810DEE203EC05B60A8FAFA1D6340,37293CBB-2B35-4F87-B87B-591EE290D910,29-11-2011
12181,879 Megan Dr,,Courbevoie,178,92400,0xE6100000010C046EC6AFBB6C4840441C717350070240,11F2A116-B90E-40F9-B599-1CFEF0D83308,21-12-2013
12182,4837 Melrose Place,# 1,Tacoma,79,98403,0xE6100000010C35A8638970A94740C75BA5CC97945EC0,5FF56745-948B-4498-94E2-2F3B30B78ADA,06-05-2014
12183,4116 Candelero Place,,Shawnee,7,V9B 2C3,0xE6100000010C7C0E1A98B23F4840ACDFA68BE9E65EC0,4BFC84AD-BEFC-4C62-820C-1B154536FCFF,25-12-2013
12184,3718 Greenway Drive,,Langford,7,V9,0xE6100000010CD814B59C31384840430943C066E65EC0,AE17E2A0-5C79-4008-A597-B5354FC90380,01-03-2014
12185,594 Tossing Way,,Puyallup,79,98371,0xE6100000010CE9B39538209E47404DF55941598F5EC0,EC476931-DE6A-486E-9248-B251792B496E,09-03-2014
12186,8417 Estudello St.,,Grossmont,9,91941,0xE6100000010CB175FB0BAA5E4040C6260ACD44495DC0,E4F935DC-649E-4691-BA73-E29188650B83,26-03-2013
12187,6358 Parkview Court,,Lane Cove,50,1597,0xE6100000010CA1408123BCEB40C0093B5A81C0E96240,9DB2D3DB-135B-48DF-A2CE-E7C8BB8ABD16,01-12-2013
12188,8203 Courtland Drive,,Lebanon,58,97355,0xE6100000010C1DDE9479E73D46406946D2D206B35EC0,9E44A65F-F498-412D-A1C2-13C86EF45692,27-05-2012
12189,6281 Edward Ave,,Burien,79,98168,0xE6100000010CEAEB06D2E4B94740C8E37E5BD8965EC0,585694AD-2152-45CB-80FD-5D82DF076A9B,26-01-2014
12190,6321 Maya,,Port Orchard,79,98366,0xE6100000010C359A913DE2BF4740AA4E7D4F6FAB5EC0,B5172C4A-2E43-4D1D-8A88-85DFBF888EBC,20-10-2013
12191,"27, place Beaubernard",,Paris,161,75016,0xE6100000010CB964B8CDE2684840C39E8A0BC20B0240,1B8AEADA-8039-4E0F-B480-EA58F5BEF3F7,21-12-2013
12192,7308 Star Tree Court,,Burlingame,9,94010,0xE6100000010C88133C7314CE42407287892D80965EC0,251F3FBC-25FD-425E-8492-E6734A1B41C1,17-01-2014
12193,Pflugstr 24,,Solingen,53,42651,0xE6100000010C5911F12BF98F4940A789633DF0721C40,1ED6D9AA-2ED7-4E2C-8F2B-80D793D2E971,10-07-2013
12194,44 Garcia,,West Covina,9,91791,0xE6100000010CD9147F4BF7034140D0F84BB922765DC0,4E5833C6-A584-4CFE-94A2-ABB4A17E093E,07-04-2014
12195,2049 Benedict Court,# 11,Tacoma,79,98403,0xE6100000010C35A8638970A9474020F73006C89E5EC0,B7F8C4CD-C829-4478-83B8-C6CF3D5403C6,15-04-2014
12196,3544 Brush Creek Drive,,Edmonds,79,98020,0xE6100000010C79339C7EB1DF474076F453B9578F5EC0,A23D0A45-6573-4CAC-BEED-831101AF6A37,25-11-2011
12197,9658 Guadalupe Dr.,,Corvallis,58,97330,0xE6100000010CD5F776316B5746408FC6AC649DCD5EC0,574C0F82-9378-4565-BE11-BB1374C169F4,11-07-2013
12198,Carlsplatz 4,,Hamburg,19,22001,0xE6100000010C00000000000000000000000000000000,D27BD588-9642-40C3-9E83-160EA49623A4,30-09-2013
12199,"90, route de Marseille",,Paris,161,75007,0xE6100000010C69AD1F89D8734840BE11A507E67F0240,A1C6C42B-7F0E-4E76-81AC-35645F6172C0,21-12-2013
12200,6541 Central Ave.,,Cranbourne,77,3977,0xE6100000010CA31A6E47B61043C02FDECC67FB236240,A89E28D8-5B14-4B49-945E-3DAD510E2EB5,18-09-2013
12201,2436 Pheasant Cr.,,Newton,7,V2M1P1,0xE6100000010CB9083839D8F54A405DA8379B30AB5EC0,1961137D-47C5-47F0-838F-E55EE00673D2,10-10-2013
12202,9058 East 23rd Street,,Coronado,9,92118,0xE6100000010C0D92C454EC5D4040A0DCDA1AAC505DC0,03094E7C-B597-4F89-858C-1A94C762E19E,21-04-2014
12203,7154 Broadway,,Gold Coast,64,4217,0xE6100000010C6A764569FBF73BC0E9294A51152B6340,F6D88B04-94B1-4124-901D-16FF2DF217F4,06-08-2011
12204,Altendorfer Straße 390,,Berlin,19,14111,0xE6100000010C00000000000000000000000000000000,662044CA-1BCA-4BD5-A752-342944041A37,18-05-2013
12205,3972 Almond Drive,,Tacoma,79,98403,0xE6100000010C35A8638970A947403DAF663A149A5EC0,CD29142B-46E7-4D5E-BFBB-184A00E72D0D,13-03-2014
12206,8914 Elkwood Dr.,,Concord,9,94519,0xE6100000010C3B837882340143409857791AD1785EC0,67F2F5B5-4EB3-4D63-B923-0F4EC311ACF5,03-11-2013
12207,"3, allée des Princes",,Villeneuve-d'Ascq,145,59491,0xE6100000010C54BEE8C9B7584940A4919E8315230940,DD9A470E-EC46-4FC3-A29F-353FAACAB170,21-12-2013
12208,71 Westwood Lane,,Palo Alto,9,94303,0xE6100000010CF89DEC590DC042401066F304F0855EC0,D03B5088-C3F9-4996-8A0B-ABD7389D4417,16-02-2013
12209,5420 Thornwood Drive,,Lane Cove,50,1597,0xE6100000010C50CB6E42A5E240C05B9CBFF17EE26240,628E0FB8-B874-4F55-8BF9-076A096FC424,25-04-2012
12210,8457 Teak Court,,Warrington,14,WA1,0xE6100000010CF674EEF521BB4A401D2FEC6E7E9004C0,B9DCB87F-F7C0-40ED-BB48-C4FDFF928377,10-11-2013
12211,6535 Warmcastle Ct.,,Oak Bay,7,V8P,0xE6100000010C1916C566503A4840B3D45EE278D75EC0,49EFBE0C-E224-49E1-B398-C776CF362BA7,26-01-2014
12212,Brunnenstr 6675,,Neunkirchen,70,66578,0xE6100000010C500401CC81A44840986AD3D05E5D1C40,A5C0F0D4-2301-41A3-A780-3DEB49634B17,01-06-2012
12213,9231 Santa Ana Drive,,National City,9,91950,0xE6100000010C8A559524EE544040EEFFF80F1D3F5DC0,001D49B4-DCE6-4DA2-BCA3-4F4FD6FD0DFF,10-04-2014
12214,"310, rue des Rosiers",,Colomiers,117,31770,0xE6100000010C05B425698BD54540F4F00AB2AF32F53F,E1B63395-7608-4F70-AF9A-3412EA279464,21-12-2013
12215,7562 Daylight Place,,Marysville,79,98270,0xE6100000010C908797B5D20F484011BDD47FD9925EC0,3D3B90A4-AB5E-4278-8F28-57367099DC82,22-02-2014
12216,Auf dem Ufer 424,,Kassel,19,34117,0xE6100000010C29FAC1915AB049409317739531FD2240,61AE59DB-1506-4458-8A24-823A170A8911,26-12-2013
12217,514 Rambling Lane,,Cheltenham,14,GL50,0xE6100000010CFF505D2EA2EF49407C21519F0AA700C0,BCE88DD9-A061-4D13-BA27-92A1633998E9,09-01-2014
12218,Knaackstr 956,Leiter der Abteilung,Berlin,70,14197,0xE6100000010C3FF5706DEF434A409D92F30894A62A40,553B258F-6BBD-4DBD-AF4C-E2AF7D1C0842,28-10-2013
12219,2303 Rosebuck Way,,Spring Valley,9,91977,0xE6100000010C5D77008D6A5F4040E59ACFA483485DC0,5DD6E175-3FE1-4BEB-9F9E-E46514479E4E,27-01-2013
12220,6793 Longview Road,,Beverly Hills,9,90210,0xE6100000010C0BE27648960B414083A4253D15935DC0,A586FC39-1A9B-4090-8141-4F16959CFB8D,27-11-2013
12221,9955 Terra Grand,,Rhodes,50,2138,0xE6100000010C79A08C03EEE740C076136CD215E96240,CF4C4336-E468-4B13-9509-43CD8F5BA4CC,17-09-2013
12222,5045 Vancouver Way,# 133,Langley,7,V3A 4R2,0xE6100000010C2197FC2B8C9148402B7C048E9FAA5EC0,7DAE1870-6014-4B6C-A170-72BC020AEBCF,01-07-2013
12223,3944 Kingsford Dr,,Seaford,77,3198,0xE6100000010CED130F79AC0E43C0193A4445D9266240,F0A635CB-670C-41B3-85F3-52C41DDDC903,01-08-2013
12224,9682 Morello Court,,Lavender Bay,50,2060,0xE6100000010C99D2B6A81DEC40C014EF02FE5CEA6240,AFC76DD4-23DF-4B59-B8EB-610AA968B511,23-03-2014
12225,1159 LaCrosse Ave,,San Francisco,9,94109,0xE6100000010CB61E51D3EFDE42403DA89E6502975EC0,193972C1-7C6C-4678-A601-6FBECB3D29F9,19-07-2013
12226,90 Toyon Dr.,,Burlingame,9,94010,0xE6100000010C8A28351E49CF4240D322A8F8CE8F5EC0,D07A94BA-7319-45CE-BF0A-C54DEACA036C,28-10-2013
12227,3320 North 5th St,,Colma,9,94014,0xE6100000010C74CE9D0895D0424056E2E0C5A9925EC0,B94513C2-9983-4E72-811D-4D0DF6DD39BC,13-09-2013
12228,9276 Blackwood Drive,,Sooke,7,V0,0xE6100000010C25CBC08715374840EC1D765077E85EC0,7174F35D-7BBE-4377-9334-78EFB49FBC93,24-01-2014
12229,3936 Cleveland Rd.,,Woodburn,58,97071,0xE6100000010CF82F6CC46F9046407F335DEF1DAC5EC0,15E087A9-C9FF-4ABF-86D6-7C017F9CA4E4,04-09-2013
12230,8117 Green View Court,,Perth,66,6006,0xE6100000010C8758A2310AED3FC0CA17734A32F55C40,334E2F42-F872-45A1-ABA9-03B711B6A2AD,08-09-2013
12231,"39, rue de l'Espace De Schengen",,Chatou,164,78400,0xE6100000010C210157DBFC694840D93D9F75873A0140,F01625AC-C280-4328-813C-E26C2C7EA20F,21-12-2013
12232,8435 Kenmore,B105,Berkshire,14,RG11 5TP,0xE6100000010C00000000000000000000000000000000,39C7B1C0-9C31-4843-9A86-F5070AD39F57,01-02-2014
12233,8127 Otter Dr.,,Downey,9,90241,0xE6100000010C3DC0905E93FB4040AF211670AA7E5DC0,B3F73C4C-700A-4D2F-BA11-BA682007DB77,01-07-2013
12234,5004 Mazatlan,,Novato,9,94947,0xE6100000010C373A219FEE094340A18AE78DDEB05EC0,4F627B3B-D4CE-405C-89A3-746B381D82E2,08-04-2014
12235,2828 Rogers Ave.,,Everett,79,98201,0xE6100000010CACA7216D2DF947403C41AEE15D835EC0,5DE9BFE8-1FF7-4BDB-9BCA-E718841F324D,20-02-2014
12236,2614 Park Glen Ct.,,Hobart,71,7001,0xE6100000010C712DF077C36545C06E868C4629706240,5787007C-E5CF-4323-B190-03965D14860B,11-03-2014
12237,Husemann Straße 7574,,Paderborn,53,33098,0xE6100000010CD7C04BC640DA4940D9F7F143CF832140,25D1C39A-0BB9-43B6-B7A7-2C77D8899DA9,13-10-2012
12238,9440 First Ave.,,W. York,14,BD1 4SJ,0xE6100000010C8FD371B6A2EB4A407154BEDC4B06FCBF,3FBC9280-3228-4116-A372-21FC82ED535D,13-09-2013
12239,732 East 87th Street,,Long Beach,9,90802,0xE6100000010CC269CBF8BBE0404085FC6D1267915DC0,7778A6D5-5C24-433C-80FA-5D1388478C5F,22-11-2013
12240,2286 Sunset Way,,Cliffside,7,V8Y 1L1,0xE6100000010CA53B115229484840BA5D0E75B3E25EC0,ABF87245-023A-49E2-9BC0-E69D7EA5B33C,08-12-2013
12241,"34, rue des Rosiers",,Paris,161,75003,0xE6100000010CF3EB6FC11D7748400F1C27B433DF0240,27FD8A8C-6FE4-47E8-94F7-0FBA4349A352,21-12-2013
12242,7887 Twinview Place,,Burien,79,98168,0xE6100000010C2648A3548ABD47400EBD10B5C1885EC0,C636B09D-6C4D-4D6A-93CC-A9CF2D0656BA,13-11-2013
12243,"44bis, boulevard Saint Germain",,Pantin,179,93500,0xE6100000010C70D8A198817548405274FF4D7A4D0340,24E2CFFD-0745-4E02-B40C-AB79373CD2A6,21-12-2013
12244,8228 Seal Way,,Coffs Harbour,50,2450,0xE6100000010C1EFD90F8F62A3EC096CFD7A77D1D6340,C7E744F9-01A6-4010-B9DC-0DA8449F0863,06-07-2012
12245,Marienplatz 313,,Braunschweig,53,38001,0xE6100000010C00000000000000000000000000000000,F358F748-3869-4426-B098-434C6DC9E242,31-08-2013
12246,9063 Vista Aven.,,Haney,7,V2W 1W2,0xE6100000010C8BFFC397E4A04840AD58ED4845AE5EC0,F7870C95-9DA1-4ADB-A221-3A7EDFB4B292,30-06-2013
12247,14 Delta Road,,Burien,79,98168,0xE6100000010CF55F90FD1BBB4740C8F0F8928A9B5EC0,05DD1195-A3E3-4CD5-A834-3CEF1338351F,04-04-2014
12248,"3, rue Surcouf",,Chatou,164,78400,0xE6100000010C6B05AF149D6A48405EE22DAE3C350140,A142E16B-2D49-4AB6-B048-352ECBFD80E3,21-12-2013
12249,7954 Monument Blvd,,Oregon City,58,97045,0xE6100000010CAA0EBEE5BFA64640D7CC7F9FCF965EC0,42E0AE47-5E72-4C7B-BDB7-4DDCEDA511F4,06-01-2012
12250,7886 Burwood Way,,Cranbourne,77,3977,0xE6100000010C8406544A3F0F43C0C683656FC5266240,EADB8B61-B6C5-4913-8A2E-0577978A3A3D,01-09-2013
12251,1413 Bridgeview St,,Glendale,9,91203,0xE6100000010CFA0EA40B7D1741402CFF629F4C965DC0,88009C11-59E8-4A7C-8846-E49718A60073,04-08-2013
12252,5818 San Rafael,,Grossmont,9,91941,0xE6100000010C7D4655C2805F40401142846648405DC0,1D7AB375-C7DB-4563-A9BF-B38ADA8CD12E,13-12-2013
12253,"40, rue de la Centenaire",,Les Ulis,177,91940,0xE6100000010CD68EB8BA1E554840819BCFD0E54E0140,B7ECAE2B-02B6-4F4A-812F-AF6DDD90AEEE,21-12-2013
12254,Wasserstr 63,,Eilenburg,85,4838,0xE6100000010CCA904C2B01C04940945EAF1763582940,515B76BC-6395-4C94-A5F5-5940ACFB902F,15-05-2014
12255,2187 S. Rising Ave,,Lynnwood,79,98036,0xE6100000010CC785E38642DE474074F6680E9B9A5EC0,9E923F84-54FE-415F-B4E8-7E533358CB5B,15-06-2012
12256,4190 Trujillo,,Sedro Woolley,79,98284,0xE6100000010C898580FD204448406B22302DC9855EC0,EA7312A5-6DCB-4EFA-995F-B72E755933D2,03-08-2013
12257,3469 Relief Valley Ct.,# 22,Royal Oak,7,V8X,0xE6100000010CA8426E87D53C484030527F3306D75EC0,0ECD8DA4-B3BD-40C9-8F95-6CEA1045D640,28-01-2014
12258,8381 Lake Place,,N. Vancouver,7,V7L 4J4,0xE6100000010CCF717F3E3AA948400FF36ED41EC45EC0,5F3AE077-5AA2-41A0-8761-82F49FEF1EAA,24-02-2014
12259,7914 H St.,#9,Everett,79,98201,0xE6100000010CE4DEB05119F6474085DF5CB3FE885EC0,77F9DE31-8675-4BA5-BE5E-BA9366C09F8D,18-03-2014
12260,5345 Willow Avenue,,Rhodes,50,2138,0xE6100000010CF1A668CA8FED40C0738B960751E26240,F2996603-8422-48B2-8B61-57C40A3AB5AA,18-09-2013
12261,3082 Heritage Oaks,,Lemon Grove,9,91945,0xE6100000010C67ABB39E205F4040E43D8043C33D5DC0,63A022A6-D128-4A0F-A59B-B8E4E303B328,30-08-2013
12262,2868 Filling Ave.,,Beaverton,58,97005,0xE6100000010CB3AF78D52FC44640EDF507F1C6BC5EC0,E6C5F547-6AF2-43D5-AE87-10A323C21A18,10-03-2014
12263,3543 Lori Dr.,Apt 110c,Malabar,50,2036,0xE6100000010CDE7AAE33A3FC40C066E46991E1ED6240,5FF28F8E-26E2-48AE-89EF-E65DFA7B9420,16-11-2011
12264,946 Hanson Lane,,Corvallis,58,97330,0xE6100000010C23E25487214D46408FC6AC649DCD5EC0,50EE5E02-01BC-42F9-A406-A129F2ED6AA5,10-11-2011
12265,6920 Merriewood Drive,,Newport Beach,9,92625,0xE6100000010C6A6E73AEA9C840400C200EA392805DC0,8B369BBE-91C5-4E71-978A-5811ED754B0A,14-01-2014
12266,"39, avenue des Laurentides",,Dunkerque,145,59140,0xE6100000010C4B3035EA3A804940C3281FE0D3D40240,3D0E8D7B-B8B9-4AC3-9B84-A7C8254CA71D,21-12-2013
12267,8202 Lion Circle,,Long Beach,9,90802,0xE6100000010CC6E5D47C5AE64040CB1228CAE38F5DC0,6F8F9C3C-4A36-48EB-838B-DCBE1AFD642F,19-06-2013
12268,3 Oaxaca,,Lakewood,9,90712,0xE6100000010C0822FE8836F24040005E2C9C1E8A5DC0,B9835E6C-ADCB-4A72-8EC3-173B119F85B2,06-10-2012
12269,"5, route de Marseille",,Paris,161,75010,0xE6100000010C7AE4034BA46D48403220FFD8C5E40240,9F42C81A-0444-48AF-A5B2-5C3BA1199016,21-12-2013
12270,3302 Trujillo,# 112,Bellflower,9,90706,0xE6100000010C8975D50C97F14040D24754934E8A5DC0,4CFE6E5C-A3CA-4CA9-A352-D95FCAD7254D,08-02-2013
12271,2989 Pepper Way,,Milsons Point,50,2061,0xE6100000010C92623A0CC3E640C0B33D7384A4EC6240,051DDE23-2E2E-4446-A752-0F04D9A8B06A,26-03-2013
12272,"534, rue des Grands Champs",,Paris,161,75007,0xE6100000010CEE8F1D01C1664840F4E406A4D9420340,ADDED9D2-96FE-4366-B526-1F1CB7AB6FB2,21-12-2013
12273,Dunckerstr 7835,,Berlin,70,14197,0xE6100000010C49282B50854A4A409331ABEBACE02A40,B0EE808A-25D8-4743-9558-48CA69F577C7,10-02-2014
12274,258 Bluejay Dr.,Unit A,Newton,7,V2M1P1,0xE6100000010C28E0DF3F0EFC4A40CB783B3655AE5EC0,24A390D8-9295-4461-855D-E0E1F643B1B5,30-07-2013
12275,2007 Shady Ln.,,Townsville,64,4810,0xE6100000010C53790A9E763A33C0F0F9F19E56516240,A6240215-CD5E-4425-B6BE-45FEA859E545,08-08-2011
12276,"8, rue de l´Esplanade",,Dunkerque,145,59140,0xE6100000010CAF0586327F8349404A6DE89558D40240,654790F5-8CB6-4D14-B4F5-4741192AF726,21-12-2013
12277,8375 Ambush Dr..,,San Diego,9,92102,0xE6100000010C41CAF8322D5B404049ADD224304E5DC0,6A0D2272-BA4D-40D9-97EB-5D5FBF2284D0,08-12-2013
12278,3035 Blackfield Dr.,,Lemon Grove,9,91945,0xE6100000010C78087F8CD75840404332FAC440455DC0,23605DBF-D8AD-4BC9-A647-38A87272F228,29-04-2014
12279,712 Sweetwater Drive,,Concord,9,94519,0xE6100000010C0B8B5C65880143403887548EB38A5EC0,AA5B4B33-6E3C-4702-8143-543EB02ED73B,12-05-2014
12280,9657 Santa Maria,,La Jolla,9,92806,0xE6100000010C19F01E3021ED404020E986745E805DC0,BD01A38D-8569-4F25-BB0B-C3687EC30E8B,17-08-2013
12281,Westheimer Straße 9292,,Hamburg,20,20354,0xE6100000010C5CAB3B91ACCB4A406933AA5B5FFB2340,2ECACEBF-7221-4359-B2E6-572E7FE7CD73,15-01-2013
12282,"951, rue Villedo",,Metz,143,57000,0xE6100000010CD1E4D99F46864840AC9AE9AC32C31840,121FDD79-83E3-41EB-B57E-E8BB755877B4,21-12-2013
12283,4103 Valley Blvd.,,Haney,7,V2W 1W2,0xE6100000010C266EFD9DF7994840C9FF6DBBCC9D5EC0,4C620E9D-6E6F-4B6A-8A38-891E48E9677D,21-12-2013
12284,9270 Via Pablo Neruda,,Hobart,71,7001,0xE6100000010CDEB5B5651E6445C0E1B35AEE456E6240,B1121DD9-EDC9-41B1-BA11-D34DE9D49219,03-07-2012
12285,Werftstr 44,,Saarbrücken,70,66001,0xE6100000010C0B59945CE99A4840EB02DB6407B41B40,AF6F8EB2-C257-402F-BC9B-B6566006A9FE,04-08-2013
12286,9056 Mount Dr,,Chula Vista,9,91910,0xE6100000010CC7A5D915CF534040E881161AE1385DC0,08614D4D-32F4-4696-B6E4-8BC2BBC45E5E,29-12-2013
12287,7134 Oakwood Cir,,Spring Valley,9,91977,0xE6100000010C8464E693105C4040D94362078A395DC0,ACC43136-C20F-44A2-A1D2-678C77D0BFDF,24-08-2013
12288,4751 Grant Street,,Springwood,50,2777,0xE6100000010CBA8F7C6F89D140C0136B8B446BD96240,4115B4FB-B122-414D-B7A5-7E89C6841DDE,22-07-2013
12289,7058 Crestwood Circle,,Billericay,14,CM11,0xE6100000010C7BA28D4CB4C84940BF7024387AAEDA3F,AB7F38C3-1C54-429D-A9B0-8D7DEB63FA07,27-12-2013
12290,9830 Corcoran Road,,La Jolla,9,92806,0xE6100000010CBE1C30EA75F140403CCBAEEA50775DC0,7868CDF5-DC8A-428A-8776-7917E9FEFF9D,22-06-2011
12291,P. O. Box # 9257,,Beverly Hills,9,90210,0xE6100000010CB051E5EF870841408A46E671739E5DC0,B761827D-3F63-49FD-9F76-A72C7015B45B,14-05-2014
12292,3543 Hilton Way,,Sydney,50,1002,0xE6100000010CC5413C3897F140C00E28A652B9E36240,C82D3EC4-3879-48AD-BA53-28CD100CA452,20-04-2013
12293,1773 Royal Palm Lane,,Gold Coast,64,4217,0xE6100000010CC2D7925E73033CC078347260F9306340,E03A3B48-57FD-4190-A94B-22BCF94BE598,09-08-2011
12294,Carlsplatz 1,,Kassel,19,34117,0xE6100000010C1E8B7C430AAF4940DE119F7E06032340,1BB5C8DA-785A-498C-AADC-A0165389F04F,17-11-2012
12295,"689, rue Maillard",,Versailles,164,78000,0xE6100000010C92A97CFBCF644840F40AA10948F00040,AEC8F759-7FB6-43D2-A938-D5B1DDCDBF78,21-12-2013
12296,6535 Warmcastle Ct.,,Ballard,79,98107,0xE6100000010C24BEA9372ED94740BFA767AE5B955EC0,F5D3FB96-A240-489D-98EB-7EEF185E7622,26-07-2013
12297,1113 Catherine Way,,Newport Beach,9,92625,0xE6100000010C30605B4C6AD340405A766DABF56C5DC0,39C83531-6EFA-4CCF-B1AB-FA1A7833A625,05-12-2013
12298,9697 Sunshine,,Coffs Harbour,50,2450,0xE6100000010C567A7E94BC2B3EC022DDE0D452256340,83D7B049-42AE-4DA7-BB66-78034820BC0B,01-09-2011
12299,Wallstr 8834,,Erlangen,8,91054,0xE6100000010C5115473756C94840AEE828EA5E092640,DFF6F575-F3DB-44C7-8A63-6B36A9D4CA57,11-01-2014
12300,7053 Laurel Dr.,,York,14,YO15,0xE6100000010C332C8AF07AFD4A4060E435F0524FF1BF,AAD1553D-E87D-4710-814F-9A2E91EF1BB4,18-09-2013
12301,512 Salvio St.,,Shawnee,7,V9B 2C3,0xE6100000010CFAD4FFF7C635484010BA7521DDEA5EC0,E02A87A4-329B-4C10-B204-9EB4CEE6E5CF,02-09-2013
12302,4917 Lacanda Ct.,,Oregon City,58,97045,0xE6100000010C52701BF821AD4640EE039617709F5EC0,BABABB94-2E58-4DCF-A4D5-9CAD53CDEE35,14-11-2013
12303,"14, allée des Princes",,Les Ulis,177,91940,0xE6100000010CDF9272C1E34E48403BBB5DD2E1560140,59031EEB-5583-46B9-9BED-CDC1FC24D5DC,21-12-2013
12304,8629 Pepper Place,,Seattle,79,98104,0xE6100000010C335194D7F7C847409FEA9D6940985EC0,1B7BAB0A-F720-428E-B818-42D072D0DF38,05-08-2013
12305,Charlottenstr 123,,Kiel,70,24044,0xE6100000010C00000000000000000000000000000000,C62306C2-C3A9-478B-8D08-F5FC5A3B9998,27-11-2011
12306,1158 Roundtree Place,,Spokane,79,99202,0xE6100000010CFD19CEC426D94740CDFB19B6BE4D5DC0,DB579D4A-FC33-43CB-A40E-ED91DA289FE9,01-02-2014
12307,7959 Driving Drive,,Malabar,50,2036,0xE6100000010C4EEF6752AEFF40C001BC54BD8EE86240,D6F49587-7E43-48C3-BFBF-72FA627CF35A,06-06-2012
12308,8727 Logan Court,,Bellflower,9,90706,0xE6100000010CFC2AE4877EF54040E6AC91681C915DC0,AB455726-0820-4A9C-BF8E-73C079D7F698,29-10-2013
12309,4392 Ahneita Dr.,,Brisbane,64,4000,0xE6100000010C7D57138437753BC08632C33012276340,373F3F07-0439-4CB5-8BCC-6B2BB3731F11,22-05-2014
12310,5603 S. Rising Ave,,Gold Coast,64,4217,0xE6100000010C2FF446EBD4F53BC03B364EB8F4316340,77300AF9-25B7-49DF-9408-7C9C39F04E0D,18-12-2013
12311,2496 Greendell Pl.,,Warrington,14,WA1,0xE6100000010CD7B57C80C7AC4A40DD0432F52E8A04C0,D41E81DB-A619-40A6-A3AF-D0330297417B,28-03-2014
12312,7950 H Pine Creek Way,#3,High Wycombe,14,HP10 9QY,0xE6100000010CCE271BF574D44940FA7B53E74738E6BF,00CB32C0-05F9-4A15-BC5F-7B7D4DA2C0F2,10-06-2012
12313,Kapellstr 4561,,Bottrop,53,46236,0xE6100000010C83757EC22EBF49407175158DB5BA1B40,AC4CC075-37F8-43A1-B16A-3A57D39E3674,23-01-2014
12314,"161, rue de Cambrai",,Dunkerque,145,59140,0xE6100000010C7100442842834940FBAF65A9C2440340,B628B9F2-F7EC-48F8-8C2F-F5CC2FC75864,21-12-2013
12315,4210 Band Court,,Springwood,50,2777,0xE6100000010CA4F85815B6D640C0A4EB81A6E6D96240,BC3A000F-E3DF-49D1-A758-20B4C6C20696,13-05-2012
12316,1331 H St.,,Grossmont,9,91941,0xE6100000010C60E4F619CB6540408853D41985485DC0,0FAC78B0-7182-4621-8239-EE0FE2209B7F,19-07-2013
12317,9662 Red Leaf,,Westminster,7,V3L 1E7,0xE6100000010CB6C76ABF0D914840B56E7351B9BE5EC0,B615A29F-EB7B-4642-889F-3487680B91DE,06-09-2013
12318,2613 West I St.,,Lebanon,58,97355,0xE6100000010C4D83461D2F404640ACCAE3812BB65EC0,8B6C5EC8-5564-4C42-903E-5C4E7C1FD20F,25-03-2013
12319,3854 Galindo St.,,Caloundra,64,4551,0xE6100000010C666E23D84CC73AC0EBB40CE362266340,13321610-2552-4A21-A3CB-F02B64408E5A,16-06-2014
12320,7239 Green Leaf Drive,,Burnaby,7,V3J 6Z3,0xE6100000010CB22E5C4DE5A1484070B2BEB8E0B95EC0,B24A3C7B-806C-4622-B595-3F9ED9127606,02-10-2012
12321,Welt Platz 2,,Stuttgart,70,70511,0xE6100000010C00000000000000000000000000000000,F470C373-774B-4D9C-8BEF-DB0864355B4D,28-04-2013
12322,8553 R St.,,Salem,58,97301,0xE6100000010C1A1677D204744640BA3FFF3EF0CB5EC0,55D92B10-9FA4-404C-8158-6C75897A66B0,25-04-2014
12323,2752 Northridge Road,,Rhodes,50,2138,0xE6100000010C26B55FD3CBE840C0DFBA9F57C4E36240,12953D43-9FF9-44EE-B570-543273E29AF5,02-08-2012
12324,2012 Melody Dr,,San Gabriel,9,91776,0xE6100000010C080E9A362C0D4140E14D976B0C815DC0,9A747048-A10A-435C-BF32-53ED54B49593,27-06-2014
12325,872 Mark Twain Dr,,Goulburn,50,2580,0xE6100000010C3D36E302BA5141C03218EBB081B76240,15A8E556-DF65-4110-942C-32E543E96354,26-08-2013
12326,6417 Del Rey St,,Spring Valley,9,91977,0xE6100000010CF86D7390BD5D4040A4DEA33286425DC0,1627963D-8E94-431A-9410-AB6387A06C96,09-03-2014
12327,2786 Class Avenue,,Lebanon,58,97355,0xE6100000010C09FBD0929A434640C9948F3707BE5EC0,9A45CDFB-A30D-4956-B7F8-B2013D384A32,04-12-2013
12328,7445 Meaham Drive,,Port Orchard,79,98366,0xE6100000010CAA6B858046BF47407662678C96A35EC0,C3FF9F70-D7B9-4B86-AE3D-1433B7E2F905,15-05-2013
12329,"23, rue de Linois",,Sèvres,178,92310,0xE6100000010CC04B3F56927048401479BB73C0A60140,C1CB06B3-9EB3-4811-A912-F351B4BEDD7A,21-12-2013
12330,4068 Camelback Road,,Port Hammond,7,V6B 3P7,0xE6100000010CC731891272AA48409BC0C75AC0C45EC0,5FB4E41A-B224-438A-AD85-9FB857E414A7,20-11-2011
12331,8981 Carmel Drive,,W. Linn,58,97068,0xE6100000010CECA4048219A9464082CED79351A25EC0,139D12AC-48AC-4D92-B754-E91ED4D3658D,22-02-2014
12332,3681 South St.,,Lincoln Acres,9,91950,0xE6100000010CECD3D6AC1C5940403003ADC2D94E5DC0,47D320AB-6ECF-4A91-B9DC-6D47A441F493,20-01-2014
12333,3467 Monetary Way,,Berkeley,9,94704,0xE6100000010C0579B01C23EC42407A3EBB6AE0945EC0,67A5A653-ABD7-4840-B240-D30F382EDEB1,22-10-2012
12334,"16, rue de Linois",,Suresnes,178,92150,0xE6100000010C5E3A6B1F9C6B484058F5174172C40140,1C2AAD3A-FB36-44D7-AFB8-1D96BA1E2911,21-12-2013
12335,1585 Pacific Avenue,,Torrance,9,90505,0xE6100000010C868A337C74E9404021438666F6945DC0,A54EB21A-D9A8-4407-92CD-5B625E73297E,25-02-2014
12336,2572 H Street,,Portland,58,97205,0xE6100000010C27AE452C5EBB464055CEA6508AB15EC0,81E59331-4979-47FE-B865-C515E63A4A53,19-12-2011
12337,4682 Sunset Meadows Ln,,Newcastle,50,2300,0xE6100000010C4FE3497C6A7440C08D3718EC7AF76240,1E2E6D6C-A5E7-4C3A-A824-283E30D2259E,24-11-2011
12338,5522 Grading Way,,Los Angeles,9,90012,0xE6100000010C51CBC092050741403679ACB874945DC0,EE3BDCE5-AB82-4002-BB36-DB011DA5B289,01-11-2012
12339,9265 Village Road,,Matraville,50,2036,0xE6100000010C84F2A20D3FF540C0927879FEF1EB6240,BA3FF3C5-9BEA-4D6D-B4F2-8FD54BFCC822,25-07-2013
12340,3337 Northpoint Ct,,Burbank,9,91502,0xE6100000010CBAEFFDB5451441409EA2E0C9C38D5DC0,75FEDABA-0569-445D-90F2-29AACE97DEB9,06-11-2013
12341,4480 Las Trampas Road,,Bremerton,79,98312,0xE6100000010C28B67701A7C4474068C4A3DC5AA85EC0,55CDF117-ECD7-4008-B1A1-5E7EBE2BD0CC,18-07-2012
12342,4108 Yukon Street,,Burbank,9,91502,0xE6100000010CA6CD9AB0C5174140DD6459FB8C915DC0,B7C50065-89C2-43B6-8486-884D4B35C2F7,23-03-2014
12343,1955 Glaze Dr.,,Shawnee,7,V9B 2C3,0xE6100000010CA446F90F4C33484094D59485E5D75EC0,C656A12D-6B85-4759-8694-0A04B16786E8,03-04-2012
12344,3450 Breck Court,,Bremerton,79,98312,0xE6100000010CC255B0E69DCF4740CAA77F47B6AA5EC0,BF5FE5C7-4355-4837-8D45-F82F0131604D,11-10-2013
12345,9564 Pennsylvania Blvd.,,Westminster,7,V3L 1E7,0xE6100000010CEB26C1076EA148406B1879085AB15EC0,38028627-842A-426F-9FAB-9F7FA23BE8A2,09-01-2014
12346,6488 Dublin Blvd.,,North Sydney,50,2055,0xE6100000010CB7B62915BAEB40C06EDC324530E46240,3FD73A3B-7051-4EA3-BFB1-2F9BBD4A2BD2,12-02-2012
12347,Nonnendamm 6500,,Neunkirchen,70,66578,0xE6100000010C347D425C33AB48404D808EEFCF721C40,00DBD2D9-EB69-4927-AD63-E03E2B578570,18-01-2014
12348,7720 Breaker Dr.,,Lane Cove,50,1597,0xE6100000010C6353BD554DEB40C012F85F1B03E26240,410EC272-FEB3-4913-9F5B-4C36A0956C3E,17-02-2014
12349,7682 Fern Leaf Lane,,Edmonds,79,98020,0xE6100000010C46665AD0EDEB4740B10A392FCA9F5EC0,DB4AB754-604B-49CC-8C04-C2C254C64E27,31-05-2014
12350,2342 Peachwillow,,National City,9,91950,0xE6100000010C599674E0D65240402D716C9A994F5DC0,9A92DBE1-A77C-4523-81F6-22AF7241B20B,25-11-2013
12351,"477, rue des Ecoles",,Tremblay-en-France,179,93290,0xE6100000010C111446BABA754840B1A16CB2B1690440,37032DEB-8C79-4744-92FA-1E40340019B3,21-12-2013
12352,7367 Wests Way,,Darlinghurst,50,2010,0xE6100000010C61D7A55C3BEB40C0498EA88764E56240,F15A2CE6-2B3B-493C-94F7-D2497DBE832F,05-09-2012
12353,"54, rue de Courtaboeuf",,Metz,143,57000,0xE6100000010C01BADE15C38348400CABCBED00B41840,795907E2-99F3-4032-B350-B8FCA9C95318,21-12-2013
12354,5275 Whitehall Drive,,Concord,9,94519,0xE6100000010CCC8C006381024340AD60CCC785795EC0,20E63CF2-99EF-4B1C-BFB0-267DD991F4C4,01-11-2013
12355,543 Northwood Drive,,Bendigo,77,3550,0xE6100000010CD6FB77C0056042C067F9CB1FC10A6240,233A13EE-72E0-4D80-BFB8-52348DFB4040,31-01-2014
12356,3410 Meadowbrook Dr.,,Yakima,79,98901,0xE6100000010C062DD3D5304C47404896756C10215EC0,4E76BCDC-80B1-47DB-88A4-29C3C1DC5652,30-11-2013
12357,Am Gallberg 6726,,München,19,80074,0xE6100000010C00000000000000000000000000000000,77C8DEF2-6D40-4365-BF9A-5BDEFB338D00,10-05-2013
12358,1233 Vista Bonita,,Issaquah,79,98027,0xE6100000010C92EBF49C23BA474085129553E2765EC0,5C326404-5BAB-4120-A229-7F74A33FB7B1,23-03-2014
12359,1020 Book Road,,Bremerton,79,98312,0xE6100000010CB44E87252ECD47403E826695C8A65EC0,F8F82C84-B2A0-4696-9B2E-415E7633A246,26-02-2014
12360,4284 Boynton Avenue,,Lavender Bay,50,2060,0xE6100000010C3BB60C6184E940C0967F95D133E06240,755C4F46-469E-4150-A8B7-08BB51B9A14A,04-09-2013
12361,6441 Co Road,,Lemon Grove,9,91945,0xE6100000010C4302FAD142594040305B4E86FE4B5DC0,F8A2DB68-A3FB-462E-AAE1-1CBD91E66A42,01-04-2012
12362,9137 San Remo Ct.,,Warrington,14,WA1,0xE6100000010C0F1D823E9DB34A401D2FEC6E7E9004C0,E198F7DE-4E14-4409-9127-7AA18F4E3088,14-07-2012
12363,7468 Lindley Ct.,#8a,Metchosin,7,V9,0xE6100000010C8F6E6BE2EC2948406262C03EF1D75EC0,CDDB8563-0860-4497-97D5-E2AD22B0880A,04-09-2013
12364,419 River Ash Court,#9,Lakewood,9,90712,0xE6100000010C720FFD0C9DEF404047B7D6E36F925DC0,CECD0E2C-413B-4492-BF58-D584F11AE9BA,14-08-2011
12365,1661 Beauty St.,,Haney,7,V2W 1W2,0xE6100000010CBB8BE8557C9C4840E13B247F7CAD5EC0,D8A756C6-EDF3-437B-8BAE-B13278FEF851,18-06-2011
12366,482 ViewPoint Court,,Bellingham,79,98225,0xE6100000010C71598489025B484022C16BA97CA95EC0,36C76843-D4C8-4EBF-B62A-93032C1699B5,21-09-2013
12367,4865 A St.,# 260,Coronado,9,92118,0xE6100000010CDF7DB1FEAA5C4040AF3C0A4CEC465DC0,2C132A4B-8DC1-4CC9-B38A-7F282D4C0AE4,06-05-2014
12368,36 Sand Pointe Lane,,Coronado,9,92118,0xE6100000010CBF3AC7DF7B584040E028810FEC525DC0,A4373247-3136-493C-8124-AD54FBF859FA,23-10-2013
12369,9076 Inverness Drive,,Perth,66,6006,0xE6100000010C7E30DF30C5E93FC054C58C9401F05C40,542F9DF5-7E9D-443F-BF22-8B5D9E25F5B0,09-09-2011
12370,Viktoria-Luise-Platz 576,,Poing,70,66041,0xE6100000010C00000000000000000000000000000000,A1EB66F1-FF59-4A66-B406-A92CB10919A3,18-10-2013
12371,9818 Frisbie Court,,Langford,7,V9,0xE6100000010CF7B433B81D42484084C39A1D31E75EC0,6737EDDF-0B59-4521-8F21-584F40DEE262,22-07-2011
12372,4224 Almond Avve,,Milwaukie,58,97222,0xE6100000010CB3BA456320BB464078E594BD94A95EC0,02FC3DF8-8B9C-43E7-95A7-62962A60370D,17-05-2014
12373,3768 Door Way,,Gateshead,14,GA10,0xE6100000010C65BB05E8027B4B40C706293396A6F9BF,C2810B2D-3E9F-4F2D-ACB4-7EA2EC861244,19-09-2011
12374,593 Willow Pass Road,,Spring Valley,9,91977,0xE6100000010CBF183658F85940401E33ED63093B5DC0,9481F17C-A871-4BEF-97F8-6766B6FB1A5F,19-04-2014
12375,7957 Hermosa,,Port Macquarie,50,2444,0xE6100000010C0E9D112D9A6A3FC0F9E1F73CB21B6340,AD92A5BC-A856-41F3-A430-11EC9F12357E,11-08-2013
12376,"501, rue Henri Gagnon",,Saint Ouen,127,41100,0xE6100000010C0B5F7D4089DE47405997B0BDA664F13F,F0FEE76D-3BA3-40BD-91A0-D5710E99672F,21-12-2013
12377,74 Valley Blvd.,,Palo Alto,9,94303,0xE6100000010C1CA3CA0282B54240D0E34667D8895EC0,92F926E8-DCDF-4D78-B7B5-60DFD96B903C,11-08-2012
12378,9595 Burning Barn Dr.,,Matraville,50,2036,0xE6100000010C1A923BF68CF640C0927879FEF1EB6240,1EC74225-654F-43BE-89E7-8CCE3951CEAD,26-02-2014
12379,6787 Pheasant Circle,,Oakland,9,94611,0xE6100000010C59711DFE54ED42407B33625DC5855EC0,3A1B5A61-855F-4148-A2E5-A4A90E303C0A,15-06-2012
12380,3664 Colt Ct.,,Hervey Bay,64,4655,0xE6100000010C003E92C95F5039C0651D67AF741B6340,5FA4C964-3478-45C4-AF3E-A7ED5D750A98,13-09-2013
12381,4173 Rockledge Lane,,Colma,9,94014,0xE6100000010CF9A22914DAD64240E94346BF339F5EC0,69AC40DB-92B9-4068-9ECF-77020A04F12C,05-01-2014
12382,1488 Guadalupe Dr.,,Burien,79,98168,0xE6100000010C938C522E9EC347400E1B622FE38B5EC0,74F726ED-812B-4EBF-AA87-D5019F7FD592,23-06-2014
12383,9618 San Rafael,,Seaford,77,3198,0xE6100000010CFF17C89C991143C0CCEB0012C7276240,16C994BE-CAD5-4CBC-A45C-B973C1479427,28-09-2012
12384,1274 Marlboro Court,,Issaquah,79,98027,0xE6100000010CD23C5CFBA6C2474055CCC8CF017A5EC0,F6EDD2F0-DD19-4E56-A8CE-940B472BEC8A,09-04-2013
12385,25 La Jolla,,Salem,58,97301,0xE6100000010C73ED9C054B8246409FB7FFDD27CF5EC0,391A7997-1A62-4F3A-921F-78A856A3E3B0,25-12-2013
12386,"8, rue des Ecoles",,Suresnes,178,92150,0xE6100000010C60BE1FD95B6A4840CBE94AC6CEBB0140,E876F59D-520B-463E-9E19-A8AC89397362,21-12-2013
12387,3294 Buena Vista,,Lemon Grove,9,91945,0xE6100000010CB3670A369960404094895B0531425DC0,F38C5DFA-80F0-4C21-9917-C33BF925EFF2,05-11-2013
12388,6445 Cashew Street,,Rockhampton,64,4700,0xE6100000010CADCFED524B6337C0CFFAFA12AACD6240,B4D1E60C-3B71-4F1C-9453-FEBA29B329FD,22-04-2014
12389,4281 Meaham Drive,,Puyallup,79,98371,0xE6100000010C310431E14596474023FC905CA89C5EC0,30543FCE-77A4-40BF-B858-D441CA78A29A,04-10-2011
12390,Celler Weg 304,,Bonn,53,53131,0xE6100000010C6D57D610A5544940E413481FDE701C40,226C74F1-FAA0-4D20-A458-A2B8A0CD06EF,17-07-2013
12391,4575 Sandiago Drive,,Beaverton,58,97005,0xE6100000010CA45C93BA05C346407BE6E1C033B05EC0,2E994239-6676-4724-B84B-4D17929FF16C,09-03-2014
12392,"48, boulevard Tremblay",,Lieusaint,163,77127,0xE6100000010CE84E164F165048400B10B7E5C3650440,6C2D2A0D-6131-4598-A9CD-8A591FBBCF86,21-12-2013
12393,2657 Honey Trail Lane,,Burlingame,9,94010,0xE6100000010C68D4CD0A4FC8424085F8A6AF8C9D5EC0,D2581070-4F9C-473E-BDBD-28A93FE115CD,10-10-2012
12394,5007 Castle Rock Rd.,,Hawthorne,64,4171,0xE6100000010C6C840DA0E8723BC073B1A25E211F6340,611D487C-5EB5-427E-9908-653E17CE05AB,05-05-2014
12395,5816 Camacho,,Cliffside,7,V8Y 1L1,0xE6100000010CBE5362841E3B4840D4CA46A8A5D75EC0,5FE5B322-7D2E-4A89-8237-7DB5E84A8A51,06-03-2014
12396,"75, rue du Départ",,Orleans,131,45000,0xE6100000010C1C41C84782F9474023154E581B8DFE3F,C36B87E3-3BC4-4BE8-930E-BC0EE8C224F3,21-12-2013
12397,9021 Santa Monica Drive,,Redmond,79,98052,0xE6100000010CF028DC24B9D6474018731BD86A7D5EC0,0CA5889A-2A65-41E9-A13D-7D92C5E5817B,10-05-2014
12398,2444 North Ranchford,,Melton,77,3337,0xE6100000010C781B0DFA2ACB42C038AA5F3773186240,3ECF9DD6-4875-43DB-A768-A051AF7B4CB0,09-01-2014
12399,517 South St.,,Seattle,79,98104,0xE6100000010C7867283F40DB474081F90730559E5EC0,5140DE54-F08F-4C32-A147-31B8AD03EB52,07-06-2014
12400,7015 F Mt Hood Circle,,Bendigo,77,3550,0xE6100000010CD6FB77C0056042C0C6FB2F54370B6240,DB13A3C9-2A14-424A-A0C7-582FE980BC3A,29-05-2013
12401,6630 Ham Court,,Vancouver,7,V7L 4J4,0xE6100000010C5283449F05A14840906FF6BE17B95EC0,08006447-10FE-40DB-B336-8BE3BA8AFFB3,23-05-2014
12402,8380 Sheppard Way,,Beverly Hills,9,90210,0xE6100000010CA7CA5DA5380741408A46E671739E5DC0,A71DEF3F-8E94-4D0F-9BE5-1D2CBF3D2DE7,12-08-2013
12403,8614 Lagoon Court,,Warrington,14,WA1,0xE6100000010CAEE34794BAAA4A40ED0072CFF78F04C0,C0D2E271-C4BD-420C-8282-BEEA1F472507,10-09-2013
12404,9407 H Street,,Sooke,7,V0,0xE6100000010CE8373D89082F4840FBDFF0DA22F55EC0,01B995AE-2A0B-4430-942F-A39DD2EA7DFB,04-12-2013
12405,Altendorfer Straße 57,,Paderborn,53,33098,0xE6100000010CB8A11B702EE449401E6BD9FB537F2140,0E452331-BD82-4D3D-B55E-7D25A085DDEF,14-03-2013
12406,306 Winter Drive,# 4d,Imperial Beach,9,91932,0xE6100000010C96A7B303C14C404061AC261B14495DC0,ADF0F62D-68FD-4E10-876F-8E9887D1EAD9,15-11-2012
12407,"37, avenue de Norvege",,Saint-Denis,179,93400,0xE6100000010C0AA2BE2A6E794840BECB55D57EAC0240,C1C3F76D-1CD4-45BE-96C9-3FD8173FD725,21-12-2013
12408,206 Stonewood Ct.,,Rockhampton,64,4700,0xE6100000010C492F7861166837C0689815BECFC96240,379F5E3A-51B8-489B-BADB-97BFAFBB89A5,15-08-2011
12409,5623 Detroit Ave.,,Newcastle,50,2300,0xE6100000010C1ECA8C89D87C40C03562A3F264FA6240,4439274A-001A-46F8-8E1C-55C94784E4AA,04-09-2013
12410,476 Dancing Road,,Burien,79,98168,0xE6100000010C2B0268EA25BE47400ECA8AEC738D5EC0,BBCD89EC-3396-4ECD-BF89-55CA3189348B,23-01-2014
12411,"31, place de Fontenoy",,Les Ulis,177,91940,0xE6100000010CD68EB8BA1E55484033B421991B550140,07B1FF05-4619-4DED-B82C-714B4D58D62E,21-12-2013
12412,Berliner Platz 774,,München,20,80074,0xE6100000010C00000000000000000000000000000000,300D2DA7-BDB4-4863-837F-11A31261FD5F,08-12-2012
12413,5643 Palms Dr.,,Vancouver,7,V7L 4J4,0xE6100000010CE1052959A5AD4840FFC796F7C8CC5EC0,E5B3B9C2-78B3-44AB-9CED-F70FFC7FDA31,26-06-2014
12414,Kampstr 590,,Hamburg,19,22001,0xE6100000010C437A7F35DFC94A40C829A92AE0F42340,797173BA-93B3-445E-AD54-AAD192B084EE,28-12-2013
12415,5430 Ranch Dr.,,West Covina,9,91791,0xE6100000010CBF75DB078F0D41401A6A013835825DC0,1AEE246E-5526-4B0C-BAC9-C9E74047AA1F,11-01-2014
12416,3507 Olive Dr.,,Woodland Hills,9,91364,0xE6100000010C218A25023C154140BD30B44439AC5DC0,E8850253-E7C5-4A48-BE77-ACCE7AA09551,06-04-2013
12417,"9bis, rue des Peupliers",,Chatou,164,78400,0xE6100000010C5C417F37607348406B42348B7F3E0140,CE00AD04-007D-42B5-BF9B-1887A049ADE6,21-12-2013
12418,6203 Laurel Drive,,Everett,79,98201,0xE6100000010C1BA967C34D004840E1E52DAD18925EC0,19B12EBF-F56A-4730-B031-2DF992E17B56,01-02-2012
12419,Herzogstr 5772,,München,53,80074,0xE6100000010C405F7EDD791D4840E6FE8D86041F2740,1D3D1D0B-753E-4857-BC8F-AE35BDCEC925,16-11-2013
12420,1119 Elderwood Dr.,#3,Birmingham,14,B29 6SL,0xE6100000010C6FBF1DEA92354A40844A98BDF310FFBF,EB34025C-F368-4B80-BD91-0666D66A88FC,08-06-2011
12421,4535 Walnut Blvd.,,Concord,9,94519,0xE6100000010CB985706C9DFE424010EA2D91E4825EC0,FC411013-B7CE-437A-B643-22E25677B587,25-01-2014
12422,"75, quai de Grenelle",,Versailles,164,78000,0xE6100000010C198D36A9D05F4840DD7F8804D9EF0040,03CF4FC9-11BC-4883-A805-C1D94CF91BB0,21-12-2013
12423,6071 Mi Casa Court,,Rockhampton,64,4700,0xE6100000010CA41BBFB4E46337C001F14E53C6CA6240,C8B04858-D369-4ED1-996F-BBDAB450B5DF,11-06-2011
12424,6588 St George Dr,,Newcastle upon Tyne,14,NT20,0xE6100000010CB6C0C278797C4B400E0D22E3F9C2F9BF,65F2E5B1-26D3-4704-9916-9FA5D6A1D5C3,03-01-2014
12425,9275 Keller Ridge Dr.,,Royal Oak,7,V8X,0xE6100000010C264F6D4FBB394840CEFDC596DDD35EC0,2131023F-C4E7-4F8C-8568-56269F435C5E,13-02-2012
12426,8079 Precipice Drive,,London,14,E17 6JF,0xE6100000010C967C4FE97FD44940D8319A2503D2A5BF,C172C319-D59F-4F24-A9A9-0A67B163CFAE,12-03-2014
12427,6885 Amending Drive,,Spokane,79,99202,0xE6100000010C4AE9DA19B6D647403DA8449840525DC0,F770AEA8-2587-42C1-B123-5DDCDB6594D0,16-03-2013
12428,8634 Lake Meadow Circle,,Issaquah,79,98027,0xE6100000010C047DE69EF6BB4740E700A232AA775EC0,00EB799D-6031-4291-9974-C4DF5440DFAB,16-11-2013
12429,4423 Bayview Circle,,Port Macquarie,50,2444,0xE6100000010C959A70EAD06D3FC0F2FC86C8B71A6340,F258434E-707C-4325-8D79-92AB311F314F,22-05-2012
12430,5003 Pheasant Drive,,Bellingham,79,98225,0xE6100000010CF22E164CA25B4840C73E583F979A5EC0,49DA02A7-1997-4EE0-9EE1-A94FDB2BD02D,10-07-2013
12431,7986 Southdale,,West Sussex,14,RH15 9UD,0xE6100000010C00000000000000000000000000000000,6039DA43-C68F-45FA-A8BC-3C642D3349C5,29-11-2013
12432,9563 Wicker Ave.,,Peterborough,14,PB12,0xE6100000010CE23699D3AC484A402FE7A439D301D0BF,5A45A0EF-89D2-4E2C-BBBC-123B951DB10D,13-08-2013
12433,7132 Rainier Dr.,,Sooke,7,V0,0xE6100000010C25CBC08715374840E333492258F45EC0,1E74DEC1-3345-4268-971D-918E41FC7717,15-09-2013
12434,4009 San Ysidro Court,,Olympia,79,98501,0xE6100000010C1EF6DC7CB182474060A2BDC89EC05EC0,C785BEF6-300F-49EC-9837-8C941BE061C4,18-10-2013
12435,1833 Olympic Drive,,El Cajon,9,92020,0xE6100000010C383C9F46BA6040405487718EA0385DC0,CE415710-0D0D-463D-B9E2-3462B07B0392,06-02-2014
12436,2098 Crown Ct,# 235,Matraville,50,2036,0xE6100000010C87FC4B916BF740C001BC54BD8EE86240,5004D8CA-A223-4284-85A1-88170E76DE50,31-08-2012
12437,9695 Notre Dame Avenue,,Renton,79,98055,0xE6100000010C89EBABF87FBB47403DCCAE0E178C5EC0,129F608D-C611-4907-9A3E-61ABEA5FEFCF,11-04-2012
12438,Westheimer Straße 9292,,Kassel,19,34117,0xE6100000010C37A8FE94D0A74940B31EFC71E7F52240,094FA4BD-0DB3-435C-AE8F-B3E77D5C26E2,26-12-2013
12439,3697 Lane Way,,Silverwater,50,2264,0xE6100000010C78BA85254A9140C03A769DC427EB6240,79666641-14F1-497A-8295-1D63FC45A025,28-04-2013
12440,Husemann Straße 9574,,Berlin,19,14111,0xE6100000010C07D44BA0CC4E4A4096CC28C3B6D72A40,CE4A4746-6CE6-415B-8766-2A0CBEEC8409,22-11-2012
12441,9736 Colorado Dr.,,Westminster,7,V3L 1E7,0xE6100000010CE7067983B0A2484092EB485C6EB85EC0,3121526F-2683-4AE2-B552-E98E4E70A4B4,06-07-2013
12442,8068 Villageoaks Dr.,,Port Hammond,7,V6B 3P7,0xE6100000010C5014C6F7C4A44840AA5B914C63C25EC0,296322D8-9904-45AD-8A17-7A6D277DD052,04-07-2012
12443,Kapellstr 4924,,Hannover,53,30601,0xE6100000010C00000000000000000000000000000000,0E8A29D4-4D57-4B68-ADB7-15E90DB86450,05-02-2014
12444,1019 Chance Drive,,Sedro Woolley,79,98284,0xE6100000010C182EF92EE342484099EA56A551805EC0,FB49A51D-CA6F-4C8A-B8DC-A1A26D86CFF1,28-03-2012
12445,"74, rue Jean Mermoz",,Les Ulis,177,91940,0xE6100000010C405FC640834F484076C04A7D36580140,3B2AC862-B0E4-4964-A134-1B11C6A5048F,21-12-2013
12446,2260 Clear Court,,Coronado,9,92118,0xE6100000010C7FE3C96A0B5340407021FD29AC4D5DC0,B0FBCE4B-A7D7-47F2-B182-B50E046F0430,10-12-2013
12447,"21, rue de Bas Marin",,Colombes,178,92700,0xE6100000010C63736FB739744840CE7CE7A56AF90140,362672DF-B879-4FF6-B7FB-F23053E58DB8,21-12-2013
12448,5464 Janin Pl.,,Colma,9,94014,0xE6100000010C5796D35BFED242403146099E8DA15EC0,16711B03-1593-498B-BC18-38D03BC0CCD2,16-03-2014
12449,1874 Valley Blvd.,,Melton,77,3337,0xE6100000010C6BF7BA00F2D042C0EA174773580D6240,9DDEEEE6-C365-4B0E-8942-DDBA6D798D33,07-11-2012
12450,59 Lakewood Court,,Daly City,9,94015,0xE6100000010CB30DE7D058D84240C24C8DE722995EC0,DAF21413-91BF-4279-A707-6B89F420925D,21-05-2014
12451,7539 Santa Fe Court,,East Brisbane,64,4169,0xE6100000010C6322849D14843BC0835D24E62E286340,F63CA52A-2464-4B5C-AEA9-C3B92AB776A1,01-11-2013
12452,418 Alfred Avenue,,Seattle,79,98104,0xE6100000010C4122069E53D347409FEA9D6940985EC0,A155D5BD-6C86-454E-B651-F351CF9E9343,21-02-2012
12453,Winterfeldtstr 3539,,Duesseldorf,19,40605,0xE6100000010C00000000000000000000000000000000,F794FBBD-96C1-41E1-9BBA-BA146030DF37,11-07-2013
12454,23 Stonewood Ct.,,Walla Walla,79,99362,0xE6100000010C779F49D4B30A47407B858DECE5995DC0,F4B24B76-6F6F-4935-80C2-8278AAF49BC1,18-10-2013
12455,1192 Parkway Drive,,Mill Valley,9,94941,0xE6100000010CA5A7193CE6F04240739EC7CF26A95EC0,234567BD-C92F-4D45-A78A-C1E624088DBA,01-08-2012
12456,"87, rue de la Comédie",,Villeneuve-d'Ascq,145,59491,0xE6100000010CD544E2E4194B4940B7D2713CE2280940,8F3C392A-A794-4FF4-B023-4BC251A155D3,21-12-2013
12457,95 RiverRock Dr.,,Burlingame,9,94010,0xE6100000010C764345918FCE424092EE0FB13FA25EC0,787C0CCD-59B8-424C-BF04-1146FB9A8D3E,11-10-2013
12458,2473 San Rafael,,Lake Oswego,58,97034,0xE6100000010CD1DD9AA27BB74640373EEA5EC3A35EC0,8CA4EE3E-AA00-45E0-8C5B-D1C8FD7B5995,01-03-2014
12459,Zimmerstr 461,,Sulzbach Taunus,70,66272,0xE6100000010C00000000000000000000000000000000,8253FC75-A214-45B7-9E84-7A138EE5EFC0,29-11-2013
12460,7386 Greenview Court,,Gateshead,14,GA10,0xE6100000010C3DB237C091724B40EF167B36EEA5F9BF,5AA4267E-394C-4F1A-A54C-7C7F6452FCF6,19-09-2013
12461,1805 Gallagher Circle,,Burlingame,9,94010,0xE6100000010C10C4FBA0B6CA42405821E32F559E5EC0,E1514327-A1DD-4148-BB47-38BADA4E8A67,03-04-2014
12462,6919 Tosca Way,,Redwood City,9,94063,0xE6100000010C4E678D131AC4424060B9C1C274945EC0,6ADD86E7-FEE3-4F12-BE91-76768EE622E6,16-05-2014
12463,5033 Kentucky Dr.,,St. Leonards,50,2065,0xE6100000010C87F0082079EE40C057D88A4801ED6240,C7452C25-C7C2-4780-80E1-18FC2EBB43DA,19-12-2012
12464,2087 Plaza Del Rio,,N. Vancouver,7,V7L 4J4,0xE6100000010C963F41EF46AE4840FFC796F7C8CC5EC0,6F5D754E-33C4-484C-AA9D-55FDFD468BF3,06-02-2013
12465,5486 Olivera Road,,Brisbane,64,4000,0xE6100000010C1BD962B5C76C3BC07ACEF124BF1E6340,2E9AECE6-8B63-4508-BA6C-5B09B214849B,21-09-2013
12466,4617 Sheppard Way,,Saint Germain en Laye,164,78100,0xE6100000010C202A33C29371484083959BDA23C50040,9C80226E-4D99-440D-A1FF-DE5DBE980066,21-12-2013
12467,"128, avenue des Champs-Elysées",,San Carlos,9,94070,0xE6100000010CA1B48271E6BC4240CE9EBB978E8B5EC0,2F3B6715-2537-4891-A101-C3A279F3FC21,26-06-2014
12468,Pappelallee 619,,Berlin,19,14111,0xE6100000010CE0A386182E3D4A40A81983A7B6DA2A40,76D5A760-D645-4B14-BB9B-49F2C864C2A2,09-12-2013
12469,9950 Edward Ave,,Concord,9,94519,0xE6100000010C90E78D5439024340D9B1DA8AFF775EC0,8EF10679-1E28-40DE-ADD0-E91150D2C88A,08-11-2013
12470,Celler Weg 123,,Kiel,70,24044,0xE6100000010C00000000000000000000000000000000,DDE4E283-F28C-4740-8679-8986FE801896,26-05-2013
12471,6812 Sands Circle,# 163,Colma,9,94014,0xE6100000010CE90C939119D042406E8E0D053B945EC0,0CD13747-FD50-43F4-AF01-3691686ACD0A,11-04-2014
12472,9990 Sunny Ave,,Berkeley,9,94704,0xE6100000010C9DAE7A5D97ED424067964AB7A8955EC0,4D0B05EC-4E40-440F-AFDD-50542FFEB712,02-09-2012
12473,5613 East Narrows Drive,,Berkeley,9,94704,0xE6100000010C824FD91FF4F142405B05F92272845EC0,E1B1FF33-A4CE-4D58-94C9-05262FB83090,23-08-2012
12474,80 Mozden Lane,,San Francisco,9,94109,0xE6100000010C17C42FD2BDE4424036E3CECDBD905EC0,01386B1E-1A15-4DFB-BEA3-760B2E5BFEBE,14-03-2012
12475,Pascalstr 7,,Neunkirchen,70,66578,0xE6100000010C58B4B2A818AD4840BD70D97C8A731C40,F4A806E4-A9DD-41E5-9AD8-F840F92CAE6A,11-01-2014
12476,6416 Co Road,,Port Hammond,7,V6B 3P7,0xE6100000010C25D9C89DD0A948400AB6867282BA5EC0,5F6E704D-4A7E-411A-8336-3A59109AD5F0,17-10-2013
12477,"182, avenue des Laurentides",,Paris,161,75017,0xE6100000010C10AF8F8413744840E9EEA59962700240,0EAEB3A4-BBA6-4918-A8E3-3F3B06C8E64B,21-12-2013
12478,9620 Laurel Drive,,Novato,9,94947,0xE6100000010CFC57D8A34510434012CD3C4A779C5EC0,D308CAC1-F746-4FBB-89B4-4BAF3123E816,18-03-2014
12479,2118 Court Lane,,London,14,W10 6BL,0xE6100000010CD03C136C32CC4940233ED6BEDC0DCCBF,57F4648A-D71B-434C-879F-CD6F3D6681F1,11-11-2013
12480,2575 Garcia,,Warrington,14,WA3 7BH,0xE6100000010C5FE889B6E9B04A40CD2D347C804004C0,52229F2A-9554-4B77-A6B5-D155F75694B4,09-12-2013
12481,8398 Kathryn Drive,,Beaverton,58,97005,0xE6100000010C546A331909BC4640B9A0D38E7CAB5EC0,18437E4E-F458-4C24-892F-04E551A961A3,27-08-2011
12482,4188 Lodge Dr.,,Springwood,50,2777,0xE6100000010CAA791F05DED840C0B7E03FFF42D06240,550718E3-9CBC-4C5F-883B-E20F530A7D9D,16-02-2013
12483,"52, route de Marseille",,Colombes,178,92700,0xE6100000010C4C4ADB4E566D48404FB74E91D0F40140,6CD80746-BA05-4153-B6EE-7BC19044C7B0,21-12-2013
12484,9585 Carob Way,,Findon,66,5023,0xE6100000010C1603668C0C7241C0DBB6B333804E6140,58342C18-84DE-4454-8CB8-632AFAAB9639,17-03-2013
12485,Bundesallee 7567,,Neunkirchen,70,66578,0xE6100000010CE2D7F17683A5484063139BCCE9771C40,4E5D8F69-220D-4760-8440-7BE7CE74374F,20-12-2013
12486,6984 Wardlow Lane,# 116,Beverly Hills,9,90210,0xE6100000010CE110A98E511441405B061D3691915DC0,ADC30C94-C7BD-4176-AFE4-C2A968A32884,08-01-2012
12487,480 W. Holly Drive,,Springwood,50,2777,0xE6100000010CA4F85815B6D640C03EE7CD960BD66240,AFCA1C4A-585F-4C5E-9DDC-BB9E35B9DB0B,17-07-2012
12488,5134 Oak Park Blvd,,Novato,9,94947,0xE6100000010CB929E918CF0E4340FD2B12ECAAA65EC0,A39526DF-0D32-4572-935C-BD1ADFDEA7E3,18-05-2014
12489,8084 Sunnyvale Avenue,,Cliffside,7,V8Y 1L1,0xE6100000010CA6EBB043E34B48409850511255E05EC0,388A94E8-600D-4392-83FA-FACCD6CD5F80,02-07-2013
12490,Waldstr 66,,Solingen,53,42651,0xE6100000010CEAE5470D7F8C49403870D396BEA21C40,66E1E63B-FED8-41BC-B7D3-CF657ED2B892,21-05-2014
12491,6670 Del Rey St,,Daly City,9,94015,0xE6100000010C65EC07675EDB42402CA128AEE4A25EC0,7CDA778A-C627-4635-9EE9-6FD5BF67A74A,21-06-2011
12492,2530 C Del Rio Circle,,Bellflower,9,90706,0xE6100000010C638ED0E349F04040BDE216BE80835DC0,0E093EE0-5E50-41E6-84BC-366A570BACF8,23-07-2013
12493,3327 Rockridge Dr.,,York,14,YO15,0xE6100000010C6E35E1BB2BFE4A402A0FA48D6C56F1BF,72BB6D01-86E4-4581-92B3-CAF8B541A194,09-05-2012
12494,4025 Cherokee Drive,,Glendale,9,91203,0xE6100000010CB4B6CE389D164140FF09FA16C9945DC0,12E6038D-F819-407A-95E8-2E88C5C6DFCB,20-01-2014
12495,2749 Greenbush Drive,,North Ryde,50,2113,0xE6100000010C944140891DE140C01A9B267B47E36240,4BD35644-AC4C-4434-9F73-1B343F96379F,16-11-2013
12496,7484 Lacanda Ct.,,Glendale,9,91203,0xE6100000010CCA1724841C1A4140F9636974159A5DC0,3AD2D248-A1D0-47FA-B593-415AF0A2A9B7,16-11-2013
12497,1889 Carmel Dr,,Grossmont,9,91941,0xE6100000010C9E89BC9BDB624040AE2277E6893C5DC0,7857EB21-9E5F-4D30-8173-A45BC6483463,19-10-2013
12498,Lindenalle 42,,Paderborn,20,33041,0xE6100000010C00000000000000000000000000000000,5B1814A4-03D9-483A-92F4-C72705367B45,14-02-2014
12499,5602 Greer Ave,,Lynnwood,79,98036,0xE6100000010C6081C7F78EED474074F6680E9B9A5EC0,AB079372-872D-443C-A1B0-3A825078D2D8,12-03-2014
12500,261 La Orinda Pl,,Port Macquarie,50,2444,0xE6100000010CA5DDB97DCC693FC00E181654BD196340,404D6D74-D8E3-4E53-90FB-A7F9B472DD49,10-09-2012
12501,4696 Silver Oaks Place,,Springwood,50,2777,0xE6100000010CFBA9F398D4D240C0AD66D73490D56240,EFAB9DDA-ADE7-44DB-AE82-74A4E6B9B8C3,22-05-2013
12502,6883 Freda Drive,,Issaquah,79,98027,0xE6100000010CCD9FC9A29CBF47404C7FBE5DD7885EC0,6C118A5D-37AF-4177-9592-C81E3D39D556,27-11-2013
12503,4453 Bannock Ct.,,N. Vancouver,7,V7L 4J4,0xE6100000010C84AB97D4DBA94840FFC796F7C8CC5EC0,0D0364E5-7E23-47FD-B5F2-E3166E697EDD,17-10-2013
12504,2846 Veronica Ct.,,London,14,W1N 9FA,0xE6100000010C96B05536DABC494009E2AF35BC40C0BF,3EFA452C-8631-4AA6-8F8E-0AE75318F73A,10-08-2012
12505,1329 San Jose,,Everett,79,98201,0xE6100000010C4E65FA648EF84740D558797F29935EC0,007FC636-9063-4649-BC83-F5E4ADD831D4,08-05-2013
12506,9152 Rogers Ave.,,Lemon Grove,9,91945,0xE6100000010CA3EF6AA2845A4040788F28C63E4B5DC0,29D33A87-5AF1-4579-AE1B-0AA62A218D65,23-06-2013
12507,6469 Apple Drive,,Wokingham,14,RG41 1QW,0xE6100000010C40B7ACC4C3B84940FB1D0AB1A737EBBF,E29698BB-8F05-40C5-9F8A-6EE40B6F3D9F,30-10-2013
12508,8938 Violet Ct.,,Beaverton,58,97005,0xE6100000010C2888EB7C11B646402582791356B35EC0,E319FCCD-7760-4558-A5DB-F6E74F574ECB,26-09-2013
12509,4283 Meaham Drive,,Burbank,9,91502,0xE6100000010C8DADB4BA351141406227D22C56955DC0,0ABA98F2-23E2-4C04-991B-E49E2F0F359A,30-03-2012
12510,9088 Almaden Dr,,St. Leonards,50,2065,0xE6100000010C0793B33D71EB40C034F8B1D0E8E06240,B3A4D56B-50FF-402B-BBD0-E1D19B32F1A1,03-02-2014
12511,9048 Youngsdale Drive,# 202,Corvallis,58,97330,0xE6100000010CB7A9D714D95A46409A78918EE1C85EC0,22E2CAA0-9440-42D3-8766-27F8F003B131,21-01-2014
12512,3936 Cedar Point Loop,,Port Macquarie,50,2444,0xE6100000010C0E9D112D9A6A3FC03CB2D5310E226340,D622BC9F-133E-4A73-A64D-8BFEEFD424DE,14-10-2011
12513,9089 San Jose Ave,,Newport Beach,9,92625,0xE6100000010C57062CE1B1D140402DECB95A7C715DC0,62C2DDE3-4268-4E98-B32F-8263DDD77C77,15-02-2014
12514,7420 Lilac Circle,,Cranbourne,77,3977,0xE6100000010CAAA5B33F9E1443C00F061F81472D6240,D1B42FDD-2E74-46D8-88CD-195C873637A1,20-04-2013
12515,"611, rue de Longchamp",,Roissy en Brie,163,77680,0xE6100000010C4BB7D6BDD66848400FD85979CC4B0540,3C774715-7FC0-49C8-AFF1-F88D914CF0A8,21-12-2013
12516,"79, rue de la Comédie",,Chatou,164,78400,0xE6100000010C000E5F87DD6B484032390A608F360140,FFEA46F1-A2C6-47E7-92E9-5216E3EE2F16,21-12-2013
12517,371 Ridge Place,,Bremerton,79,98312,0xE6100000010CE8FEEAB2B2C7474000D68D16EDB45EC0,FD91F595-FEE1-49E3-B9CF-EC02742D0D84,06-04-2014
12518,7390 Discovery Bay,,West Sussex,14,RH15 9UD,0xE6100000010C00000000000000000000000000000000,2B677C94-6D27-4FE0-9E06-D9F63577A310,15-08-2013
12519,1613 Santa Maria,,Vancouver,7,V7L 4J4,0xE6100000010C3AE5AF6A7DAA48403696CDEF64BF5EC0,142EC7F9-95D6-43E6-B7D6-E2ABC94E372B,05-07-2013
12520,9595 Zion Avenue,,Rockhampton,64,4700,0xE6100000010CD953D7694C6037C0AD7038E74BD76240,75F590FD-453E-46B0-917E-4D0C8F7B3974,21-12-2012
12521,4817 July Loop,,Watford,14,WA3,0xE6100000010CA160E7A510DC49407B8E85C150FFD8BF,FA7714CE-0A5A-40E9-B760-81DD1D0401DA,16-03-2013
12522,6312 San Ramon Road,,Warrnambool,77,3280,0xE6100000010C22553FF3DD0943C0B7E58E1364C96140,4E860E5E-C132-4CE9-ADD8-AEF1902F4E46,23-09-2013
12523,9770 Fraga Court,#91,Imperial Beach,9,91932,0xE6100000010CBECAFE41014E4040CCAA175594475DC0,B0DD528F-1008-47D8-A6CA-D6470186E088,30-05-2014
12524,Berliner Platz 77,,Paderborn,20,33041,0xE6100000010C00000000000000000000000000000000,88F65096-B4CC-405B-8B10-4369CA4BA821,14-03-2014
12525,4176 Alexander Pl,,Olympia,79,98501,0xE6100000010C1EF6DC7CB1824740F576BBB309B45EC0,BCCCE33B-2841-486F-B627-EBF6D9FBBD45,13-12-2013
12526,"33bis, rue des Peupliers",,Drancy,179,93700,0xE6100000010C13D84F3C967A4840960C6DC80F890340,03D4ED8A-BF57-4F0E-8994-B30A6293A0F1,21-12-2013
12527,352 Margo Dr.,,Port Macquarie,50,2444,0xE6100000010C959A70EAD06D3FC0D55A2C8396206340,48E6A5F7-9A04-4752-945E-FF8C4FFA9445,06-09-2013
12528,5203 Foothill Way,,Santa Cruz,9,95062,0xE6100000010C7BCFACEA647842404D08FBAF46795EC0,A938FDF3-E38B-41C6-AB04-5317E76CA5A2,19-09-2013
12529,1826 Village Road,,Bury,14,PE17,0xE6100000010C855EABD8C6D54A40D2A557C4CA6C02C0,47B76C9E-B5D7-4E91-BCCF-ADDC070EE741,11-04-2014
12530,"91, rue Pierre-Demoulin",,Les Ulis,177,91940,0xE6100000010C67C2643B7F54484076C04A7D36580140,DDCF8F86-AA9D-4977-BA3B-2B1CDF87D2B7,21-12-2013
12531,6271 Crow Street,,Chula Vista,9,91910,0xE6100000010C948526E41F4D40400110C1AB1E415DC0,8346E7B8-9D00-4CFD-8760-2CEC8A6E43FA,06-05-2014
12532,4285 South Street,,W. York,14,BD1 4SJ,0xE6100000010CAE12FE0E7CDC4A408D35F09F510BFCBF,96F2FCC7-A16D-4333-90E5-A91F2C733F02,10-04-2013
12533,3407 Oak Brook Place,,Cranbourne,77,3977,0xE6100000010C0E57BC3E1B1543C044B3527DE22B6240,79C7751F-7788-4C73-92FE-A36D6DF77972,07-09-2013
12534,8042 StandingView Dr.,,Coffs Harbour,50,2450,0xE6100000010CCA7FA35C312A3EC0F777FDE362226340,78C6CC8E-7C87-494F-8D9A-207DCED952C6,27-07-2013
12535,1439 N. Canyon Road,,Sedro Woolley,79,98284,0xE6100000010C5A186C36DA3548400121B592D08C5EC0,34228E6D-11AB-4498-A460-9FCE67C2523A,03-02-2014
12536,Am Gallberg 2667,,Paderborn,53,33098,0xE6100000010C41801655A2D3494048B9296E4B7B2140,017BC01D-CCD7-42B6-A97C-DD2F2A900802,05-10-2013
12537,5296 Covington Court,,Bellflower,9,90706,0xE6100000010C4D4124D6DAEF40407E48F9E386865DC0,D79A182D-5FBD-465B-B514-8502F4F241A5,14-12-2013
12538,9302 Veracruz,,Spring Valley,9,91977,0xE6100000010C37E92C12E75C404061008E79873F5DC0,E294B06E-C442-4A3F-B639-36EB952B3489,11-03-2012
12539,9343 Ironwood Way,,La Jolla,9,92806,0xE6100000010CF3B34E7143EC4040AFA8321FC16C5DC0,3F0D7AC8-2D5D-45AE-986E-33116A867FFE,13-07-2013
12540,331 Muy Verde,,Oxford,14,OX1,0xE6100000010C5A438391DBD8494092A198BA2A2EF4BF,6450FEC2-A29C-4352-B6D2-F112B654103C,02-05-2013
12541,"65, boulevard Tremblay",,Pantin,179,93500,0xE6100000010CBA46A271607248406ED847CE87490340,F33D9528-0504-43FF-8BD6-4953DBBE27DC,21-12-2013
12542,3281 Ana Mile,,Spokane,79,99202,0xE6100000010C405A514357CC4740F2DFD2563F4F5DC0,773FA622-FFF9-4625-97B2-F4CFB2232B3E,06-03-2014
12543,1867 Sahara Drive,,Newton,7,V2M1P1,0xE6100000010C37F23F924BF94A4030557EAAB0B05EC0,E9C2BD25-4AC9-49F7-AB96-A9CD16B9029D,11-01-2012
12544,6060 Sanford Street,,Caloundra,64,4551,0xE6100000010C1530F62080C23AC0EFC6386872236340,16B0752B-238E-4071-8EA7-E52AC902B651,13-08-2013
12545,699 Hummingbird Ct.,,Lane Cove,50,1597,0xE6100000010CA1408123BCEB40C0E296FAAA44E96240,2309E906-88E3-4495-83BB-F36D1D3287AA,25-11-2013
12546,Herzogstr 5772,,Paderborn,53,33098,0xE6100000010C6D018137DFE04940151967A27F862140,078CA841-BDE6-4B76-8FE4-D0C7408A6116,04-02-2012
12547,6566 Jamie Way,,Lincoln Acres,9,91950,0xE6100000010CECD3D6AC1C594040E3DE2B7259505DC0,9B4DDBB7-41C1-465A-B6D6-F9E19796B7D6,16-02-2014
12548,2681 Woodside Way,,York,14,YO15,0xE6100000010C22E42289B70F4B403E49A5E8A193F1BF,4870CDF6-70C7-4508-A849-5CB2879F8449,31-10-2012
12549,8206 H Street,,Gold Coast,64,4217,0xE6100000010C9122EF676AF93BC09525A4F5A0286340,99B8932E-3333-4C41-9E10-AA2037EA503B,24-01-2013
12550,4430 Ana Cortez,,Beaverton,58,97005,0xE6100000010C53FFB51819C74640A724DD5AA1AE5EC0,E9DB155F-F064-4C7C-9510-E7D3E038FD44,16-03-2014
12551,799 Northwood Drive,,Grossmont,9,91941,0xE6100000010C60E4F619CB6540406C34C799C6445DC0,56E40F5E-A808-42A4-9AC6-0600067DBDB5,04-03-2013
12552,2080 Mountain View Dr.,,Lebanon,58,97355,0xE6100000010C4309EC061A3E4640978C63247BB95EC0,B6481AFB-B2E6-4877-8CC7-914E96D720F7,10-03-2014
12553,9061 Isabel,,Port Macquarie,50,2444,0xE6100000010CC5634CA4C3613FC01C69C3F6CD166340,F7229CFF-D26A-4276-9A60-F2BEF5888C83,10-02-2012
12554,896 Mt. Washington Way,,Los Angeles,9,90012,0xE6100000010C6AC42441F80F4140BF79EE176C935DC0,519122D0-FA78-4526-BDDF-A52D3722C9CD,05-03-2014
12555,428 Delaware Court,,Langley,7,V3A 4R2,0xE6100000010C37BA1CE0DC86484059049EA40DA95EC0,949D21C1-2072-4C34-8646-51B8AC229E30,05-08-2013
12556,Räuscherweg 664,,Solingen,53,42651,0xE6100000010C5911F12BF98F4940ECE8D92293661C40,97A201AE-68B9-49C8-9C1D-C361E1F08F46,01-08-2013
12557,8251 Vista Del Sol,,Watford,14,WA3,0xE6100000010C61A9A34E89CB4940BB5F39304708D9BF,56E418AF-96D7-4308-B4F5-EE582EA6CB07,18-02-2014
12558,8037 Fruitwood St.,,Everett,79,98201,0xE6100000010C7B408396B6F647402F67B48F1F8C5EC0,052AC8BF-A6CA-4132-BE35-17F6B41ABE89,24-02-2014
12559,3459 Tri-state Ave,,Edmonds,79,98020,0xE6100000010C0E926BCEF9E34740D1534ABAC68D5EC0,97A8ECA4-477E-4327-86BD-BF55A7CB5310,16-03-2012
12560,6155 Larch Ct.,,Sooke,7,V0,0xE6100000010C0692F812A72F4840FBDFF0DA22F55EC0,A34E7E95-CE92-47F4-9FE7-5A008671749F,02-04-2013
12561,3272 Corrie Lane,,Matraville,50,2036,0xE6100000010C7C06F51498F940C07CAEF1C7E9EC6240,64529B1B-4DB0-42B9-A44E-7C8B396DD241,08-07-2013
12562,4487 Coldwater Drive,,W. Linn,58,97068,0xE6100000010C5333C6DE39B14640FC574330F2B55EC0,0D08F918-D538-452D-A7F7-A3BD64739F1F,02-09-2013
12563,7437 Jason Ct,,Redmond,79,98052,0xE6100000010C2A18C9889ED047402252F43C53815EC0,66965A5D-1CB7-4E04-982E-FFC535F23679,19-02-2014
12564,9081 Texas Way,,W. York,14,BD1 4SJ,0xE6100000010CAE12FE0E7CDC4A4067925A5640FCFBBF,5FC811FB-9223-43EC-8BD1-6416D3A039A4,20-02-2013
12565,2023 Flame Drive,,London,14,W1X3SE,0xE6100000010C6B7E8081B2CA49400BAB5778D14CC0BF,D82E7EEB-983D-459E-8345-EE71C70B922C,14-06-2011
12566,4185 River Ash Court,,York,14,YO15,0xE6100000010CC8478F528DFF4A40CF918D5D315CF1BF,EE04B2C6-3794-4214-B05B-B1347F6343CE,22-01-2014
12567,8678 Sierra Drive,,Bellflower,9,90706,0xE6100000010C00731A8440ED4040D24754934E8A5DC0,B7371446-7FB8-4F21-B9E3-4D385D7A908C,25-11-2012
12568,2328 California Street,,Maidenhead,14,SL67RJ,0xE6100000010CDD71D1670AC24940EF75DBD2598EE7BF,B82B2D69-0B99-499D-89BE-89C7382BB24E,11-06-2012
12569,3378 Muy Verde,,Bellingham,79,98225,0xE6100000010C60AE6004C35948404432CA7B4B9F5EC0,C4BB9A75-5E7C-4A6F-BF95-C7CDF41EE82B,06-08-2013
12570,9355 Armstrong Road,,York,14,YO15,0xE6100000010C1CC7CC33E2F54A4026C70C8AC44FF1BF,680C4591-B107-474C-97FC-D6020813E5FE,20-11-2012
12571,6836 Alum Rock Drive,,Milwaukie,58,97222,0xE6100000010C0951107DF1C04640CC1BCB67CF9D5EC0,0FE4A0FC-255D-415E-AA39-8476B12AC590,28-06-2012
12572,"28, quai de Grenelle",,Morangis,177,91420,0xE6100000010C50540D2736564840A815683E81B90240,B6CA3F92-A176-45FB-AD45-F48DCC8AAA37,21-12-2013
12573,1242 Ridgewood Ct.,,Cheltenham,14,GL50,0xE6100000010C5688EFA4A7E94940E76C0BB6C3A500C0,3907D4F0-2DF1-43E0-9B53-7D32E242281E,19-10-2013
12574,7610 Pepper Pl.,,Redmond,79,98052,0xE6100000010C73FC16302AD94740086F2CBC2C905EC0,D4FA6DDE-0CEA-4532-B429-992F7D2C2F2E,17-06-2013
12575,9613 Camino Royale,,Oxford,14,OX1,0xE6100000010C0A329D10C5E64940B471B3E6F927F4BF,521F6EF1-9ADD-45AC-9093-EFE9998045D1,12-12-2013
12576,8892 Oak Grove Road,,Redwood City,9,94063,0xE6100000010C985E808710B94240B601B38277825EC0,278085F1-31CB-4B82-A4FA-6BC07E10F3F8,17-12-2013
12577,Lindenalle 7524,,München,19,80074,0xE6100000010C00000000000000000000000000000000,7EC11311-533B-45D1-8777-0A7F1B4B7EE2,02-08-2013
12578,3805 Halfmoon Court,,Novato,9,94947,0xE6100000010CB8BCD27CC210434098EEE03C50A45EC0,F2CD3B56-0A43-4142-87EF-033FA30C3E18,16-01-2014
12579,Postfach 66 07 00,,Neunkirchen,70,66578,0xE6100000010C61C128526AB34840640CECF7406C1C40,02F9B6EA-E7BC-4C5E-8099-6E683F636C48,02-11-2013
12580,Erlenweg 9194,,Erlangen,8,91054,0xE6100000010CD292FB996EC74840F2893B508C062640,AA71AF70-830C-43C0-8FE2-87897C51D801,28-11-2013
12581,8505 Fall Creek,,Milwaukie,58,97222,0xE6100000010C4F1E6B040EB7464011064FBD84A25EC0,22BE9C64-37FC-43ED-83A4-183A6BA736EE,22-08-2013
12582,"71, avenue Reille",,Versailles,164,78000,0xE6100000010C0BA6518A6E6F4840C7636532C0F30040,2CD7452C-E3FC-4276-A3D5-01B9087ADF09,21-12-2013
12583,8291 Crossbow Way,,Lemon Grove,9,91945,0xE6100000010C616D8155516340406DC94545C0465DC0,9F7CF79E-AD91-4886-BD5E-C390916BED2E,03-06-2014
12584,Am Gallberg 67,,Offenbach,70,63009,0xE6100000010C00000000000000000000000000000000,36545303-D973-46A0-8DA8-6E96F2FAA269,16-10-2013
12585,6369 Ellis Street,,Imperial Beach,9,91932,0xE6100000010C031B870AC04740400EA6EA0215435DC0,43FCBFC0-CF44-4685-B181-EFE102CC085F,23-07-2013
12586,238 Montego,,Coffs Harbour,50,2450,0xE6100000010CA9F76B30822C3EC0DF08CE36E0226340,8D422580-2D9C-49AD-B17E-C5D7B61578AB,31-03-2014
12587,6409 Buckthorn Court,,Watford,14,WA3,0xE6100000010C6D8C759EC6D649408AA2816D79FBD8BF,34AFDE80-46AA-47B6-AE9E-8A0F839A380C,22-10-2013
12588,Alderweg 20,,Hof,8,95010,0xE6100000010C4484700F1C22494039ED1087E5DB2740,AE81032C-35D3-435D-86F9-3CD1382984CC,11-04-2014
12589,7396 Stratton Circle,,Port Orchard,79,98366,0xE6100000010C82F72FD7CAC747406C66C9CB04A25EC0,7803291B-152B-434D-A999-52427EDC9265,10-02-2012
12590,7691 Benedict Ct.,,Downey,9,90241,0xE6100000010C726B6C68C1F3404067F2EDAA018A5DC0,DA6ECA13-5802-4158-953C-C8DDFE39046B,22-12-2013
12591,973 MarvelLane,,Springwood,50,2777,0xE6100000010CB47BACE42DDD40C0696310E9ABD26240,8969473E-71AB-4495-A6C6-531EDA7FD9AE,30-04-2013
12592,4683 Joseph Ave,,Chula Vista,9,91910,0xE6100000010CBD41A32FF9524040831A83E1A0395DC0,CC3EC7C6-B97F-4F98-B382-0AC6663E578D,23-09-2013
12593,8932 Condor Place,,Newton,7,V2M1P1,0xE6100000010C3804A0E488F64A40D56CFC5C1EAF5EC0,54DDEDDA-A6C0-4DAF-801F-C2F3EF6F0D0F,10-07-2013
12594,2137 Birchwood Dr,,San Gabriel,9,91776,0xE6100000010C7D2C211ADD0B41400079966195855DC0,23B490E1-AA06-4814-9694-5234023B487A,17-08-2012
12595,8181 Landing Dr.,,Silverwater,50,2264,0xE6100000010C3554F33D1B9540C038C0A46984EF6240,801570C8-786F-437B-88C7-2747304EA06A,27-11-2013
12596,3632 Bank Way,,San Gabriel,9,91776,0xE6100000010C66692FE13E09414071E396E650835DC0,8094452D-CFCC-421F-9FC8-FE7AFE55F654,22-03-2014
12597,3026 Anchor Drive,,Mill Valley,9,94941,0xE6100000010C1A63786B0CEC42403729977317A25EC0,AD385BDE-034D-457F-B2E9-7C514CD79E75,14-11-2011
12598,2516 Beauty St.,,Sunbury,77,3429,0xE6100000010C392CDEE34DC342C0846C90FA2C126240,4C727A3A-6DFB-463A-82AA-F46E5F94BE1E,11-09-2011
12599,4775 Kentucky Dr.,Unit E,Sedro Woolley,79,98284,0xE6100000010CFD2A2E79064148403E252662BA775EC0,9467851B-8246-4D20-BD7C-9A48E9EA7980,24-09-2013
12600,Hansaallee 59,,Essen,20,45001,0xE6100000010C00000000000000000000000000000000,3EE7CCFE-5A09-4C33-BA14-8C7B3DC58955,25-11-2013
12601,1144 Paradise Ct.,,Newport Beach,9,92625,0xE6100000010C08299925AFCE40403D55F1773D725DC0,277FB272-3461-496E-9E82-AEC53A83D740,23-08-2011
12602,5802 Ampersand Drive,,Lake Oswego,58,97034,0xE6100000010C40F31DA563BA4640A53E1C6640B45EC0,272DB93D-EA50-4CB2-9B90-557E0604A854,18-10-2013
12603,4480 N. Lanky Lane,,Lane Cove,50,1597,0xE6100000010CDDCF18F654EE40C0CF88DE74F2E36240,E15F6DD9-D63F-44B5-8723-19A26D92DA8F,25-03-2014
12604,2425 Notre Dame Ave,,Olympia,79,98501,0xE6100000010C06A324DEDF7A4740E0F42C32B0BC5EC0,0C8D05B5-5941-46B5-AA08-4788CA8AD2A1,23-05-2014
12605,7338 Green St.,,Burbank,9,91502,0xE6100000010C3BB856B765134140F56292A0858E5DC0,639EAA4D-E7B4-49F1-9E4A-512FE4498750,20-02-2014
12606,5253 Big Canyon Rd.,,Birmingham,14,B29 6SL,0xE6100000010C6D7DF0768F334A4070449B16811AFFBF,B177E268-9E22-4505-97D4-D4219112F73D,04-12-2012
12607,6871 Thornwood Dr.,,Oakland,9,94611,0xE6100000010CDC7406717EEF42405360C75760975EC0,4D3393CC-D766-4E28-9FD7-152FE482A3E9,02-06-2013
12608,2038 Encino Drive,,Bremerton,79,98312,0xE6100000010C41E06D8845D34740E17F2157FFBB5EC0,C97A34E2-66C9-46C1-AF6B-965BAB6838DD,25-01-2014
12609,1825 Corte Del Prado,,Salem,58,97301,0xE6100000010CD3ABF8E351764640066611FB10C45EC0,27F1FF59-9B2A-4010-983D-98AF6993CFB6,18-07-2013
12610,Postfach 8 66 22,,Stuttgart,70,70511,0xE6100000010C00000000000000000000000000000000,3E3D6B2B-4F77-4439-AA63-DD9E89F1782A,23-09-2013
12611,9901 East Lake Court,,Warrnambool,77,3280,0xE6100000010C309A9425F20643C07486B492AFD06140,6357E189-6977-4A46-9443-4C528E0AE169,06-02-2013
12612,2598 Breck Court,,Downey,9,90241,0xE6100000010C7CC5C3A030F440401202A6EC39865DC0,C1703C0D-A33F-42E8-A5AB-164257997B3A,14-10-2012
12613,"253, rue Lamarck",,Bobigny,179,93000,0xE6100000010C1B7ABFB54B7C484018DFB99763880340,2648163F-F9FD-4A22-8C13-65A2D1529D0E,21-12-2013
12614,3880 95th,,Tacoma,79,98403,0xE6100000010C6DF50131899C4740C20450F530A95EC0,0985744D-2877-43E0-964C-B27563EDBFF0,02-09-2013
12615,5165 Cambridge Drive,,Bendigo,77,3550,0xE6100000010CF6811F699C5E42C091CF27A5E7026240,52F9ED79-00E9-42D6-A01E-DE1B821D82DE,24-01-2012
12616,2466 Clearland Circle,,Chula Vista,9,91910,0xE6100000010CA1E3E4890C5040408AD906025E435DC0,3E4EDA2C-0927-416D-8AE8-27B259829AAF,23-09-2013
12617,Pascalstr 2,,Leipzig,53,4139,0xE6100000010C00000000000000000000000000000000,0511A083-FFAF-4504-AD95-C7CDAA5E3B81,16-02-2013
12618,5670 Bel Air Dr.,,Milwaukie,58,97222,0xE6100000010C0951107DF1C04640E0C4DABDA4B05EC0,48211B9A-1282-47EC-BC93-5503844CEC1C,30-05-2013
12619,7165 Brock Lane,,Berkeley,9,94704,0xE6100000010C2885A36068F342405B05F92272845EC0,6B3C8F82-556B-48F2-B9AB-A99FE86AD47F,23-08-2013
12620,3627 Warren Street,,High Wycombe,14,HP10 9QY,0xE6100000010CE2B47D193FC74940C362672BF641E6BF,6543DA05-8F3F-4E3E-8AAE-C19436B0CF91,05-02-2014
12621,Buergermeister-ulrich-str 888,,Frankfurt am Main,20,60082,0xE6100000010C00000000000000000000000000000000,24BFE345-D6CB-4243-AC96-979E716B4189,18-05-2014
12622,5029 Blue Ridge,,Haney,7,V2W 1W2,0xE6100000010C8BFFC397E4A048404F1C3785959E5EC0,CA0C348A-8427-47A9-AC5B-7C9F71ED5BEC,23-11-2013
12623,Residenz Straße 944,,Braunschweig,53,38001,0xE6100000010C00000000000000000000000000000000,C3B7A2AD-E6C2-46A2-8391-CC699B98FB94,14-12-2013
12624,1398 Yorba Linda,,Burlingame,9,94010,0xE6100000010CFFF304BF31CB42406554B6AE6A9A5EC0,B17C3A77-3804-445A-AC3F-02374146772A,30-10-2012
12625,6057 Hill Street,,Bremerton,79,98312,0xE6100000010C28B67701A7C4474005E1C771FFA55EC0,D96F22E2-B29A-40B4-B799-B8CCBB8284D9,14-01-2013
12626,2679 Eagle Peak,#7,N. Vancouver,7,V7L 4J4,0xE6100000010C23D6FBDC209F484015401D36B9D05EC0,172ADAD0-1894-4049-A43F-0A7BCA3A8956,05-01-2013
12627,249 Alexander Pl.,,Milwaukie,58,97222,0xE6100000010C41D995BC66B24640CC1BCB67CF9D5EC0,552C8397-D611-4E0B-9E00-C5FBE91A4676,14-12-2013
12628,8001 Pinetree Court,,Newcastle,50,2300,0xE6100000010CB25A5CD4947B40C07DB0AB95FEF66240,BE6E509D-A918-4DBC-B55D-AB81B1F84174,16-08-2013
12629,4948 West 4th St,,Salem,58,97301,0xE6100000010C3D4BB649DE72464013A79607AFB65EC0,3888E1CA-F6F7-4E75-8F3B-63862B7BE460,07-05-2014
12630,3310 Harvey Way,,Newcastle,50,2300,0xE6100000010C27C2AAE6F17640C09DBE8442F7F76240,A39A56E3-8865-48DB-B792-620BDA86A587,12-03-2013
12631,4734 Sycamore Court,,Bellingham,79,98225,0xE6100000010C7404A80E425C4840DA69295E45AA5EC0,D9407BBA-C841-4ECF-8E7E-80DFA8CC704E,12-04-2014
12632,2812 Mazatlan,,Everett,79,98201,0xE6100000010CE5C6CCA92BF94740B7FEBA2482955EC0,B443D191-DEE3-4056-B4EC-261AE73EF583,04-04-2013
12633,2850 D Bel Air Dr,,Sunbury,77,3429,0xE6100000010C4B4BBC3A8DC942C0DEC54BB74A1D6240,C8021BD9-BE32-4B03-A52B-ABBF1EC7BCB7,03-03-2014
12634,2852 Magda Way,,Oak Bay,7,V8P,0xE6100000010CFA847081083E4840F7E8C1196BDB5EC0,73A4EDCC-20D0-434E-89B3-C99BF0293FFD,06-08-2013
12635,"34, rue des Pyrenees",,Tremblay-en-France,179,93290,0xE6100000010C4AA3614C656F4840989882D438B00440,EB8FEC2E-8776-4777-82E6-FAFF864601D0,21-12-2013
12636,Hans-Rosenthal-Platz 502,,München,19,80074,0xE6100000010C00000000000000000000000000000000,DD4DD23A-6C91-497F-9D58-1A1BDC13D69E,08-09-2013
12637,8036 Summit View Dr.,,El Cajon,9,92020,0xE6100000010C54E563388B694040B3E648EDA1355DC0,AF9B6D77-BA4F-4418-A0F3-4AD93C568129,27-12-2013
12638,9277 Country View Lane,,Burbank,9,91502,0xE6100000010C55D83CADF5194140F468E7B09B975DC0,6BF1BC2D-DA89-4016-BEAC-1870E270AF92,14-01-2014
12639,7836 Mt. Washington,,Silverwater,50,2264,0xE6100000010C3554F33D1B9540C088754244C3E76240,7C7CDD8E-4246-4321-9003-600046433D00,21-09-2013
12640,2482 Buckingham Dr.,,Bremerton,79,98312,0xE6100000010CF50C3D3592CC47407F9C45ECA3B95EC0,994734E9-992B-4A0E-8F81-64D88A68F486,17-04-2014
12641,1979 Driving Drive,,London,14,SE1 8HL,0xE6100000010CD5011C4FDFC649401E49688556D5BABF,B30AD492-ACDF-42F0-89DB-8EA272FFD653,13-04-2014
12642,3977 Central Avenue,,Bremerton,79,98312,0xE6100000010C4C82428409D247401F667C8E89AF5EC0,DD360883-EFA2-4B3C-8C9D-923D9F0AFAC4,16-01-2014
12643,26 Plymouth Dr.,,Bremerton,79,98312,0xE6100000010CA932E3206FC34740CAA77F47B6AA5EC0,1A9E4A1D-2187-42D0-A1BF-E3D12DC8C06E,08-05-2014
12644,"188, avenue de la Gare",,Dunkerque,145,59140,0xE6100000010CD2D275D0418F4940CB9F8C74CAD50240,C889F9EF-006A-4017-9EFB-76A56380682B,21-12-2013
12645,7435 Ricardo,,Kirkland,79,98033,0xE6100000010C9DAE7C4C9BD34740EEF9C399E1885EC0,5D5303BB-5EA6-46B5-BAE2-B1E9D1B2FFB7,30-05-2014
12646,"74, rue de Terre Neuve",,Les Ulis,177,91940,0xE6100000010C879F25324356484047E6B5CE059F0140,6EF65497-ABCA-4255-8DDB-7B827EF1AA51,21-12-2013
12647,1841 Cape Cod Way,,Goulburn,50,2580,0xE6100000010CE5D91D370E5341C096C3B7ADD7AF6240,3BF43177-4EFB-4FC9-8481-78DBDFA90A07,12-06-2012
12648,6220 Boxer Blvd,,Bellingham,79,98225,0xE6100000010C3B86C8E5DF614840A476B72191A55EC0,89025445-894C-42E9-80FE-D1CFA8443005,12-04-2013
12649,8209 Green View Court,,Edmonds,79,98020,0xE6100000010C364F0A6E8AEC47405AF9A0B1DF9B5EC0,EC8F9F83-C376-41C6-9BF8-A29344A1342E,25-04-2013
12650,105 Woodruff Ln.,,Bellingham,79,98225,0xE6100000010C075E30C7FC69484004BBA4C7D6AB5EC0,2C0EC967-F70C-4B52-9C67-C0C73475553F,15-08-2013
12651,213 Stonewood Drive,,Portland,58,97205,0xE6100000010C90272FEA58C74640577FF8523DA75EC0,57184C25-B572-46E9-9455-49ADCD98B553,31-03-2014
12652,9491 Fountain Road,,Burlingame,9,94010,0xE6100000010CD1B496566CC542406591202CCD915EC0,7C0661F4-780A-4CFF-8E4D-D34E198A1BAE,04-04-2014
12653,5786 St. George Drive,,Chalk Riber,57,K0J 1J0,0xE6100000010C0469D12980FA46408A96610C385653C0,80612ABE-11FD-442E-93B2-2727AEC5F382,07-07-2013
12654,44 Balboa Court,,Santa Cruz,9,95062,0xE6100000010C7C73598A497A42409DC88523E4885EC0,682F904A-B3B1-4F5A-995C-82D8EA5383EC,08-02-2014
12655,8114 Riviera Way,,Perth,66,6006,0xE6100000010C7E30DF30C5E93FC0D7F967E5D5FE5C40,3241EF31-7B41-401D-AA82-E6CE0CCA7F35,22-10-2013
12656,Kappellweg 613,,Bottrop,53,46236,0xE6100000010CF74B3B13E8B94940506F5D1D5DAF1B40,DB2FB5D4-47E5-491E-B247-0C27FC904BA5,11-11-2013
12657,9104 Mt. Sequoia Ct.,,Kirkland,79,98033,0xE6100000010C84C96A438ADB4740AAF2AD54EB8F5EC0,D75C1DE3-EFB5-47DC-AFA7-EB9051D7FBF9,30-03-2014
12658,1819 Lilac Court,,Cliffside,7,V8Y 1L1,0xE6100000010CB26341594C464840EB281AEA39D95EC0,9389FBD9-ADF8-4F9F-9237-96FA28941A3E,03-06-2012
12659,8890 Viera Avenue,,Lincoln Acres,9,91950,0xE6100000010C04A2D53FC45540408BDA3BD95D3B5DC0,F75198D2-DBEF-4540-B941-B6108DF2F09C,30-06-2013
12660,3929 Fern Street,,Townsville,64,4810,0xE6100000010C4B8FE5A1F43A33C0C3D4896F045E6240,A24BC404-6603-48EC-AC15-E32CFCDC9863,18-09-2012
12661,6968 Wren Ave.,,Lemon Grove,9,91945,0xE6100000010CDCD656B8315C40404332FAC440455DC0,B78A48D5-BC52-4A03-8925-0F51CEEFDDCB,17-03-2014
12662,Hauptstr 6057,,Paderborn,20,33041,0xE6100000010C00000000000000000000000000000000,37B310B6-F843-470D-8223-3BA1ED977B13,18-12-2013
12663,"43, rue Jean Mermoz",,Croix,145,59170,0xE6100000010C86ED16E6005349402D4AE71DF03B0940,14335E9D-6A11-410E-A384-AAAEE330BFCD,21-12-2013
12664,7008 Mines Road,,San Francisco,9,94109,0xE6100000010C79690ED18BEA4240E9B6AA3F71955EC0,D872F830-9D15-4E92-89D9-B8AE1134581E,19-01-2014
12665,5 Edwards Ave.,,Lynnwood,79,98036,0xE6100000010C54776C4FF2EC4740FA6F3AD6848C5EC0,32E32CEC-3B7B-4822-A1E9-A01CC753E772,15-06-2014
12666,"19, avenue de la Gare",,Les Ulis,177,91940,0xE6100000010C405FC640834F4840819BCFD0E54E0140,CB370A7D-DD8A-497D-A6A2-5992F1F24F36,21-12-2013
12667,8290 Margaret Ct.,,Lakewood,9,90712,0xE6100000010C3D3DFDF60BF040404F70622D2B905DC0,DE9FADA1-073D-46EF-B0DF-E8146F83BC00,04-12-2013
12668,9531 Tri-state Ave,,Lake Oswego,58,97034,0xE6100000010CD5B2949DABB14640061A7B6764B75EC0,5EBA62C0-B4C4-43DA-9FE1-22E0B7CA8A95,21-04-2014
12669,2368 Olivera Rd,,Hobart,71,7001,0xE6100000010C61E34C0A926345C089CA4142546D6240,68DC3B1C-B340-4808-8EEA-A1B5E3CB3098,02-06-2014
12670,2736 Scramble Rd,,Coronado,9,92118,0xE6100000010CBE699EA8695B40403F358666AC415DC0,79D8FA55-0653-4E22-8FAF-66DEAD85158B,22-05-2014
12671,346 Sunshine,,Berkeley,9,94704,0xE6100000010CDB864DC632EA4240E1CD216D0D8D5EC0,BCB8405F-0690-45E7-8E7B-B244E28C0209,17-07-2013
12672,5095 Chablis Way,,Berkshire,14,RG11 5TP,0xE6100000010C00000000000000000000000000000000,D8098044-BBB9-4235-80C3-C39E8ADC1A5D,25-10-2012
12673,2095 Sierra Drive,,Bellingham,79,98225,0xE6100000010C6D6086D1936048408D37FCE558A55EC0,FCBFEA5D-A835-43ED-9C8C-B1FA05C63649,08-12-2013
12674,4409 North Ranchford,,Hervey Bay,64,4655,0xE6100000010C004010880D5C39C0651D67AF741B6340,E8F7ABBD-AF93-48C4-8F3E-F693DBC3DFF4,26-06-2011
12675,8463 Vista Avenue,,Lakewood,9,90712,0xE6100000010CDCFCFB9003ED40400467C7E4248D5DC0,FCA908BF-00C6-4F75-A0D1-D4DCCA15FC57,23-03-2014
12676,3123 Bonita Ave,,Brisbane,64,4000,0xE6100000010CA5E346B17B6D3BC0C989C0B8C91C6340,7FC1B095-7C42-42A9-8832-00ACF895271C,22-03-2012
12677,2556 Rivewview,,Malabar,50,2036,0xE6100000010CBA272B5BAEF540C0E00C896B02EA6240,346696CE-CC44-420A-BB02-C6C0556F9952,25-12-2013
12678,9745 Bonita Ct.,,Marysville,79,98270,0xE6100000010CA40D55DE70084840E9B344568F855EC0,8885FDF9-C5DD-4EF7-9AC8-C31871763F53,15-02-2013
12679,805 Willow Lane,,Beaverton,58,97005,0xE6100000010CA933E46BD7C14640A1EA0EDC12B95EC0,9C7D0D7F-EFD5-4435-8855-9863800F7DC4,19-01-2013
12680,2467 Green St.,,Cliffside,7,V8Y 1L1,0xE6100000010C6DB6C7867F3A4840B1BD894547D55EC0,4ED68C40-3273-419C-87C5-29DC6E63E1E6,06-03-2014
12681,4191 Yosemite Dr,,Fremont,9,94536,0xE6100000010C4C9DE36A1FCA424097CA37B478875EC0,C5788999-61B3-4C4B-AA7F-92A100A8E1A1,27-05-2014
12682,3884 Beauty Street,,Renton,79,98055,0xE6100000010CE58725FC5BC0474032405C33E9935EC0,AEB2256D-CB88-4C16-B71E-50CA43B38A0A,13-07-2011
12683,7572 Easley Drive,,Bendigo,77,3550,0xE6100000010C97EF286FD86242C074141860D50F6240,7D6798DC-69FF-41E1-8EFF-0ED38B47FA67,26-10-2012
12684,7119 Iowa Drive,,Milsons Point,50,2061,0xE6100000010C3607FF81E4F240C0E303B2E651E76240,FAF4008C-A9C8-4195-9046-EB1DB1558589,17-01-2012
12685,2060 Hill Dr,# 108,Perth,66,6006,0xE6100000010CA3D0EB33D9F63FC02240DDF285EE5C40,8023DF3C-4D67-4EC8-98BD-2EF9EAEB9C45,31-03-2013
12686,1748 Bird Drive,,Salem,58,97301,0xE6100000010C02A7DA393279464013A79607AFB65EC0,B8A8A14F-8EBE-4DA6-8037-7C65054594FE,05-01-2014
12687,4444 Pepper Way,,Palo Alto,9,94303,0xE6100000010C2F87E9F417BF4240036A4C401F7E5EC0,0A099D8A-BE6C-4D47-B2F1-601631587C0A,30-12-2013
12688,2775 Heather Leaf Ln.,,Victoria,7,V8V,0xE6100000010CD96322BB063D484075965A4A03E05EC0,8A9FD1D7-631D-439A-9A27-26813F2B6C78,29-07-2013
12689,Königstr 57,,München,20,80074,0xE6100000010C00000000000000000000000000000000,E6E0F763-DFFF-4D62-A0E5-3A840F7E4FB7,05-05-2013
12690,5725 Oak Grove Road,,Cheltenham,14,GL50,0xE6100000010C9A19CBB79CF549407854422FF49E00C0,C7ED23DA-F99C-4731-A91C-41BECBC3666E,29-11-2013
12691,4311 Clay Rd,,Oakland,9,94611,0xE6100000010C402B6C2AA6E342402ECEEDB7C2975EC0,1C96FD67-1944-44E4-B8C2-2B694C04B1E0,11-09-2012
12692,"421, rue de Terre Neuve",,Roubaix,145,59100,0xE6100000010C3B4C0ACE975E4940707D0CA2E6750940,5DC4CD0B-B424-4CFD-B436-AE7DE25C1FEA,21-12-2013
12693,172 Turning Dr.,,Cranbourne,77,3977,0xE6100000010C8406544A3F0F43C0BCF9106972246240,F6A00421-16E7-42EA-A027-73C8D045BDD9,24-10-2013
12694,67 Warren Street,,West Covina,9,91791,0xE6100000010C393B2E09120A4140D0F84BB922765DC0,D0E9AC8E-8D5F-4250-A005-3BB33B8C72C3,04-07-2013
12695,5125 Cotton Ct.,,Beverly Hills,9,90210,0xE6100000010CB8D86C3AD709414099F7616EB19D5DC0,7539C9C6-562B-4EE4-AC5D-ACEA77FF74BD,25-03-2014
12696,"78, rue de l´Esplanade",,Bobigny,179,93000,0xE6100000010CE1F7F7F2046C4840D5F9F71164850340,F2BFE5CE-711B-4432-8C2D-BBF5DE8BD9BC,21-12-2013
12697,9530 Vine Lane,,National City,9,91950,0xE6100000010C29FA76BA875940405125B646DC425DC0,2F3D4B9A-3F8C-4E3C-8FB7-6F8F61FAD0B9,31-03-2013
12698,Räuscherweg 193,,Frankfurt,19,60323,0xE6100000010CA081E50EF90D4940FCFC56F1F2572140,AD6529AF-77CF-454C-8419-6223C051E21D,18-02-2014
12699,3243 Buckingham Dr.,# 207,Beaverton,58,97005,0xE6100000010C337183C88AB84640FF71FE24A2B95EC0,73E1BCB8-08E7-49FD-B7B2-C0B7E1998424,22-02-2014
12700,7902 Crescent Avenue,,Sooke,7,V0,0xE6100000010C077105FE76364840542F52F8F7F15EC0,ECEC06D3-7D36-49B8-8F77-23F50F62F985,07-04-2014
12701,4525 Benedict Ct.,,Imperial Beach,9,91932,0xE6100000010C6523FA05164B4040D926F2E5D4435DC0,1761FA6B-C1EC-403C-B0F9-5FB756CB24EE,23-07-2013
12702,853 Serpentine,,Gold Coast,64,4217,0xE6100000010CFC7A426548FC3BC03E2EF0AC892D6340,40876D4A-1AAB-4D8C-A698-8E8A38A51F63,27-11-2013
12703,2094 Fruitwood,,Leeds,14,LE18,0xE6100000010CF20C2B3A5DDB4A40BE47DBD3F5B8F8BF,63A3AD3E-203D-45E5-9C75-DF139490573B,26-01-2014
12704,Curieweg 29,,Hamburg,20,20354,0xE6100000010C55986C0F9EC94A40DAAB77720C032440,1E388899-CF36-401E-A43B-7BA8B3B2EB2E,05-02-2012
12705,8970 Birchwood,,Burien,79,98168,0xE6100000010C938C522E9EC347400E28DC6695905EC0,BE48C481-4311-409C-8B18-C1E8B7AA3764,28-04-2014
12706,6793 Longview Road,,Vancouver,7,V7L 4J4,0xE6100000010C56FE4E12F7A748403BE37B51FFCB5EC0,EA321EA1-A9ED-4F0D-982F-DE36BB64DE82,20-11-2013
12707,7744 Lacorso Drive,,Runcorn,14,TY31,0xE6100000010C1055A9082CB34A406F8E9A79F0A405C0,0EA8A1EF-BEE0-4B40-ACB3-387E46D39051,26-02-2014
12708,3981 Bell Drive,,Bremerton,79,98312,0xE6100000010CA8390CE2DEC54740E17F2157FFBB5EC0,67094EDC-8D48-4AAF-A0A4-2899A5136470,06-06-2011
12709,6580 Poor Ridge Court,,Burien,79,98168,0xE6100000010C3FBC2C80C1BE4740C8F0F8928A9B5EC0,632BBF84-6B67-4E17-B14C-7DE9DF938D3B,15-12-2013
12710,4657 Roundhouse Place,,Bremerton,79,98312,0xE6100000010CE8FEEAB2B2C7474000D68D16EDB45EC0,271DCD5F-AC3D-4319-B618-E53E53FE8F72,18-07-2013
12711,4698 G Street,,Milwaukie,58,97222,0xE6100000010C5E63404CB5BB4640E0C4DABDA4B05EC0,D54073E9-D782-4FEE-91A1-A5E521712CC3,08-12-2011
12712,3029 Pastime Dr,# 2,Daly City,9,94015,0xE6100000010CA1C9353843DE4240D2BFAD8322975EC0,4AE8D19E-4286-47D7-A21A-F70E3D851327,18-02-2014
12713,6133 Kenston Dr.,,Runcorn,14,TY31,0xE6100000010CC05127F884A54A406C3F3D10EDAE05C0,ED297A6A-4160-4585-9247-A9F49EBBA2B4,10-11-2012
12714,5979 El Pueblo,,Lemon Grove,9,91945,0xE6100000010C6B8C1AFA38614040A90363C441425DC0,301CC885-1A97-4F2C-8C6A-F431742908AF,08-10-2013
12715,7221 Peachwillow Street,,Long Beach,9,90802,0xE6100000010C33C58913D8DC4040F0A461740E865DC0,00AC4593-4835-4E1F-979B-A3EB33035E79,11-07-2013
12716,426 San Rafael,,Lebanon,58,97355,0xE6100000010CA8AE20C3BB484640CB107E88E2BA5EC0,CD424564-31B2-4FDD-9BB8-0BF462AADBA5,25-10-2013
12717,7895 Arlington Way,,Coronado,9,92118,0xE6100000010C2E7700E23F5C404050C64E6AEC405DC0,FD26F1B0-D6B7-485D-B17E-641ED01434B2,18-07-2013
12718,6126 Virgil Street,,Warrington,14,WA1,0xE6100000010C1F4723E22EBD4A403D7E833CD28204C0,B4139432-0D69-42D8-8839-6515983CCEF0,01-01-2012
12719,5379 Treasure Island Way,Bldg 14,Downey,9,90241,0xE6100000010C8B904B210DFF4040938E2C57277D5DC0,0ACF5BF0-0F97-4C8C-82EC-DE9910925BC8,18-04-2012
12720,6158 May Way,,York,14,Y024 1GF,0xE6100000010CF550E61D3E004B4070CCDF294E5BF1BF,29B7D161-C118-4D38-88C9-57F1D139FA96,06-06-2014
12721,7399 Pacific,,Bellingham,79,98225,0xE6100000010CC41FB89C0F62484021F0516C0F975EC0,56F3CD02-38B8-4AF1-A5AD-6CEE4019E3C9,24-05-2014
12722,59 Clay Rd,,Edmonds,79,98020,0xE6100000010C364F0A6E8AEC4740C5767AB59B955EC0,D1269F8F-68AA-4961-8810-72EB2B84B900,07-08-2013
12723,"539, avenue du Québec",,Dunkerque,145,59140,0xE6100000010C241F8EE39D7D49405EA3571B91CE0240,31997203-F148-4461-B0AE-E48580975F11,21-12-2013
12724,8680 Newell Ave.,,Metchosin,7,V9,0xE6100000010C7108717F123548406535F5A4BBD85EC0,10AD3559-6CD1-4865-BB3A-939A80B1D9E6,17-07-2012
12725,1456 La Mar Ct.,,Malabar,50,2036,0xE6100000010C18BADF043FFF40C0B22745507EEA6240,AF5DC8F9-98E1-46AD-BE8B-0E87766342EC,08-09-2011
12726,9192 High Maple Court,,York,14,Y03 4TN,0xE6100000010CC8478F528DFF4A403E0732F66A5AF1BF,7F95B4ED-E80C-4501-8581-08F64EA2C6BE,22-10-2013
12727,2544 Ashley Way,,Newcastle,50,2300,0xE6100000010CB25A5CD4947B40C0DE8C2EF94EFD6240,D317B693-0A97-4B37-981E-06847116AB67,02-04-2012
12728,3594 Vista Del Sol,,Cheltenham,14,GL50,0xE6100000010CC872DFF444F849406EFE77AE30A600C0,017CC406-0FBA-45C9-A933-4A35AE98B198,06-02-2014
12729,3127 Terrace,,Redmond,79,98052,0xE6100000010C22C2F80EE1DF474044EED90C4D935EC0,27A17830-2F69-480B-9AE5-2A434E302288,17-12-2013
12730,8294 El Rancho Drive,,Spokane,79,99202,0xE6100000010C11E33AC5CFDC47403DA8449840525DC0,9671818E-E15C-4CCE-B154-B3E183F75DEE,18-03-2014
12731,8071 Daylight Place,,Chula Vista,9,91910,0xE6100000010C92B741D78A4D404096AD0E8E1F3E5DC0,CE432DAC-0B1F-4868-9D08-5065AE371B36,05-07-2013
12732,8080 Lancelot Dr.,,Vancouver,7,V7L 4J4,0xE6100000010CB258E096C0AB48406F1946056CCA5EC0,ABAC30EF-7836-4E45-A937-9523E85DCA26,08-10-2013
12733,"27, rue de la Comédie",,Colomiers,117,31770,0xE6100000010C204ABFE0C0D2454003954463E741F53F,559D7724-FF9A-4DED-82BA-4DFA92AE7BE7,21-12-2013
12734,6158 May Way,,San Diego,9,92102,0xE6100000010C7C7FEB69B05D404029D122A971445DC0,491ABABE-217C-4359-928F-2E25ABC6A8FA,24-11-2013
12735,Haberstr 8,,Hamburg,20,20354,0xE6100000010C55986C0F9EC94A40612A077795042440,55072054-CA3F-4602-9519-24A8CFBCD36E,29-04-2014
12736,8162 Olympic Dr.,,North Ryde,50,2113,0xE6100000010C79910A4885DE40C060C20671DCE06240,C004795E-DCDF-49DF-A0D4-162C1CA03031,05-05-2012
12737,7185 St George Dr,,Oak Bay,7,V8P,0xE6100000010C0D5CDFC5C62F4840456849476CCC5EC0,477CE386-6C6D-40F9-9C00-91D6F05E024D,12-12-2013
12738,136 Balboa Court,,Sedro Woolley,79,98284,0xE6100000010CC724980D4D3D48408B7929FB697C5EC0,922FD850-1A67-46D2-8BD9-EC5ACB678D2B,06-11-2013
12739,6137 Freya Way,,Bendigo,77,3550,0xE6100000010C97EF286FD86242C048FE9388AD0B6240,10CCA843-8C8B-4BF8-A8B8-268E170A5ED8,24-02-2013
12740,4634 St. Paul Way,,South Melbourne,77,3205,0xE6100000010C2FFD8BF769F042C055AE64BE541D6240,C28273EE-0F8D-497C-8C2B-B403A693991F,16-07-2012
12741,8721 Nahua,,Walla Walla,79,99362,0xE6100000010C023D0092920647403DB605020D905DC0,D076BCDD-B4AD-4958-9365-25F30CA2327B,16-02-2013
12742,1926 Fish Dr.,,Colma,9,94014,0xE6100000010C5796D35BFED242403E36B48618915EC0,13CB814B-BDC5-4F0F-B62D-A39B9EAA4EDE,13-11-2013
12743,3421 Bouncing Road,,Los Angeles,9,90012,0xE6100000010C91DFC405130A4140B88046902F925DC0,F6C74E04-0007-4587-9763-5E9889142965,01-08-2013
12744,9535 Pear Dr.,,Seattle,79,98104,0xE6100000010CB9D968A1B7D247409FEA9D6940985EC0,0FF7971F-8DA2-4B26-B78C-DA8F5004E8F3,25-07-2013
12745,1285 Greenbrier Street,,Renton,79,98055,0xE6100000010C70BB947CF7C0474061F18C45DF8C5EC0,A4E4C49D-6A49-478C-82B2-2766059D5A80,15-11-2013
12746,7653 Fall Creek Road,,Salem,58,97301,0xE6100000010C1A1677D204744640ED938DA99EBA5EC0,E747FF44-4C70-479B-9C6C-710E886FC988,17-03-2014
12747,2313 Pastel Drive,,Torrance,9,90505,0xE6100000010CCE6A3B7E59ED40401BE19255638D5DC0,7D6BB1EC-78C6-4554-B6FC-2FF1195432E5,20-04-2014
12748,"76, rue de l´Esplanade",,Paris,161,75017,0xE6100000010C1DC081F7116F4840DCBCEE89DB700240,678288A3-4208-40A1-9402-27DB82665D85,21-12-2013
12749,8934 Dublin,,Bellingham,79,98225,0xE6100000010CF307E9BC7D67484087C7328B22A75EC0,F9C199C6-44BB-4CD1-8E48-A31273D89272,22-10-2013
12750,3848 East 39th Street,,Concord,9,94519,0xE6100000010CA18642EB19FF4240E84C0794157B5EC0,71E92B02-0545-4DF1-8E19-6E9938EB4046,02-03-2014
12751,Rykestr 8105,,Berlin,70,14197,0xE6100000010CA7DC4DAB5C3A4A40B75FAF9C30DE2A40,C660FAF0-C4B0-4DDB-92AB-D234BC9E6FA5,08-07-2013
12752,3381 Pastel Drive,,Kirkby,14,KB9,0xE6100000010CCCA9C9620EC44A4074EF339C752507C0,40C62DAD-9853-4079-8533-36A254E9BEAF,09-11-2013
12753,"1, boulevard Beau Marchais",,Sèvres,178,92310,0xE6100000010CE4EFC8CF12644840B491696B2EAC0140,D9713D64-4D14-4730-8C1F-0A09FB6A275B,21-12-2013
12754,Carlsplatz 89,,Bonn,20,53131,0xE6100000010C00000000000000000000000000000000,26491D7A-9B7C-4FF4-9B66-F1B1EB37D002,31-08-2013
12755,1204 Weber Blvd.,,Woodburn,58,97071,0xE6100000010CBF692502648C4640D177FC2AC2A95EC0,1628ED45-6585-4B6A-86C0-D519217877C4,15-08-2013
12756,991 Vista Verde,,El Cajon,9,92020,0xE6100000010CDBE1926E2F664040FAA07828DE3D5DC0,A56D8060-9187-4222-AC7C-D42845F84901,16-10-2013
12757,4550 Glenellen Court,,Townsville,64,4810,0xE6100000010CB22F3464143333C01FC367388C5D6240,0583B9C9-52AA-475E-ACE3-7AD1373339E2,20-01-2014
12758,6412 Clifford Court,,Seattle,79,98104,0xE6100000010CDAFBDD9327D54740B3F6E63D4C9F5EC0,B20D3FFE-5FDF-43C0-9237-8622778F46F8,12-08-2013
12759,359 Pleasant Hill Rd,,Burbank,9,91502,0xE6100000010CD6A095AE15194140DC6AAE0BA39A5DC0,995F05A1-2D5A-4B97-8408-9A6AFF627905,07-04-2012
12760,9108 San Miguel Drive,,Berkeley,9,94704,0xE6100000010CD5A0DDB387EF424029360D8587925EC0,A57195E3-1B99-483F-B7EE-86983265F003,27-11-2013
12761,7439 Laguna Niguel,,San Francisco,9,94109,0xE6100000010C79690ED18BEA424064575CB6A09F5EC0,4641486B-E5D8-42EE-9F65-F8125816D4D0,05-06-2014
12762,9233 Pepper Way,,South Melbourne,77,3205,0xE6100000010C35A52C2C06ED42C0BC370D43D3236240,DDA5F30E-0D30-462A-B2CC-2783BF97076C,04-01-2014
12763,390 Ridgewood Ct.,,Woodland Hills,9,91364,0xE6100000010CC798932C6A114140397040C2FF9A5DC0,C75DEC98-79F3-4FCB-A11F-D6059A1879EF,18-05-2013
12764,9183 Via Del Sol,,Billericay,14,CM11,0xE6100000010C2577B66E4BD14940CBE3BBCAA5A7DA3F,5E78DA19-D8B1-47B1-973E-5663B14BEA60,12-09-2013
12765,1631 Via Cordona,,Port Hammond,7,V6B 3P7,0xE6100000010CB24582F3D49D4840DDE4299D99C15EC0,60DE25AC-BD62-484E-A5A8-2649530A32F8,15-06-2014
12766,771 Northridge Drive,# 495,Downey,9,90241,0xE6100000010C78DC9CB02EFE404092DBD2BA33835DC0,3401F475-7BA0-4057-B1D2-F5D2CE820459,09-07-2013
12767,2266 Greenwood Circle,,Torrance,9,90505,0xE6100000010C5F4A2ED0DBE640406852AA470D9E5DC0,EB65AD00-90A7-4026-99F5-43656A92976A,09-03-2014
12768,2374 Turning Way,,North Ryde,50,2113,0xE6100000010C5A0C645FD8E240C0D477395E99E86240,E51104EE-8E8E-47E8-876D-4C4EED577464,16-08-2012
12769,5724 Victory Lane,,San Carlos,9,94070,0xE6100000010C1737619042C04240046851E0AF8E5EC0,69FA1B41-7012-45BB-BED5-D22310E780CA,28-01-2014
12770,130 North Main St.,,San Diego,9,92102,0xE6100000010CCB5F13C526564040E29801C7B1435DC0,C3610893-5ABC-408B-B179-4215D469163D,29-10-2013
12771,6498 Mining Rd.,,Lake Oswego,58,97034,0xE6100000010C7B48E86F10B846408F87F86079A85EC0,27E8593E-DCA4-49BA-8164-5381D52F1B57,29-12-2013
12772,Räuscherweg 3456,,Eilenburg,85,4838,0xE6100000010CB6E2A25A75B5494029DBC34F09592940,2E004436-F2F5-4EBE-B9FE-5DEC9E207388,02-01-2013
12773,8501 Boatwright Ln.,,Woodburn,58,97071,0xE6100000010C5BBCF94887984640923E94B99EB15EC0,BAF3286C-9850-4C6D-AC8B-A548E21A6203,22-05-2014
12774,6114 North Park Court,# 12,Rhodes,50,2138,0xE6100000010C4AD00E6A4BEF40C00F8550E2BBE46240,3D4326B7-4E24-4AA6-B357-4C0118A65BD5,03-11-2012
12775,"31, cours Mirabeau",,Chatou,164,78400,0xE6100000010CD01A6733BE6D4840391C167A1E360140,0EF333EC-1088-4EE8-8333-64BFF7F4F6DE,21-12-2013
12776,2693 Dance Court,,Spokane,79,99202,0xE6100000010CEDC1D7ED1ECB47409AE2122A02565DC0,F60D878A-D6B4-4531-8B93-722F30AC2267,22-07-2013
12777,371 Westwood Court,,Burbank,55,44214,0xE6100000010C9CEFBD3AEF7C4440FBAFC0FBB47E54C0,5D07ACED-E649-4FC5-9CEE-A2EAD04D1EB7,05-07-2013
12778,6447 Ranch Road,,Geelong,77,3220,0xE6100000010C4C08C64FC41143C08B9299AB4C086240,00BEB8D7-FEE1-41F5-B304-1AABE7876857,11-10-2013
12779,7392 Coach Place,,Gateshead,14,GA10,0xE6100000010CD446C75990854B4025D9535E0E9EF9BF,A7D0F37D-6E26-471A-92A5-EE76F442C18A,27-10-2011
12780,79 Montana,,Torrance,9,90505,0xE6100000010C16008FEF7BEC40401BE19255638D5DC0,76682316-8DF2-42ED-9FA4-B3D5E35C6D14,04-10-2011
12781,Conesweg 89,,Hamburg,20,20354,0xE6100000010C6D036509C3C24A403903636C00012440,53CEB604-FB62-41AB-8502-B4342A26A579,29-12-2013
12782,5256 Chickpea Ct.,,Newport Beach,9,92625,0xE6100000010C04EB0F5E5FC740401C8945C053815DC0,346AEA34-7039-4564-A220-F76652332E13,16-04-2014
12783,5297 Algiers Drive,,Woodland Hills,9,91364,0xE6100000010C9F202A19DA1141408E37AAF44FA05DC0,4E0617F8-05F2-4206-8FD1-3FD92BDDB059,31-03-2014
12784,6284 Romero Circle,,Townsville,64,4810,0xE6100000010CA25BEA6B103433C0F4CC8A34F9566240,AC5DE7D6-5989-45B7-B5AB-CECED0E9D9AF,22-01-2012
12785,6578 Woodhaven Ln.,,Coronado,9,92118,0xE6100000010CBF3AC7DF7B58404050C64E6AEC405DC0,6721CC32-CFB4-4C99-9181-F8DAC5273D77,27-07-2013
12786,7820 Bird Drive,,Redwood City,9,94063,0xE6100000010C4E678D131AC44240DE39D2B46A8D5EC0,3CFDD39B-04CC-42FC-B09E-BAF3F3C6BD9C,13-03-2014
12787,1025 Yosemite Dr.,,Oregon City,58,97045,0xE6100000010CF1BF6F582BA6464005D1DE19A2A95EC0,83431AD7-C9C0-4626-9519-36930BFEAD10,05-01-2014
12788,"37, route de Marseille",,Verrieres Le Buisson,177,91370,0xE6100000010CBA9EFAD72C634840AE48A8445A0B0240,1F8E0F9D-A1DD-4F99-A59D-DE4413382ED1,21-12-2013
12789,"82, rue Henri Gagnon",,Colomiers,117,31770,0xE6100000010C4976F2CF2BCD4540F63AB898A43EF53F,48008C59-7427-480F-A8EC-F0DF2FC63EF4,21-12-2013
12790,2520 Almond Street,,Oregon City,58,97045,0xE6100000010CD6D384B06DA446404BADCBEE29995EC0,41B32FEE-4B0B-47E3-BCAE-997EF95B3544,15-12-2012
12791,8634 Sunshine,,Bellflower,9,90706,0xE6100000010CF0D8C16862EC40406AE3BB0EB97F5DC0,178BB451-9B96-49A7-98D4-47DF8B6BB375,22-09-2013
12792,384 Price Lane,,N. Vancouver,7,V7L 4J4,0xE6100000010C6E9CE3467F9E4840AC342B5FA2C95EC0,B1F4EE2D-E6A2-4433-8B14-D8AE34196D61,19-04-2014
12793,3717 Via Cordona,,Port Macquarie,50,2444,0xE6100000010C00A253B22C643FC01C69C3F6CD166340,E653395C-0EF0-49B3-8BBE-403CBA2ACC00,03-10-2013
12794,8826 D Anchor,,Hervey Bay,64,4655,0xE6100000010CDA04F697134F39C09B528E9AE61D6340,D8E7DF83-BA8E-4FCA-A6D2-EE3936384ABB,27-12-2012
12795,6752 Covington Court,,Lynnwood,79,98036,0xE6100000010CD38F3E2FDFDE47406956DD99C7925EC0,7FE20319-4158-44E4-A66C-752B9CE331F2,19-04-2013
12796,8434 Kenmore,,Birmingham,14,B29 6SL,0xE6100000010C83B7681D852D4A4046F343DB2214FFBF,C543F196-F252-45FC-8BD8-3D8B3CD9370D,14-11-2011
12797,1411 Ranch Drive,,Sedro Woolley,79,98284,0xE6100000010CBD6FF3041837484032935DD7B0895EC0,632BC801-1F58-4F5F-9F9B-FCE67FEFB5E5,10-11-2012
12798,8033 Chaucer Drive,,Sooke,7,V0,0xE6100000010CC9FE74149A2748402B38404CB8F65EC0,A958C282-37BE-4214-A882-CAFCDE499717,21-08-2013
12799,9808 Deerfield Dr.,,Chula Vista,9,91910,0xE6100000010CE20398BBBB564040E46C92AEDC475DC0,63E3C770-F053-4E60-A725-63F7576B2754,17-02-2014
12800,7393 Jacaranda Dr.,,Burbank,9,91502,0xE6100000010C147490AC651A41406227D22C56955DC0,3D5773B1-88D6-4ADD-AF82-696BE1A8D8B2,22-04-2012
12801,2947 Vine Lane,,Woodburn,58,97071,0xE6100000010CBF692502648C4640052D17CB0DBB5EC0,AEEF4653-7B7E-42E5-B218-3C15D9226B13,03-11-2013
12802,2479 Killdeer Court,# 120,Spring Valley,9,91977,0xE6100000010C9205D407EE61404061008E79873F5DC0,28C40752-9CE9-4E84-A9EB-E928DB2BA3C2,11-08-2013
12803,7646 Strasbourg Lane,,Glendale,9,91203,0xE6100000010CE1970E136F0D4140FF09FA16C9945DC0,2D8F0169-8DD8-4909-8F14-AF6743D38CBE,04-08-2013
12804,7433 San Simeon Ct.,,San Francisco,9,94109,0xE6100000010CF0A14BA607EB424036E3CECDBD905EC0,29B8208C-359E-46B5-9894-5D8E0607EA6D,02-11-2013
12805,Hellweg 4244,,Werne,53,59368,0xE6100000010C88F818BD19DE4940D1A8219F6D791E40,CFD032C3-FC61-4525-BB38-19548CD695F3,23-12-2013
12806,3831 Golden Gate Way,# 203,Colma,9,94014,0xE6100000010CA3FACA0D16DE4240609C9F3D56A25EC0,87ED5176-A0CC-4ED0-AEDE-1BCA8028C658,28-12-2013
12807,9453 Sharon Dr.,,Portland,58,97205,0xE6100000010C0712F413EEC74640F5BD36984EAE5EC0,6BE5139D-3039-4C38-8295-C52E1E7A7623,22-08-2013
12808,7784 Door Way,,Newton,7,V2M1P1,0xE6100000010C28D7AF966FFD4A40A4968D1643BD5EC0,6F205C1C-5315-40DB-8F0E-45BDB96E1FF3,16-12-2011
12809,4844 Spring Water St,,Berkeley,9,94704,0xE6100000010C2E6B137313EE42405C8E9CD14F935EC0,2A37FBE7-32F3-4A9D-9935-DE74599D7123,17-12-2013
12810,735 S. 39th Street,,Long Beach,9,90802,0xE6100000010CAD22A98EC2E340401CF190B628925DC0,8CFCC19D-777A-49A5-B63A-201316BB4363,16-11-2013
12811,9320 Teakwood Dr.,,Tacoma,79,98403,0xE6100000010CD42E8E445DA04740AB6ED7599EA65EC0,1F07CC0D-E0B3-42A0-A43F-A1D492425731,16-05-2014
12812,2525 San Miguel Court,,Caloundra,64,4551,0xE6100000010CB6B3415645D23AC0E7A2E05D53296340,0BE0A156-D887-4794-A88F-BB0461FB8F24,14-07-2012
12813,Auf der Krone 9249,,Hamburg,20,20354,0xE6100000010C235FFF8972C34A40E0B13960E8FC2340,200D20C5-9DE0-4785-85C5-70BBA04C14B7,17-01-2014
12814,8982 Ricardo Drive,,Geelong,77,3220,0xE6100000010CD9562D20DC0D43C0F068832C60076240,5922F44D-874C-401B-9E21-8B0B5EC9BCB6,09-06-2012
12815,135 Grant Street,,Imperial Beach,9,91932,0xE6100000010C8D464544564C4040022A1072D4465DC0,52A4E995-9205-46B1-A8E3-96D8A5D420AB,25-06-2012
12816,1884 Scramble Road,,Lakewood,9,90712,0xE6100000010C907DFE5C14F340405220532EE08A5DC0,7CAFB47A-012A-4610-BE84-D5060D56A06B,15-06-2012
12817,8252 Northridge Drive,,Victoria,7,V8V,0xE6100000010C33FD51974E3948409B2751F753D75EC0,D1B3394A-4885-4BD2-B4E1-067BF3A3546F,06-05-2014
12818,"295, avenue de la Gare",,Paris,161,75009,0xE6100000010C0ADC6A40E5754840F1820C9C37BB0240,B778FC01-7127-4175-A68A-9B8CFFA43A42,21-12-2013
12819,2912 Guadalupe Dr.,,Burbank,9,91502,0xE6100000010CFB53AAB6D513414000E8830318965DC0,2C3E5DEE-118A-4559-8422-3FF213FBED90,04-11-2011
12820,9533 Working Drive,,Burien,79,98168,0xE6100000010CEAEB06D2E4B94740C841D0D5F9995EC0,FB5A5AF2-17A1-4B8A-AF37-6A3B2D5F94BF,24-06-2013
12821,6973 Elena,,Concord,9,94519,0xE6100000010C4A89B8678F0043403788562F66765EC0,A617C4D0-CAC7-4274-977D-5BB810C24887,04-10-2013
12822,"776, avenue du Président-Kennedy",,Les Ulis,177,91940,0xE6100000010C0EFACAC2A44D4840FD9731B4024E0140,52257EBC-CAE3-43A7-AF55-9228CF3E3DAB,21-12-2013
12823,2624 Pome Court,,Cambridge,14,CB4 4BZ,0xE6100000010C34294DA908204A407979758FF766BC3F,48A9F2A8-9702-43B3-8B6C-61EF9EA21185,27-12-2013
12824,7103 Quiet Place Drive,,Novato,9,94947,0xE6100000010C7C423D627E07434096479FA82CA15EC0,821D9462-994F-4B7C-B409-702CA6DD3EC2,19-04-2014
12825,3980 Bridge,,Leeds,14,LE18,0xE6100000010CC07B5344C9F14A408E959390FC76F5BF,48E99314-DF51-4B6F-8B09-F94C81432999,05-08-2013
12826,1803 Olive Hill,,Milwaukie,58,97222,0xE6100000010C0951107DF1C04640632609BD749B5EC0,3C753D20-A496-424C-A535-58259EEDAD02,18-11-2013
12827,6350 Plumas Court,,Calgary,1,T2P 2G8,0xE6100000010CA76E22BE818F49403FE1A610E37D5CC0,FC6C8867-B154-4282-9EFA-9067C211D12D,10-03-2014
12828,1590 Mildred Ln.,#35,Lemon Grove,9,91945,0xE6100000010CCF5AF22593644040962CB785FF485DC0,662E6084-4275-484C-8D75-0CCDED5FB8A3,12-01-2014
12829,6306 Knollview Court,,Goulburn,50,2580,0xE6100000010CEA703ACBF74B41C06FC284B256BB6240,193199A2-703C-476C-B7A6-C6AA02E8F0A5,17-09-2011
12830,9666 Northridge Ct.,,Imperial Beach,9,91932,0xE6100000010C0B7CF5C92A4840404020B6CDD53D5DC0,EC3BD9CD-2EEC-495E-B45E-730AEF9FFEEE,12-07-2013
12831,6387 Scenic Avenue,,Sydney,50,1002,0xE6100000010C10DD9925E4F240C0661AC8AA24E66240,1B66054C-13FC-4D0C-B8BD-BE2666BA516A,05-04-2013
12832,9707 Coldwater Drive,,Colma,9,94014,0xE6100000010C5796D35BFED242403E36B48618915EC0,C8CE0BD5-0CC7-4A60-B2F5-EF6B56DB99F0,16-10-2013
12833,4217 Fairlane Place,,Cranbourne,77,3977,0xE6100000010CDAB75C49BC0F43C0638B006496226240,118CAC09-2D6E-43A9-B737-624C5AEC0F8C,28-03-2012
12834,8038 La Paz,,Port Orchard,79,98366,0xE6100000010C7F54C23151C24740AA4E7D4F6FAB5EC0,FF3DAAFA-C05D-40E6-B342-96C17A054065,13-04-2014
12835,989 Crown Ct,,Downey,9,90241,0xE6100000010C99D3C9497EF540408438316078855DC0,75F2D4F8-4A02-491A-A862-3E9D5EB3E6A9,14-11-2013
12836,"54, rue Philibert-Delorme",,Roubaix,145,59100,0xE6100000010C0D1C84195E5A49405D1D66B3A5660940,414FF153-5820-43E4-B6D2-ACFEB6B6A381,21-12-2013
12837,2230 May Way,,Newton,7,V2M1P1,0xE6100000010CB8F6D7E69AF84A40CB783B3655AE5EC0,E34E019F-DC80-4C36-91EE-BF968EB26ECD,04-06-2014
12838,639 Treasure Drive,,Milsons Point,50,2061,0xE6100000010C03DE8D24DCEF40C09C8B8DA98BE06240,B664B44F-127E-4D53-8E1B-17969748A112,06-10-2011
12839,5435 Jacobsen Street,,Lincoln Acres,9,91950,0xE6100000010CECD3D6AC1C594040E3DE2B7259505DC0,D916129F-740A-43C4-B9B0-CF7EBC6D4647,14-02-2014
12840,6930 Lake Place,,Lincoln Acres,9,91950,0xE6100000010CE06C57E3C85A40401D94B104DB485DC0,CDB1BDD7-82C6-4CD0-B745-0E8E1A9C4FD3,03-08-2013
12841,Marketplatz 5793,Buchhaltung,Berlin,19,14129,0xE6100000010C1CBE7EB4A63E4A4013E95DDD0E592A40,3E0C0306-46F8-456E-9451-35C6B90A3C0E,14-02-2014
12842,5473 Olive Hill,,Matraville,50,2036,0xE6100000010C84F2A20D3FF540C0EBF1CC8686E96240,7F43AE70-3E62-41B8-AB4F-1497E3976176,31-08-2013
12843,389 Alamo Way,,Beaverton,58,97005,0xE6100000010C64BD183433BD4640E9D200586BBA5EC0,5EF3481F-F67F-4B2C-B7C2-1723177B98DA,02-05-2014
12844,4794 Kim Court,,Bendigo,77,3550,0xE6100000010C70A25DA5F66042C0CB00F8BC230C6240,DCB08F4F-4F74-48AB-9DE3-44A126F5B22E,17-01-2013
12845,9120 Springfield Drive,,London,14,E17 6JF,0xE6100000010CFD30D437EFC949404DFD421F21D3A5BF,960EB23D-0ABF-4C10-9B5F-DAB701C0E1AF,27-06-2014
12846,1162 Park Glenn,,Walla Walla,79,99362,0xE6100000010C023D009292064740CA63752CB7A05DC0,A0ED54D0-74A4-427C-806C-D2AC3D6E4531,18-10-2012
12847,"774, rue Descartes",,Paris La Defense,178,92081,0xE6100000010C00000000000000000000000000000000,694B2DCA-8ED6-42D6-8A1E-D5312506EA14,21-12-2013
12848,3166 Rosemarie Place,,Haney,7,V2W 1W2,0xE6100000010C835012E67297484084C9FF5759AA5EC0,46785C62-44EB-4274-8C95-E827B3339EA0,08-08-2013
12849,2444 North Ranchford,,Vancouver,7,V7L 4J4,0xE6100000010CAEDDD523CFA4484096BCA420B2C55EC0,C6487897-06C2-4717-B286-AE1A84CBA6A9,16-04-2012
12850,1547 Larkwood Ct.,,London,14,SE1 8HL,0xE6100000010C8C2773895EB84940A6648887F6D3BABF,7BE753D0-8EA2-4FB8-9216-C9637246C2F5,05-12-2013
12851,1197 Santa Barbara,,North Ryde,50,2113,0xE6100000010CDC761CB362DF40C0C3F5BFF125E76240,96BA693D-F44A-4560-B7D8-D7DBB27DB9A0,01-12-2012
12852,1578 Grand Drive,,Langley,7,V3A 4R2,0xE6100000010C124742AC678E48408B6BD160C3AD5EC0,611352DE-01F8-4F43-B3EE-810951D86329,19-05-2013
12853,6745 Salem St,,York,14,YO15,0xE6100000010CC8478F528DFF4A4074DCC3585153F1BF,A58D39DB-9FEA-4CE3-A280-CC7807209E78,24-10-2013
12854,6532 Pinecrest Rd,#508,Sedro Woolley,79,98284,0xE6100000010CA4884BB3FD454840F3AF87E8E8885EC0,67C329F4-B326-4176-9750-B902E650C3FE,21-07-2013
12855,8049 Jefferson Street,,Rhodes,50,2138,0xE6100000010C931C7FE220ED40C0738B960751E26240,A765B8CA-7FC3-4ADB-893C-93A52768AEC2,01-09-2012
12856,4609 Rosebrook Ct.,,Marysville,79,98270,0xE6100000010C1FAC2554490A4840F5BBB43E49915EC0,8A0F133E-C63B-4096-BECB-A205822F6727,31-07-2013
12857,2669 Clark Creek Rd.,,London,14,W1V 5RN,0xE6100000010C1CDDDB85C3C44940673D1280D147C0BF,6EA150DB-0501-4F7F-8871-63C3F2A304A7,12-04-2014
12858,4650 Big Canyon Road,,Lebanon,58,97355,0xE6100000010CC4725B080647464078691F5662B55EC0,15839CA2-092E-4AD4-B7D9-C7B1BBA54A37,26-09-2011
12859,4325 Polson Court,,North Ryde,50,2113,0xE6100000010CAEF175CAB5E340C01A9B267B47E36240,A2320C76-B129-4042-8BB6-7507CC644717,25-02-2013
12860,8778 So. Silver Spring,,London,14,SW8 1XD,0xE6100000010CB5C46F7460B54940517394238332BFBF,956CE3F8-562B-4209-9A3D-9EABFC075787,23-09-2013
12861,5637 Arbor Drive,,Oakland,9,94611,0xE6100000010C067A267B7CED42408411E9963D855EC0,49C66248-4C4D-46B6-B58F-156D0C25A7DB,06-10-2012
12862,9182 Newcastle Road,,Milsons Point,50,2061,0xE6100000010C6BFB70B006F240C0194B598907E16240,57570897-0D0F-48D3-9E7A-7A48935714E0,14-03-2012
12863,6665 Homestead Ave.,,Darlinghurst,50,2010,0xE6100000010C61D7A55C3BEB40C06A821BE8F0E36240,761FA626-E2E2-4B0A-995A-001767743460,17-10-2011
12864,"444, chaussée de Tournai",,Paris,161,75010,0xE6100000010C818F1490C266484093206537DFE10240,08EF72EC-ED16-4D07-BEEB-457874059C5A,21-12-2013
12865,5931 San Carlos,,Colma,9,94014,0xE6100000010C7E77B51F1FDD42403146099E8DA15EC0,526DBCE9-328D-4655-8246-81BB881AE041,31-03-2012
12866,9699 Gilardy Drive,,Cliffside,7,V8Y 1L1,0xE6100000010C0FC9CC7A9A3D48408DA167F18ADF5EC0,ED094749-0E5E-457A-9B0B-0BD1F1EF192E,27-05-2012
12867,7172 Parkway Drive,,Santa Cruz,9,95062,0xE6100000010C882B004B80764240BFCB9ECBBD7E5EC0,CE8785D2-7986-464F-B518-1D196217358E,12-07-2013
12868,1226 Canyon Creek Drive,,Warrnambool,77,3280,0xE6100000010C85D8226AEB0743C0D356475255D46140,1B225FFE-C3CA-4630-A266-9053B67533A7,22-03-2014
12869,1873 Mt. Whitney Dr,,Westminster,7,V3L 1E7,0xE6100000010CF536E5C9CCA048406EFA584012B65EC0,CDEF611A-5E36-4839-909F-21A9E947B92A,14-08-2013
12870,"297, place Beaubernard",,Roissy en Brie,163,77680,0xE6100000010C43E85561B95B484094ED7BF1294A0540,21213389-A529-451E-A5DF-A7112217CC72,21-12-2013
12871,7986 Terra Calitina,,Bellingham,79,98225,0xE6100000010CCD2DABBCE35748404C12E7120EAB5EC0,899F0651-C57A-4406-A72B-E36EC98C130E,14-06-2014
12872,"74, place Beaubernard",,Paris,161,75003,0xE6100000010C3F97B639497548402F100DF1ADE40240,EAFD0729-71E5-4EE6-A1DE-DCC4AE1106C9,21-12-2013
12873,1800 Honey Court,,Cliffside,7,V8Y 1L1,0xE6100000010C03290C5E0E454840A60EA0247DD45EC0,2CD59F9D-9957-47EB-B1D8-2C0BDEA4B7D4,08-07-2013
12874,9443 Oaxaca,,Wokingham,14,RG41 1QW,0xE6100000010C6B237A675FBD49409E61FD83F536EBBF,5191C00A-D50C-43A1-8D3E-DFAAE844EEC4,05-11-2013
12875,9736 Montana,,Lemon Grove,9,91945,0xE6100000010C4CDA0D991D5F4040CE2ABD53D9445DC0,941D0BFA-CD64-423E-90F2-2E89AB9AD0D0,30-09-2013
12876,6104 Santa Maria Ct.,,Port Hammond,7,V6B 3P7,0xE6100000010C25D9C89DD0A94840FB1ABD80DFBC5EC0,655C490A-A856-4AA8-99A1-34E9645D39D3,06-09-2013
12877,7106 Cynthia Drive,,Darlinghurst,50,2010,0xE6100000010CBE6711E3C5F440C0DD3C8267E0E56240,8ACD120F-01C8-4408-A794-B8920449B872,04-04-2014
12878,764 Teak Court,,Cliffside,7,V8Y 1L1,0xE6100000010CB1B3A167924248405FE5C06D62DC5EC0,138F2297-9E48-45A7-8B6E-B153C3038577,23-04-2013
12879,8510 G St.,,West Sussex,14,RH15 9UD,0xE6100000010C00000000000000000000000000000000,B6AB4CA9-FDC7-4D49-BB00-37CBD977E07A,15-07-2013
12880,7386 Rolph Park Drive,,El Cajon,9,92020,0xE6100000010C2560AA8981644040096AEB719C415DC0,BEF0D4F0-8AB9-4D2C-8C13-7D28ABE36862,09-10-2013
12881,2893 Vera,,W. York,14,BD1 4SJ,0xE6100000010CDBCD4D5103ED4A408D35F09F510BFCBF,D6EE1EA2-E6CB-4B09-AE02-43D2E82EEC49,10-09-2013
12882,"600, route de Marseille",,Roncq,145,59223,0xE6100000010CE9ECFE95F2604940F1A91EFC3EEF0840,81AE6E6A-5A9A-4E55-9736-A53208E991C4,21-12-2013
12883,1832 RiverRock Dr,,Bremerton,79,98312,0xE6100000010C29AF4E4037C24740D320C07AC8BC5EC0,D25C3004-1D19-49FC-B823-227E50226DE4,26-02-2014
12884,6850 Monument Blvd.,,Wollongong,50,2500,0xE6100000010C28F52C2E163241C0827AA4647AD76240,C7653319-AF57-422C-ACE0-EED99EFAB02F,07-08-2013
12885,5565 Logan Court,,Hawthorne,64,4171,0xE6100000010CE0DC50A7DB7E3BC0A119915294216340,C6E4BB05-C3C7-47F3-A6C8-1356DA305D9D,01-04-2014
12886,6999 Icicle Ct.,,San Diego,9,92102,0xE6100000010C41CAF8322D5B4040F0C6788FEF515DC0,3994D866-C907-47A0-AB18-D145D65FB599,15-08-2012
12887,8168 Eaker Way,,Hervey Bay,64,4655,0xE6100000010C55E9665E445439C0826E57517A1A6340,07FEB53B-A19C-4512-A664-F44DEAD849BD,19-02-2014
12888,Hans-Rosenthal-Platz 2,,Paderborn,53,33098,0xE6100000010C580EF21A32E249405A8C4E5A04822140,39E22669-C620-475F-8546-C442E54261ED,15-10-2013
12889,5985 Valmar Dr.,,Cheltenham,14,GL50,0xE6100000010C6DC0B67AF4F24940A2BDCD0182A100C0,BF5FE828-78A5-4A00-A818-6B7CC634D54B,13-05-2014
12890,7559 Worth Ct.,,Concord,9,94519,0xE6100000010C238A8AE60B014340CBD6E9AD4D7A5EC0,6CC77BF5-A349-4530-8D7C-E9BD7DBF8350,30-06-2013
12891,5891 Quail Court,Unit C,Sydney,50,1002,0xE6100000010CC5413C3897F140C05BDC7C2414E86240,F0A0E708-ADCF-4C4D-995D-F7677F481FBC,25-06-2011
12892,Kulmer Straße 6,,Duesseldorf,19,40605,0xE6100000010C00000000000000000000000000000000,2A47340D-F373-4663-A8BC-87F5F30A5DF4,21-12-2012
12893,7426 Forest Way,,Rockhampton,64,4700,0xE6100000010C07BC34A6195F37C0ACB519FD7AD26240,45C4ADA5-B665-483E-8D31-09531650D519,30-11-2013
12894,6675 Andrea Lane,,Cloverdale,66,6105,0xE6100000010C391C887AC8F43FC0D43F445D80065D40,01825D99-14A6-45A7-8667-1FB2682AF713,29-07-2013
12895,4861 Via Valencia,,Concord,9,94519,0xE6100000010CF883CC6EA4FD42408FEAAEE1BD785EC0,0612910C-F55E-4BA4-8B03-33D686F31529,27-09-2011
12896,3287 Corte Poquito,# 2,Salem,58,97301,0xE6100000010CDF719BC2587A464069A3618E78B75EC0,19E460C6-60A4-4421-93C3-320EDFBAB9F2,16-03-2014
12897,8523 Rose Drive,C,Cranbourne,77,3977,0xE6100000010CDAB75C49BC0F43C0884CDD6CD7256240,1D38CA71-8224-490F-A125-ADF5067D6AE2,30-07-2013
12898,4782 Dewing Avenue,,Salem,58,97301,0xE6100000010C46D7FB06EC7A4640B784B9C4C4BD5EC0,799E4675-CFE4-4830-BE6C-04553546B194,27-10-2013
12899,8240 Clear Court,,Lincoln Acres,9,91950,0xE6100000010CEBB0B38E54504040CDDDEF8B1A4B5DC0,17EAFB98-7BD0-449C-9A28-EFF3C9FFC237,09-11-2013
12900,4524 P St.,,York,14,Y024 1GF,0xE6100000010C6E35E1BB2BFE4A40151716256E52F1BF,BA588730-FF8E-4381-A8B1-15B64BA132F8,04-11-2013
12901,2756 Eastgate Ave.,,Cranbourne,77,3977,0xE6100000010CF6CDE7398C1743C0638B006496226240,D799F745-AE07-4529-8C40-03E2F348E564,22-09-2013
12902,3893 San Francisco,,Sedro Woolley,79,98284,0xE6100000010C9AD3A6AAC83F48406B22302DC9855EC0,2EEFC239-EB7C-4B9C-BC9E-0F798D92806A,15-07-2013
12903,1461 Dent Way,,Wollongong,50,2500,0xE6100000010CE127A934E22F41C0D5D51BA645DD6240,C7BCF7E1-3E8E-4749-AC23-DFB9A0930E2C,29-01-2014
12904,"63, allée des Princes",,Chatou,164,78400,0xE6100000010C7E34778B7F71484097EB57D92C3D0140,AFA88AFB-7A58-400F-9477-2E540E7E98EE,21-12-2013
12905,2265 Park Glen Court,,Port Orchard,79,98366,0xE6100000010C5AF7A9B719C14740955641CE4BA85EC0,1665EB34-F93C-454C-8AB7-CE0CB77B54A3,18-01-2014
12906,8886 Marsh Drive,,Port Hammond,7,V6B 3P7,0xE6100000010C271E0756A9A648406A13CDC7B0C85EC0,75D4D57A-89D6-47AB-8466-8677334949F2,08-01-2014
12907,6456 Eagle Way,,W. Linn,58,97068,0xE6100000010C266C65B029AD464060A11C54E1AE5EC0,A411DBBF-8606-4A7F-AB76-4227054B2B37,17-06-2013
12908,4268 Shadow Court,,Beaverton,58,97005,0xE6100000010C7310FE4E5DBE464057EEF4587DB65EC0,D4E58B4D-0765-4BA2-A35C-54E1A712F9DD,17-06-2014
12909,942 Brook Street,,Warrnambool,77,3280,0xE6100000010C457486955A0A43C077E0A64A24D16140,CA8A4392-255D-449E-8218-45BB78DC3F9C,11-06-2011
12910,1156 Corte Poquito,,Yakima,79,98901,0xE6100000010C7782C089624D47408101A73E97185EC0,1A6C0CC8-7E54-474C-B661-A77854CA0E8F,13-03-2014
12911,942 Brook Street,,Berkeley,9,94704,0xE6100000010CC1BA6DA1DCF442405C8E9CD14F935EC0,1F68883D-D252-4927-A4A5-C0CF1A1E3BF3,18-03-2012
12912,1450 A St.,,Burlingame,9,94010,0xE6100000010C99E3325599CD424052A62EAFFB9B5EC0,01A25613-0BC1-46EB-B02F-D39F68939463,22-06-2014
12913,"8810, rue des Rosiers",,Paris,161,75005,0xE6100000010CAC000D28D4694840867F0DB956E70240,0EA91A8F-0C91-4C71-86F4-3BB2AD959927,21-12-2013
12914,9019 Class Avenue,,Mill Valley,9,94941,0xE6100000010C339CF85125F94240CE5B9D5A6DAF5EC0,6F9D4C0A-32D0-495F-9473-0E2F1D1BC1AF,17-06-2012
12915,Königstr 27,,Paderborn,53,33098,0xE6100000010C5A73638056D94940B9CE2225F37D2140,E9D1992A-9BDC-4AF3-998C-6E3B3D307701,13-11-2013
12916,"313, rue de l'Espace De Schengen",,Sèvres,178,92310,0xE6100000010C6E357AB79266484053BAC596BAAB0140,A67431A7-22EA-4AD4-B185-9B74BCB6905A,21-12-2013
12917,7391 Leslie Avenue,,Sooke,7,V0,0xE6100000010C70D9F224F1384840FBDFF0DA22F55EC0,0E793E93-FB35-48B3-8324-F5AF1025A0FE,13-09-2013
12918,342 San Simeon,,Marysville,79,98270,0xE6100000010C15E9C63FFA0D484014B32415FF835EC0,3F8F7574-301F-4164-B71D-4C6CF25FEFB5,15-06-2013
12919,1583 Blackridge Drive,,Melbourne,77,3000,0xE6100000010C929105A08BE742C0B7DE2ABAF81C6240,10CFEC4D-3809-402F-B518-D146F9F86B39,19-08-2011
12920,4787 R St.,,Fremont,9,94536,0xE6100000010CE54AF012AEC8424064A577FF71805EC0,AEF01FBB-5C20-46D2-B48F-5BFA5395E134,31-10-2013
12921,3917 Fern Leaf Lane,,Burlingame,9,94010,0xE6100000010CF1848D38F1C44240724A1FB01D9F5EC0,8331A76A-16EC-4A6E-AD6C-821D34458E41,15-03-2014
12922,6283 San Marino Ct.,,Bellingham,79,98225,0xE6100000010C3E31EC6A1F63484067FA6A9951945EC0,5AF1CD6B-95AA-48B0-89EA-6841776BC982,27-12-2013
12923,9741 Forte Way,,Lake Oswego,58,97034,0xE6100000010CF0F27C056AB34640DAAB335DD69F5EC0,9D389F3A-01B3-4275-BFBC-DD5B3FB1B05C,09-05-2014
12924,4147 Alamo Court,,Wollongong,50,2500,0xE6100000010C8032AC62A53141C0CD35966AE4D96240,52877756-6FDB-498A-BC55-F561F0AC282E,15-10-2011
12925,5951 Balance Ct.,,Warrnambool,77,3280,0xE6100000010CA9F7690C680843C0A3EE7D7282D26140,0D15DD7D-A7C2-4A71-B286-CE7BE8BA16C8,01-02-2014
12926,515 Wiget Lane,,Olympia,79,98501,0xE6100000010C00A23EB17B7E47402A3ACDD442BE5EC0,8E5F0861-D400-4FBB-BA4A-C55CDFDC1B01,24-12-2013
12927,5174 Filling Drive,,Warrington,14,WA1,0xE6100000010C295AE658E1B04A406D8FA0D3C28B04C0,C9C52E20-F23D-4713-B35B-43E6ABAC31C1,01-03-2013
12928,1797 Victory Lane,,York,14,YO15,0xE6100000010CF0BD756831F54A40C7015F56E14EF1BF,B01C74E4-3C2C-47A2-8481-CF08C0B6A323,30-03-2014
12929,8939 Monetary Way,,Hawthorne,64,4171,0xE6100000010CE3F135E9646F3BC008525C2EED286340,83B5A7A1-8B6A-4862-8D44-19B5AD039D36,24-10-2012
12930,6242 Cleveland Avenue,,Woodland Hills,9,91364,0xE6100000010CD1E175B45A0E41400A07D6A9B2AB5DC0,1C0AD900-736F-44F4-BFCA-7978966BE9E0,05-08-2011
12931,1410 N Ranchford Court,,Portland,58,97205,0xE6100000010C0B3D6AC0C3C6464092FC74DD5FB55EC0,586E228E-59AE-4B0C-8A63-A00C19A16C1D,02-04-2014
12932,4144 Tahoe Place,,Beaverton,58,97005,0xE6100000010CD3C0C00B74BB4640FF71FE24A2B95EC0,33745EAD-7D0F-4708-89C1-FBF78CB59F3D,13-04-2014
12933,1197 Santa Barbara,,Santa Monica,9,90401,0xE6100000010CF778428434FE4040BB2E780ABAA55DC0,CC54F096-4CA9-4514-BEB8-D648AC0B4EAD,07-09-2013
12934,"523, rue de l'Espace De Schengen",,Pantin,179,93500,0xE6100000010C9004A2224174484097B9EA2EA6400340,561DEFD0-8CA1-4BE0-8F9B-A3F5D1EDED90,21-12-2013
12935,9314 Icicle Way,,Woodburn,58,97071,0xE6100000010CF82F6CC46F90464040FAF47DFAB35EC0,34096160-90C6-4363-89F1-E7632A19F06E,12-05-2014
12936,7068 Rock Drive,,Lavender Bay,50,2060,0xE6100000010C82E5D22DD9ED40C021310AF4B7DF6240,A773E3A7-0B08-4571-BECF-B92A040C27C9,17-11-2012
12937,302 Camelback Ct.,,Long Beach,9,90802,0xE6100000010C1E7E67A9DEDF40405729E281608E5DC0,0EB6C7DE-D0D1-4E13-A1CA-4322ED3AE4C6,24-02-2014
12938,7710 Pine St,,Burlingame,9,94010,0xE6100000010C88133C7314CE42407287892D80965EC0,9574AA67-4056-4E0F-980C-108CB3D0AFEF,24-06-2013
12939,7107 Vista Valley Rd.,,Brisbane,64,4000,0xE6100000010C68424B8CCF733BC08A516A3B5C196340,B2B6D9CB-49A6-4BC9-9C7A-5ACEB665E46D,27-04-2014
12940,"821, rue des Rosiers",,Roubaix,145,59100,0xE6100000010C2DB5EDFEE35F4940D96AB3FB98740940,639C09A7-5C93-49D0-A4CF-62CEEEC257C1,21-12-2013
12941,3968 Beauty,,Newcastle upon Tyne,14,NT20,0xE6100000010C9E16B27F53734B406AF6FD054CC4F9BF,FD8D0C44-D65B-460E-8200-CB27152FB9F1,25-05-2013
12942,1362 Somerset Place,,Bremerton,79,98312,0xE6100000010CE8FEEAB2B2C74740F2762C3AB6B55EC0,72CB6453-5F51-43EA-B90C-AA0DDB4222A1,22-05-2014
12943,7772 Golden Meadow,,Oakland,9,94611,0xE6100000010C1E302D3A65EB4240B2E79DAA6C835EC0,2F516D8A-4D63-4F28-8E32-48701FEE70C6,11-04-2014
12944,977 Delta View Ln.,,Yakima,79,98901,0xE6100000010C048350C18C5447409DA03BD90C175EC0,482A015B-1518-4007-8BA2-1AF579DB0E7C,23-03-2014
12945,2472 Alexander Place,,West Covina,9,91791,0xE6100000010C0E1DB1A7FE0D41401C921A2A976E5DC0,8F2D6927-81F0-48D0-92BD-64BC3C8C201E,15-12-2013
12946,8500 Byers Rd.,,Port Macquarie,50,2444,0xE6100000010C5EEC7F0D84563FC00733A5DFC2186340,A70AD6B1-99C4-4005-8837-45BDAB270176,29-10-2012
12947,8625 Woodcrest Drive,,Beverly Hills,9,90210,0xE6100000010CC46D031AC50D4140DA82F77F7BA15DC0,C17D5F46-92AC-49AE-B783-B126D280DF3B,17-04-2014
12948,623 Lakespring Place,,Springwood,50,2777,0xE6100000010C06AC807824D740C0696310E9ABD26240,A8FC4F11-4370-45C1-94B2-52A60E163453,04-07-2013
12949,8585 Los Gatos Ct.,,Lynnwood,79,98036,0xE6100000010CFA44A505E3E9474074F6680E9B9A5EC0,E084A851-D085-405E-9B6F-A5F7F7867895,20-02-2014
12950,336 E Eagle Peak Rd.,,National City,9,91950,0xE6100000010CEBB0B38E54504040BA6EF4CD1B455DC0,C7F504ED-4B93-4069-931B-DD651E06A8E6,15-03-2014
12951,6703 Corte Poquito,,Beaverton,58,97005,0xE6100000010C13603B9246C14640E5DECE28EAA95EC0,FF2D4952-8F64-489D-AC65-17870273DE5E,01-04-2014
12952,9854 Martindale Drive,,Berkeley,9,94704,0xE6100000010C34518385BEE842408546695039975EC0,FD61DD67-FDE3-4E63-8470-3F577278BD4E,26-05-2012
12953,1363 Mount Circle,,Royal Oak,7,V8X,0xE6100000010C11BD6CC7DE37484030527F3306D75EC0,5FCD0795-3B43-4D68-AF4F-B0F40A3A9FAF,11-05-2012
12954,"65bis, boulevard Saint Germain",,Saint Ouen,127,41100,0xE6100000010C534B1A5798E14740E3F568EF505FF13F,EA1E7B5F-FDF7-4C70-A55C-DBDF5B58F5A1,21-12-2013
12955,7985 Center Street,,Chula Vista,9,91910,0xE6100000010CB67DBA493C4E4040A36C05128F4F5DC0,10746821-4B00-4103-9FF9-2682E31F07DF,26-09-2013
12956,3748 Bellwood Dr.,,Newcastle,50,2300,0xE6100000010C039D9AFF857640C09DBE8442F7F76240,70D12BC9-B6BF-4D30-A49D-0D6E0F5EA21B,13-08-2012
12957,2899 Cimarron Drive,,Yakima,79,98901,0xE6100000010C98D82103895747409A73333C711C5EC0,239AF39C-5471-4CDF-8BAD-56997715FFF8,09-11-2013
12958,5979 Lynwood Drive,,London,14,W1X3SE,0xE6100000010CE22CB56F31BC494039F4347C514AC0BF,D5C9604D-B604-41D0-9F37-20B5886C342B,11-05-2013
12959,2431 Keith Court,,Renton,79,98055,0xE6100000010C5B1DEFF611B94740243323B37C835EC0,50D656CA-FF81-459F-9E8F-5CE52AC2C191,14-05-2013
12960,"84, rue de la Centenaire",,Villeneuve-d'Ascq,145,59491,0xE6100000010CD544E2E4194B4940E99A2DFD092E0940,332A1DDC-A2F8-4135-9106-199C48DDBA4A,21-12-2013
12961,Zollstr 62,,Saarlouis,70,66740,0xE6100000010CF08ED2B3049F48401E9B096F17F91A40,7AD4C566-E176-4439-A787-44E5BAB58D0E,21-02-2014
12962,41 Third Ave East,,Portland,58,97205,0xE6100000010CA429F4F45AC0464036D4BE7161AA5EC0,753412B8-9004-4B57-B6CE-788090D592B3,22-05-2014
12963,"46, rue Surcouf",,Orly,180,94310,0xE6100000010C3DA7CD6674634840ECB45E6EA22D0340,502432EF-3BB1-4FF8-BB74-2FCEB71BCFCE,21-12-2013
12964,9704 Pineknoll,,Melbourne,77,3000,0xE6100000010C433EDF56FFE842C0992F07B242196240,B1E8945E-B2B9-4625-8105-2352286C3290,13-08-2013
12965,Am Gallberg 94,,Hof,8,95010,0xE6100000010C4B5F74F4C0224940EBE00AFA9FD72740,806BF1C1-C77C-4B8A-AE5C-F49491259D0C,22-05-2012
12966,5462 Patricia,,Melbourne,77,3000,0xE6100000010CD30CA84A52EE42C018DB648700236240,10C09D79-AD10-440A-A5DD-F63B0EC0904F,21-02-2013
12967,8158 Pheasant Court,,Novato,9,94947,0xE6100000010CBD031651E80A434079B1AF8DF5A15EC0,4B4E464C-7EA3-4776-9CE4-17219480E378,18-03-2014
12968,9610 Moccasin Ct,,Bellingham,79,98225,0xE6100000010C608733759E6548407A253CB8FFA35EC0,BB1F526D-0788-4DC7-9E9A-316FAE155A1F,13-12-2011
12969,6490 El Camino,,Coronado,9,92118,0xE6100000010C0E63ED8BFE5A404030D556356C4B5DC0,666FE684-FCA1-4477-B163-790A6B5224A0,30-03-2012
12970,3594 Vista Del Sol,,Newcastle upon Tyne,14,NT20,0xE6100000010C1E85F94AEB844B40BB354B2E86CFF9BF,58AF3409-6851-46EB-9E5B-9DB87EEC9AB4,05-10-2013
12971,9440 Oakshire Place,,Oregon City,58,97045,0xE6100000010C8A48F1479DB04640D7CC7F9FCF965EC0,920D355F-0667-424C-83AB-82928159E48B,14-04-2013
12972,682 Ambush Dr..,,Shawnee,7,V9B 2C3,0xE6100000010CF438103CFA3B48409B3ED0DCB3E75EC0,D68854C7-712B-404E-97F8-28614673E89F,31-05-2014
12973,3429 Fourth Street,,Oxon,14,OX16 8RS,0xE6100000010C00000000000000000000000000000000,A50D7458-5278-4AE7-BE2E-2FBB2426E18C,05-03-2013
12974,3886 Valencia Place,,Ballard,79,98107,0xE6100000010C24BEA9372ED94740561C642B93945EC0,7D7E310F-7225-4A55-A75B-66AFFD43BB76,18-04-2014
12975,8840 D Crane Ct,,Victoria,7,V8V,0xE6100000010C12A87F0A683C48403279FE287CCB5EC0,6A84FC86-A5C3-4AE4-BC9A-2C7A473AC329,22-09-2013
12976,3245 Vista Oak Dr.,,Port Orchard,79,98366,0xE6100000010C1E3D79C3AABE4740116E8D4AE19E5EC0,3499A501-4B10-4487-9312-383CA58FCD7F,07-07-2013
12977,1617 Crossbow Way,,Colma,9,94014,0xE6100000010C9364348B55D74240D1971980A29D5EC0,C6B756B2-DF8B-47EC-8E51-B034E607667D,16-03-2012
12978,7008 Mines Road,,Newcastle upon Tyne,14,NT20,0xE6100000010CC57150ED957E4B402EDBBAB9CED4F9BF,6E169129-221E-498D-A2D3-935D790D62DF,04-04-2014
12979,896 Southdale,,Beaverton,58,97005,0xE6100000010C546A331909BC4640EDF507F1C6BC5EC0,051044C9-7841-41DC-B8EB-8CBA007C5B8E,17-11-2012
12980,3585 Holly Oak Dr.,,Goulburn,50,2580,0xE6100000010C4E4FCCC7894741C016B88491F1B86240,DE61D269-9E71-4FEF-9817-E1EB1E874819,15-11-2012
12981,5809 Mount Aire Parkway,,Lake Oswego,58,97034,0xE6100000010C669D119BC3AE464098194960E7A65EC0,A8DCBAB0-F693-4BF8-ADBA-EBC73D710705,08-11-2013
12982,2685 Blackburn Ct,,Long Beach,9,90802,0xE6100000010C2841939776E24040BEAD628FB2965DC0,CC829A6B-0AC2-41EC-92EC-1DEAFB7133A6,31-05-2013
12983,509 Lynwood Drive,,Spokane,79,99202,0xE6100000010CD8224D8D6FDE47409C7768F1675E5DC0,BDD559D9-4788-473C-B8F6-53E8A05A64AC,11-09-2013
12984,1502 Marion Ct.,,Coffs Harbour,50,2450,0xE6100000010C4CE7FCD723313EC0F0121AF3721F6340,C4CCC017-1B4D-40EC-B548-21847D5C35C7,23-03-2013
12985,4197 Ironwood Drive,# 1,Fremont,9,94536,0xE6100000010C13E7B0CAE4CF42402C78B092527D5EC0,916662AA-71F3-4CFF-82E6-B288EEB05849,28-05-2014
12986,"356, avenue des Laurentides",,Les Ulis,177,91940,0xE6100000010C8D2503367B594840CB998042744E0140,C8126875-6DDC-4C79-AB94-1E0C105F7DBD,21-12-2013
12987,2275 Valley Blvd.,,Berkeley,9,94704,0xE6100000010C3DFED48B60F44240E1CD216D0D8D5EC0,2CF017A6-8D17-4A07-B4EF-81EC3CCCB830,29-04-2013
12988,3788 Gordon Ct.,,Cliffside,7,V8Y 1L1,0xE6100000010CB0030276D83E4840D4CA46A8A5D75EC0,9A00F8D9-9914-4B82-B311-58DC0BF6E633,28-05-2014
12989,"99, route de Marseille",,Saint Germain en Laye,164,78100,0xE6100000010CA40FED6CDA7C48407F29EC6894C80040,976B379B-3579-4609-9EDB-FAB2F541D7E2,21-12-2013
12990,3302 Trujillo,# 112,Oak Bay,7,V8P,0xE6100000010C0D5CDFC5C62F4840897CAC7E5ED05EC0,5F01AC9F-5A84-4793-A772-A6B74F35697A,25-01-2014
12991,3753 Shenandoah Drive,,Oxford,14,OX14 4SE,0xE6100000010CFBC3DA3729D549402C53E653E581F4BF,884C1947-6C68-4409-904E-301A15B47EC2,18-09-2013
12992,2082 Satin Court,,South Melbourne,77,3205,0xE6100000010C2DF4FBABCAE442C00B0B0F3F421E6240,7EC13E93-B7F7-45F6-A4E8-AB153647440B,16-10-2011
12993,3597 Pine St.,,Sedro Woolley,79,98284,0xE6100000010C3331C4E4BF444840105DFFE9317D5EC0,105F0E7D-441E-4BAA-9150-2FE6C7C7570A,11-03-2014
12994,4838 Second Street,,Coronado,9,92118,0xE6100000010C9F4458CDE158404056C178226D3F5DC0,B2E43A46-F517-4202-9CB8-15E0AE44CA39,30-10-2012
12995,"835, avenue des Laurentides",,Paris,161,75019,0xE6100000010C0ED3DCDBAC7948408EA3FD74F11A0340,B2F4D0FC-289A-419B-A38A-B045BE4894C7,21-12-2013
12996,8042 Placer Dr.,,Colma,9,94014,0xE6100000010C7E77B51F1FDD4240BF4A8F5B41A65EC0,F7767BE6-7D30-4B47-8916-3E9BE0B95F94,09-03-2014
12997,9537 Ridgewood Drive,,Daly City,9,94015,0xE6100000010C127A03C0C7DD4240BEB92C8C7C995EC0,6174A5CE-8958-4DA1-890F-672C435D3CC9,04-03-2014
12998,5652 East View Place,,West Covina,9,91791,0xE6100000010C88E203A9810A41405C5ABBD06A7B5DC0,6CE2FC06-4D6A-42BE-9E6F-45CD703577A4,18-02-2014
12999,7401 Las Palmas,,Langford,7,V9,0xE6100000010CF4F60B73414048403AF1DC32DEE05EC0,CF523B81-A6CB-45B2-9701-198021567D07,09-11-2013
13000,3770 Viewpoint Ct,,Everett,79,98201,0xE6100000010CBBBB7B282801484001954D1199915EC0,E9E8E213-B6FF-4BEF-A34F-EE32E343C972,14-01-2014
13001,4091 Hill Meadow Pl.,,Newcastle,50,2300,0xE6100000010C23C61B38E57940C05DF0DA8B9FF26240,CADD765C-2779-467A-9FB8-532C09707AAE,24-07-2011
13002,8429 East Narrows Drive,,Puyallup,79,98371,0xE6100000010C8F15A007A69247401A17770465965EC0,1DD88586-1FAD-4809-8556-290DDDD43CDD,08-11-2013
13003,9860 Brookview Drive,,East Brisbane,64,4169,0xE6100000010C2959B127EF7A3BC007E9F2355E1F6340,5395B838-14DC-4E3E-89C3-83089F8543A1,17-03-2012
13004,5051 Teakwood Dr,,Port Macquarie,50,2444,0xE6100000010C581E62CEFE683FC04B0383D41E1F6340,7FF6F83A-654D-4111-A849-5403BCAA8C93,22-02-2013
13005,2119 Little Dr,,Beaverton,58,97005,0xE6100000010C64BD183433BD4640AB180F8A22BF5EC0,039ED3CC-243E-4128-92A9-55729FDE6E9C,09-07-2013
13006,9964 North Ridge Drive,,Burien,79,98168,0xE6100000010C5DEA7A4194C047400E6C3972528A5EC0,7C38EEBE-3597-45FC-8BCA-7EEADFF53FB5,05-11-2013
13007,9497 Candelero Place,,Downey,9,90241,0xE6100000010CF5A3840CF8F84040F508099BCF905DC0,F8FA6871-843A-48CA-8AC0-0A64D8135FC1,07-01-2014
13008,4665 Military Way E.,,Port Hammond,7,V6B 3P7,0xE6100000010C515904B09DA148402FA455D115BC5EC0,E9A36433-7760-4489-AAE4-9F3E9D296B88,05-05-2014
13009,1828 Robinson Ave.,,Concord,9,94519,0xE6100000010CB304A9ADFCFE4240E17B8317BB7B5EC0,0E114A29-6CBA-4DDF-8CE9-3698BD2CBCD9,18-03-2014
13010,3448 Sun View Terr.,,Colma,9,94014,0xE6100000010CF9A22914DAD6424073EBEC40119C5EC0,CB9C52FE-CA8B-44E1-95C6-2FA357BDED1D,19-11-2013
13011,4451 Larkin Dr.,,San Carlos,9,94070,0xE6100000010C594D9A2E8AC54240BBA30C7B99925EC0,05EB8DD2-DBAB-40AD-A22C-6A730FEECB5D,11-10-2011
13012,4222 San Jose Dr.,,North Sydney,50,2055,0xE6100000010CB041905E53EE40C0FE24E7158BE86240,EBA75CC0-69E8-4CA7-ADF5-B46355E24A68,09-05-2012
13013,Waldstr 21,,Stuttgart,70,70511,0xE6100000010CADC1A19A7A604840CAFB907B385C2240,30BB8A61-E50A-4E5C-BE0B-0550529016D1,24-08-2013
13014,2529 Clear Court,,Beverly Hills,9,90210,0xE6100000010C6364F90B060C4140E291B2475B955DC0,E860EDAB-13D1-4DED-8D0F-BB02FB3CFD83,18-08-2013
13015,5225 Harbor View Dr,,Milwaukie,58,97222,0xE6100000010CA4309BD3D1B1464058C170A16DB15EC0,B17468AF-CCDC-4207-A7F0-12FDF2A77327,06-09-2013
13016,Wertheimer Straße 822,,Sulzbach Taunus,70,66272,0xE6100000010C00000000000000000000000000000000,E4E27372-C309-4D96-93C2-0EEEEAFB8C55,27-05-2014
13017,Am Grossen Dern 9824,,Ingolstadt,8,85049,0xE6100000010CAB241306EC584840AA30966FA6A72640,FF52BFE5-EA31-44CE-A1CC-4DA33968FEE7,16-04-2014
13018,Heiderplatz 918,,Essen,20,45001,0xE6100000010C00000000000000000000000000000000,5813B6F4-A438-4B45-B52D-D3A917F750ED,20-01-2013
13019,"93, impasse Ste-Madeleine",,Paris,161,75007,0xE6100000010CC1C9913C36644840A5C2511F017E0240,6C7014BF-D626-4657-AA6D-4A9997464881,21-12-2013
13020,5092 Crane Court,,Watford,14,WA3,0xE6100000010CC0F9D88B8DC949406D7A89152803D9BF,2425CC7E-2F94-41B6-95B0-7FC072B0EBB4,22-12-2012
13021,8296 Glen Court,,Vancouver,7,V7L 4J4,0xE6100000010C446AA5F78BA34840201E47B174BB5EC0,17A211BA-AA4D-40F0-A688-E22378235E30,27-01-2014
13022,"345, rue des Grands Champs",,Saint Ouen,127,41100,0xE6100000010C8238BEDF40E8474092FD1E3CFDE9F23F,3059DD52-7052-4521-9F32-BAE46989D815,21-12-2013
13023,9791 Harvard Court,# 4,Tacoma,79,98403,0xE6100000010C6A2191FF04A7474002EB3964FF9D5EC0,45A7C5FA-7313-4D13-BC54-906B9CE3BEFF,18-02-2014
13024,5906 Walnut Place,,Royal Oak,7,V8X,0xE6100000010CFC2A6C3F0236484092A638D02EDA5EC0,D36CCF65-3157-4730-8C23-8B8A29823D87,25-03-2014
13025,7655 Greer Ave,,Fremont,9,94536,0xE6100000010C390B28E00BCC42404134D4FDE8855EC0,0F4344CD-2CC3-4455-81F7-806DBB5CD4E8,27-12-2013
13026,2228 Ashford Court,,Lavender Bay,50,2060,0xE6100000010CCFE08B4C6AED40C0F66A376AA7E16240,D31B1874-5129-4290-ADEB-AAB4BC06C938,23-11-2011
13027,4024 Montana,# 113,Westminster,7,V3L 1E7,0xE6100000010CF0169D450FA24840489BA3FDA4B75EC0,F1B8F7AE-F466-4ECA-9983-CB59FB4FFBDB,14-05-2014
13028,7430 Ravenwood,,North Ryde,50,2113,0xE6100000010CE351E14CE6E840C00A19AD0ED4E16240,7394FABA-CFEE-4AA9-B2BE-B99069EC76E3,29-05-2013
13029,8683 San Antonio,,Grossmont,9,91941,0xE6100000010C0B72E9F6466340405BDA320046465DC0,67A1E4D5-885E-43DC-9AF5-8D6AF05B263A,30-05-2014
13030,9830 May Way,,Mill Valley,9,94941,0xE6100000010C5805C95379EE4240AA92D15C2B9E5EC0,16D368FD-8C4B-4346-A984-A344FCF96436,30-03-2014
13031,7400 Robinson Street,,Victoria,7,V8V,0xE6100000010CE62FB14FDE314840A346882B39DF5EC0,9E2ED636-FDAA-4EFD-BC04-D0ACB67CB08D,12-11-2013
13032,Bundesallee 4424,,Leipzig,53,4139,0xE6100000010C00000000000000000000000000000000,54664E83-1570-48AD-B660-40A5A4E16F44,06-02-2013
13033,4277 La Cruz,,Port Hammond,7,V6B 3P7,0xE6100000010CF02748B48DA848406A13CDC7B0C85EC0,416AB203-5CD8-41DA-9DC9-2CD5C057F11F,02-02-2014
13034,8874 Dallas Drive,,London,14,W10 6BL,0xE6100000010CFE37C89A94C74940AD997A7FA5FCCBBF,6719314E-326D-4E20-861E-C685E69E3497,13-07-2013
13035,1887 Mt. Diablo St,,Seattle,79,98104,0xE6100000010C52B340978BD4474056DA914EDB8E5EC0,9A509BC4-0178-464A-AA48-EC1C2DB09652,05-01-2014
13036,9963 Pacific,,Ballard,79,98107,0xE6100000010CC40169DC02DB4740BFA767AE5B955EC0,68A3EDC3-116C-450C-970F-D374B71D4CE7,11-06-2011
13037,8222 Northridge Road,,London,14,SW6 SBY,0xE6100000010C3668BDD9BDC64940F218AA8B5140C0BF,3E678960-3153-4D94-A2A8-EFEFAD28A16B,30-04-2013
13038,7499 Yolanda Circle,,London,14,EC1R 0DU,0xE6100000010C18D6044DF9BE49403EA174834323BBBF,AC114564-F921-4764-9C89-A165802CC15F,07-07-2013
13039,2288 Gingham Way,,Beaverton,58,97005,0xE6100000010C43C468E3B4B946409185DF8D6AAF5EC0,3EF8C6B1-2191-49F6-BEED-DA5E741A1A34,08-12-2012
13040,5 Curletto Dr.,,Mill Valley,9,94941,0xE6100000010C995757814BF44240AE13F82B36B05EC0,C528DE36-C024-4610-AD47-D3B507B7410E,19-05-2013
13041,2823 Pheasant Court,,West Sussex,14,RH15 9UD,0xE6100000010C00000000000000000000000000000000,7365E3C1-895A-4CB3-A62F-F7E8CBF48C2D,14-07-2013
13042,8335 West Hook Road,,Edmonds,79,98020,0xE6100000010C07F3C9E4FCEE474076F453B9578F5EC0,B4129260-1918-462B-8A3A-6C9F12638067,19-12-2013
13043,321 Concerto Circle,,Lake Oswego,58,97034,0xE6100000010C33B3353DA5B846408F87F86079A85EC0,01214E97-6AF0-4230-AFF7-5DCC3675C94A,22-11-2013
13044,2527 Mohawk Drive,,Sooke,7,V0,0xE6100000010CDABC8EEA39354840BCC526DFE1E65EC0,F7452537-1978-439F-A860-261CF858A4F8,15-08-2013
13045,8306 Sun Tree Lane,,Silverwater,50,2264,0xE6100000010CED0FE3CE879540C0929B4E5708EF6240,10D9F14B-66CB-4BF4-A1B7-F43426961373,13-07-2013
13046,2487 Riverside Drive,,Melbourne,77,3000,0xE6100000010CF5EAB80D73EA42C06BEF5B0513226240,B232FCD0-6DFD-4D2B-852A-C446A7C993F1,29-09-2013
13047,5731 La Mar Ct.,,El Cajon,9,92020,0xE6100000010CDBE1926E2F664040E141A1C9DC405DC0,DAF6AC4B-1811-4465-9ECE-7D95547D1C40,03-05-2014
13048,7227 Landing Terrace,,El Cajon,9,92020,0xE6100000010CE4A7C00F106C4040721957211D405DC0,307A7A51-7EDC-4A0C-97F5-6A4FB69BA737,24-05-2014
13049,686 Argonne Drive,,Geelong,77,3220,0xE6100000010CA534AC5BBE1243C035A724EBC2086240,64F5E52B-4B52-4958-99AC-58128526ACA1,05-10-2011
13050,5091 Laurel Dr.,,Renton,79,98055,0xE6100000010C44B610F6DAB74740B4C79B8E9D865EC0,5F653BA9-36B1-4706-8400-9BC093933E31,26-08-2013
13051,Am Kreuz 4065,,Darmstadt,19,64283,0xE6100000010C71744DA5C0E7484079649199134F2140,AC58267A-9E27-460B-A0BB-4EAAC98A4726,20-12-2012
13052,1459 Placer Dr.,,Salem,58,97301,0xE6100000010C0E50D4F3FD6F4640BA3FFF3EF0CB5EC0,E4901B5A-B025-46D5-AE79-C81A8BC43FB7,14-05-2012
13053,Kalkweg 25,,Hamburg,20,20354,0xE6100000010C66F09587B4C04A408F5D2F5DE2FB2340,CA348675-BA2C-477B-8ED7-72064746C13F,22-04-2014
13054,1977 Sun Rise Drive,,Hervey Bay,64,4655,0xE6100000010CDA053577EA5439C0297B866B691D6340,407557D3-5B96-47BE-A68B-9CA824F0B128,29-11-2012
13055,2741 Orangewood Dr.,,Long Beach,9,90802,0xE6100000010CF0B24EC383E84040295656F1598B5DC0,7F92C186-1BDD-4D45-9570-AFBCDE16A911,21-04-2014
13056,7859 Green Valley Road,,London,14,W1V 5RN,0xE6100000010CC8A1D31B37BA49405B74BB899141C0BF,C7F3377B-BE45-4F04-8379-D8DD229ED416,17-02-2014
13057,7654 Heather Pl.,,Walla Walla,79,99362,0xE6100000010CBAD70F7F6405474067B2ADECCE905DC0,28B0AE36-453B-4810-8E4E-B4FC264DEE5E,26-08-2013
13058,7186 View Dr.,,Lebanon,58,97355,0xE6100000010CD8551FEF524146404FF8146E06A85EC0,9BC1DC9E-2D67-4382-AD88-53C90D36223A,24-07-2012
13059,2354 Frame Ln.,,Los Angeles,9,90012,0xE6100000010C51CBC09205074140C8679AC1C0995DC0,47C82BBA-7E05-438C-9DC8-5FD9A930B0CE,25-05-2014
13060,2141 Delaware Ct.,,Downey,9,90241,0xE6100000010C0858337DD6F94040AF211670AA7E5DC0,A1A34B3D-E3A0-4372-A2C3-1395D73E45CA,13-07-2013
13061,9218 Old Mt. View Drive,,Hobart,71,7001,0xE6100000010CB766080A3F6B45C06E25DE918D696240,E2428ABC-E4B1-4A89-A133-144C5CC1C758,15-12-2011
13062,3704 Panoramic Drive,,London,14,W1X3SE,0xE6100000010CBE3B378AD4BE494016AB062CFC46C0BF,BD61B335-8555-474D-8916-45D894206234,16-11-2013
13063,3880 95th St.,,Beaverton,58,97005,0xE6100000010C64BD183433BD464053CBEDBF21B45EC0,EF1445B1-8736-4646-BBE9-A7628A71D10B,28-03-2014
13064,9996 Solano Drive,,Burlingame,9,94010,0xE6100000010CCA832019A3CC424039BA5CAC95925EC0,B9BDF572-3C8E-4290-80AD-A1B1B44844AB,14-12-2013
13065,8521 Knewal Rd,,Matraville,50,2036,0xE6100000010C7724F09F1D0041C091AEFBCDB7E36240,4A11B600-2A32-4F05-9019-0F4C5C4F87F6,24-01-2012
13066,782 West Way,,York,14,YO15,0xE6100000010CD371CD7D58124B40ADD245A0954BF2BF,8A383C75-69EE-4086-AC83-08BA3F5710A1,01-09-2013
13067,2 Fall Creek Road,,West Covina,9,91791,0xE6100000010C5F4F2C4A7407414098B1A6F82B7C5DC0,AE87B298-6135-40C1-815A-F776367C29AC,02-12-2013
13068,259 True Drive,,Santa Monica,9,90401,0xE6100000010C746EDD084D0441401B8F8F9BC2A85DC0,6BBDBF54-D14B-4E22-B134-E3EE63BEEC3C,22-05-2014
13069,1246 Newport Drive,,Spring Valley,9,91977,0xE6100000010C1EFC460B416040401E33ED63093B5DC0,C1DD03B0-083E-4FB0-B7CA-71398645D514,20-03-2014
13070,"2, route de Marseille",,Roncq,145,59223,0xE6100000010CC223B2C2176849406FC0A881E8F60840,86700B0E-9191-45A0-A84C-0C4E7838DED3,21-12-2013
13071,1540 St. Raphael Drive,,Metchosin,7,V9,0xE6100000010C9D6E098E052D4840EEF9667044DE5EC0,31757276-A05F-46EE-BD9F-6A0CDCAF1594,21-08-2013
13072,2781 Cresent Dr.,,Versailles,164,78000,0xE6100000010C5C7BE88EEF6748406B311156C9F60040,27DCAB2C-D699-4F90-BA4C-16BECA22B348,21-12-2013
13073,Postfach 2 66 66,,Solingen,53,42651,0xE6100000010C50D2B0586B9C4940ECE8D92293661C40,3D327668-5650-4D3F-BA68-BA9D28C155C7,28-12-2012
13074,5985 Bouncing Road,,Lakewood,9,90712,0xE6100000010C0822FE8836F24040F9FD4A9AB4945DC0,5A1FD931-6C03-43BB-B4D5-836B01C347CC,15-03-2014
13075,8309 Colonial Way,,Lane Cove,50,1597,0xE6100000010CC58B71EC00EA40C08D195DCEE1E56240,FAA9CD14-6A1C-4ADC-8A72-FB5048AC881D,12-01-2014
13076,7481 Crown Ct.,,Bellflower,9,90706,0xE6100000010C04789095EDF54040C6DF827B9F925DC0,C1F4ED1C-D5DC-4076-A416-FB747CFD5371,16-07-2013
13077,Alte Landstr 991,,Berlin,19,14129,0xE6100000010C5696768AE22F4A4080C71AA837652A40,436D48F9-917E-484A-BC52-BF29692A3538,28-12-2011
13078,3595 Santa Fe,,Novato,9,94947,0xE6100000010C3C19B192AF1343401E10852F29AC5EC0,385AE9D1-734A-43D7-A985-9B49E4B39B0B,17-09-2013
13079,"081, boulevard du Montparnasse",,Seattle,79,98104,0xE6100000010C3091CBA41BD247409FEA9D6940985EC0,EE51D99C-8EE2-442C-8141-33D7553B0414,06-12-2013
13080,"11, rue Descartes",,Versailles,164,78000,0xE6100000010C0BC6C24DCF69484097DE3EF58BEE0040,0BF3E1A2-89BD-4281-91A1-38D66C36F0FE,21-12-2013
13081,Am Karlshof 6883,,Darmstadt,19,64283,0xE6100000010C2562D04335F74840AE20DB130E502140,A76D10F1-5BD8-4E44-9AC0-3F20FB0CE03D,27-05-2014
13082,Heideweg 1442,,Werne,53,59368,0xE6100000010CB8782F6670DD4940A4C1B2DE74801E40,AA7ED078-570A-44E6-97C7-9DDE0AEBEBE3,11-04-2013
13083,5615 Rock Oak Road,,Metchosin,7,V9,0xE6100000010CF46E813C6839484068082A0B86D95EC0,BDE27AB2-8EE9-4465-8196-34A4B82A2855,17-10-2013
13084,275 South Ranchford Ct,,Melbourne,77,3000,0xE6100000010C2BA7DA93B4E242C0306560C689226240,7DD74116-18A6-4084-AF9C-A313BC6E6D77,07-11-2011
13085,7611 Kim Court,,London,14,EC1R 0DU,0xE6100000010CFEE5B53ED8CA49403BE58AB5B51DBBBF,40992EB9-6A3F-46F8-B667-39972C831F04,21-07-2013
13086,6897 Pome Court,,Portland,58,97205,0xE6100000010CE24716DFD9C04640C7F9EEE151AF5EC0,89FA9A90-D6D9-4503-B54D-61134EAE9C80,20-08-2013
13087,1811 Cashew Lane,,Port Hammond,7,V6B 3P7,0xE6100000010C85C546E107A64840C3B8D7A191D05EC0,8D89F993-FB93-4FA5-B43E-E19C35E703ED,23-08-2013
13088,135 Grant Street,,Townsville,64,4810,0xE6100000010C70DF0C83043733C0F4CC8A34F9566240,3C0CB102-74FC-4A9F-9393-A883533E5415,20-09-2013
13089,1343 Prospect St,,Marysville,79,98270,0xE6100000010C1C6B5B4D840B4840AFB614F977895EC0,A1D79DD8-9384-4A0E-96B6-7F6AC2F9E2C8,02-11-2013
13090,6510 Hacienda Drive,,Imperial Beach,9,91932,0xE6100000010C1D3ED248004940402F325B50534E5DC0,0010F44C-98E9-411C-A12B-C8EB0731F50E,11-04-2014
13091,1288 Vista Del Rio,,Coffs Harbour,50,2450,0xE6100000010CD3122519CA243EC0C8999E895D236340,7B576702-542F-4ABF-960D-2AF3EF857EE9,09-07-2013
13092,Am Karlshof 75,,Ingolstadt,8,85049,0xE6100000010CC590A953A7664840E10307B701B52640,310DFBA2-9982-439F-80CA-80702D2E2F90,29-10-2012
13093,6296 Elmonte Drive,,Oregon City,58,97045,0xE6100000010C52701BF821AD464033FC432EC5AC5EC0,818753B6-DC78-46E9-8C59-9F2519142421,27-06-2012
13094,Zeiter Weg 2264,,Sulzbach Taunus,70,66272,0xE6100000010C00000000000000000000000000000000,EDEC0FBF-58B1-49B2-8418-24A74FD1D832,22-09-2013
13095,7070 W. Watson Court,,Yakima,79,98901,0xE6100000010CE1826C33C25247409A73333C711C5EC0,76C2C6FB-1F63-40EA-AE4D-EF4CE1FF0640,10-12-2013
13096,Herzogstr 5772,,Offenbach,70,63009,0xE6100000010C19D1BD0F5D044940929C13F8B6862140,A35F049B-0F3A-4BDB-BCF3-D649047F8C55,10-11-2012
13097,5402 Panorama Drive,,Glendale,9,91203,0xE6100000010C980A644F2D16414086E934B053995DC0,FACCA100-A111-4715-89E0-299430F1E78E,12-09-2013
13098,2279 Pineview Lane,,Bellingham,79,98225,0xE6100000010C183081DB605F48407A253CB8FFA35EC0,B04F2725-6FE3-4B6A-9AF7-645763AB3B7A,17-05-2014
13099,7644 Browning Place,,Newcastle upon Tyne,14,NT20,0xE6100000010C9308B88866814B40A50190F4A2C3F9BF,571C7141-8D41-488B-81C7-16126D1BF709,31-08-2013
13100,8352 Turning View Cricle Drive,,San Diego,9,92102,0xE6100000010CAE9DBE9D1B5E4040D61D15E9AF4F5DC0,4DA36744-CE87-48A1-90C3-6EBBAE465481,17-01-2014
13101,Postenweg 4642,,Solingen,53,42651,0xE6100000010C5A4A60B4B28C4940965010AFC1681C40,443C1883-4D14-4EBB-92AC-AE2133777679,18-02-2014
13102,"70, rue de l´Esplanade",,Tremblay-en-France,179,93290,0xE6100000010CAC58649903814840F8825BDD40760440,BF221243-65C8-4FCF-A2D6-64002BFFF941,21-12-2013
13103,4010 Willow Pass Road,,Goulburn,50,2580,0xE6100000010C236083C9C04941C03FEDB7316CB96240,467AD1C3-A5AC-4636-9F12-81D5338F54B8,18-06-2012
13104,6937 E. 42nd Street,,Downey,9,90241,0xE6100000010C12B28AB545FA4040752FDCCCD5935DC0,255D5ADD-7DC1-4F5F-83B1-7B362952E4B8,08-05-2014
13105,Kurfürstenstr 5094,,Berlin,20,14111,0xE6100000010CC92DC855823E4A4044AD2BDF65BE2A40,37E56977-39FA-4980-8C2C-6365C8573E9C,22-08-2013
13106,2798 Castlewood,,Marysville,79,98270,0xE6100000010C0E67323270104840BBBE84E131955EC0,3AD6F70F-DC9E-47C0-ABE4-C8B141B4E9D5,02-11-2011
13107,4293 Concord Ct.,,Everett,79,98201,0xE6100000010C4F4D16BDA0FB4740CE75EF9F15855EC0,9BFA94B4-BB31-487F-B85A-1B266DFD4023,08-11-2013
13108,Klara Straße 8463,,Bottrop,53,46236,0xE6100000010C65160CBF39BB49401070542BC8B01B40,48911DDB-4F84-459D-B9EE-C7E17C032494,30-04-2013
13109,7751 Lunar Lane,,Oregon City,58,97045,0xE6100000010CD1F9A2BA08B04640796611A433AB5EC0,EF7AF851-9C89-4777-A40D-BAD6A16F2B34,06-10-2013
13110,2157 Clark Creek Lane,,Daly City,9,94015,0xE6100000010C748B6C5755DC42404AECA611D0A65EC0,0FEC675A-68A0-485F-9DFF-A499A5B7FA8C,02-09-2013
13111,5869 Heights Avenue,,Walla Walla,79,99362,0xE6100000010C023D009292064740B3CC1582818B5DC0,A6F5EBA5-8EC2-4639-B10A-EB0EBB00BF45,26-12-2013
13112,3356 Eastgate Ave.,,Colma,9,94014,0xE6100000010CB7E749794CD84240D1971980A29D5EC0,6D0385D6-F9C8-49A9-842A-526A3F587712,28-02-2014
13113,529 Leewood Place,,Imperial Beach,9,91932,0xE6100000010C6523FA05164B40408AAF44A7134C5DC0,4D4BE9C0-6149-415C-A6AF-F66ADFCE88F7,09-06-2013
13114,9494 Buena Vista,,East Brisbane,64,4169,0xE6100000010C63B0C28060833BC06B7C5053D6206340,1851EE93-A705-4AEE-95B6-B743F4135F47,24-01-2014
13115,7151 Corte Bonita,,Kirkby,14,KB9,0xE6100000010C33636508AEB54A40B9C65F0A512107C0,1AC97BD6-7E8C-48EC-8A10-49E919700869,20-04-2014
13116,Wasserstr 64,,Saarbrücken,70,66001,0xE6100000010CEEF7BE54CE94484039467F8E19061C40,F37289ED-4D9C-462E-96C8-213E95242207,10-07-2013
13117,Pascalstr 756,,München,53,80074,0xE6100000010C00000000000000000000000000000000,0C7E8E39-FF0C-44C5-9983-2E144308B048,17-05-2012
13118,Viktoria-Luise-Platz 473,Verkaufsabteilung,Berlin,70,14197,0xE6100000010C8C60BF7F2C374A405FAD9B9588A42A40,46A34B4F-08A9-400A-8B68-4DEA920BEFEF,20-07-2013
13119,2515 Beauty St,,Hobart,71,7001,0xE6100000010C88D2C12EDC6645C06E868C4629706240,8DFCB488-6590-489D-94D5-16A0B29D5BD6,20-11-2013
13120,4720 Black Pine Lane,,Los Angeles,9,90012,0xE6100000010CFFD437BEFF0D41409B6C56513D985DC0,33E21D62-1517-4229-8690-08E941B0958D,08-04-2014
13121,"311, rue Villedo",,Bobigny,179,93000,0xE6100000010C0134CA11887348406765D677E4820340,49A78CF9-6FD5-4C2A-9127-1D15C47C2D0C,21-12-2013
13122,9568 Gold Crest Ct.,,Hobart,71,7001,0xE6100000010CE7FA4EE5A16F45C0B0B0D1BB14696240,95B13987-B406-4AC5-8DC7-D227A80FF05A,28-03-2013
13123,1597 Vista Del Sol,,Newton,7,V2M1P1,0xE6100000010C28CE7FEDD0FE4A40DAEFB1B279A65EC0,458F7AD0-BA9E-4360-B236-6124D5E93E00,28-12-2013
13124,"511, rue Villedo",,Dunkerque,145,59140,0xE6100000010CAF0586327F8349406008A0D874D10240,91FF7556-D77B-46B5-BFF3-F525AF7017C4,21-12-2013
13125,9206 West Rd.,,Everett,79,98201,0xE6100000010C2542C53B9D034840B7FEBA2482955EC0,48B4F45C-0F8E-45C7-9236-ABB0E291DA7C,22-02-2013
13126,7284 Adobe Dr.,,Edmonds,79,98020,0xE6100000010C2738BA0B27ED47401B955DB8E8905EC0,C26A5F09-4F17-4669-A916-3B798C16958D,25-02-2014
13127,9903 East Lane,,Beaverton,58,97005,0xE6100000010C43C468E3B4B9464057EEF4587DB65EC0,145EB4DF-B8A2-4E8C-86EB-81CD961DC6AA,27-07-2013
13128,7324 Mt. Tri-state Ct.,,San Diego,9,92102,0xE6100000010CCF8D52CB565A404090E5F306F04E5DC0,64E38423-17D4-4BE7-AF15-1355ECAA62FC,20-06-2014
13129,5656 Via Delaware,,Sedro Woolley,79,98284,0xE6100000010C04C4AF1D793648407C3DDFA3088C5EC0,C4CC3355-10D5-4136-9A00-4F78F6D31128,28-06-2011
13130,"215, avenue de la Gare",,Saint Germain en Laye,164,78100,0xE6100000010C2BD9BEA5B26F48408298A8D328CB0040,256AF51F-60A3-4DC8-8294-37C88B95999C,21-12-2013
13131,"6, rue des Vendangeurs",,Croix,145,59170,0xE6100000010C5A10D091155C4940998A1ED0853E0940,BAD076AC-97C5-4EE4-8D2B-AFBD9A4D7EAA,21-12-2013
13132,3244 E Eagle Peak Rd.,,Port Hammond,7,V6B 3P7,0xE6100000010CE7F602DD179F4840B8F65A3E06C05EC0,E30DCE1E-BEAF-4CCE-A971-9EA0DB51B509,13-01-2014
13133,"219, rue Descartes",,Les Ulis,177,91940,0xE6100000010C72C4C1BE61514840DAA7F8B400520140,E427916E-B360-43C5-9314-F3DE93E8430F,21-12-2013
13134,6448 Castle Court,,Chula Vista,9,91910,0xE6100000010CA4B1C996A14F40406E36D8041C4A5DC0,D2AF90CA-CC24-42B7-B4AB-99CABC1E1738,27-04-2014
13135,5278 Tanager Court,,London,14,SE1 8HL,0xE6100000010C6797461288C749409F36277016E3BABF,FD682CA1-4BC1-4037-938C-97F3B646041F,04-10-2013
13136,7943 Walnut Ave,,Chula Vista,9,91910,0xE6100000010C732F7975484C40407C0AA703E9405DC0,F08ED6C5-3070-480C-8788-F3BAB4E31EEB,25-06-2012
13137,"26, rue de l´Esplanade",,Chatou,164,78400,0xE6100000010C0379F720837B484014ADDAF752380140,E968CF0C-5E30-4532-B809-4E892305952B,21-12-2013
13138,7 Churchill Dr.,,Corvallis,58,97330,0xE6100000010C771D7528464E464065D5DE174BD65EC0,16D230D4-F5AE-42A5-803A-AEBA80B59569,26-12-2013
13139,476 Bay Drive,,Hobart,71,7001,0xE6100000010CFDFF58D34F6645C039FE214FD3756240,D280A720-7B6E-484F-93FE-56E13057282E,02-02-2014
13140,7725 Camel Pl.,,Townsville,64,4810,0xE6100000010C644D54967A3933C04BE8CF67DE506240,5EDED7AD-8660-4BFC-AA1D-377ECAB73BC5,28-01-2014
13141,6834 Violetta,,York,14,YO15,0xE6100000010CDEEB2861A5F84A4074DCC3585153F1BF,A0E01F64-1FBD-4D6E-B63A-C70D4395A6C6,06-12-2013
13142,8612 Pembrook Court,,Perth,66,6006,0xE6100000010C8322D371DBED3FC08204C728CD015D40,C78027E6-AC7A-40A8-AAFB-E4E0D14A46B2,20-05-2013
13143,3457 Bel Air Drive,,Redwood City,9,94063,0xE6100000010C1D95CCFA9FB74240ED0F4348AF815EC0,8E6F8BC8-23F0-412B-A7E4-671C52FD9DFD,05-12-2013
13144,8370 Birchwood Dr,,Imperial Beach,9,91932,0xE6100000010C3C00AFC7D5494040CCAA175594475DC0,18710A60-79F2-4144-89CA-16B310A1592A,04-05-2014
13145,2257 Gate Drive,,Silverwater,50,2264,0xE6100000010CB2CBD25FF49540C038C0A46984EF6240,B8FEB99B-11CE-4CCA-8899-B7412DFAA652,02-08-2012
13146,Hauptstr 6057,,München,53,80074,0xE6100000010C00000000000000000000000000000000,927A18E4-6E9D-4DB7-84F8-4ED6F2291910,29-08-2013
13147,7902 Grammercy Lane,Unit C,Santa Cruz,9,95062,0xE6100000010C6EC52FDA3B7B424049A51C4E9E7B5EC0,E5AF4CE0-D122-4986-98C2-33BE04651E8A,09-05-2013
13148,3070 Sahara Drive,,Gold Coast,64,4217,0xE6100000010C105197E4FFFC3BC0DC2A38FD922B6340,34908EB7-F31F-4825-9F22-53E6FC8BD408,01-07-2013
13149,934 Acardia Pl,,Watford,14,WA3,0xE6100000010C1A26F96467DB4940B4553BDA320AD9BF,6D1C330C-DEEF-4DEE-9E51-DFB22A58E1EF,30-01-2014
13150,975 Madrid,,Concord,9,94519,0xE6100000010C5D90485E73044340B787D5DE8C805EC0,029FF8E0-6ABD-46EF-8E66-E9D38C163D92,14-05-2014
13151,494 Crown Court,,Bendigo,77,3550,0xE6100000010C97EF286FD86242C074141860D50F6240,9C415E91-5133-4920-8ACD-B4F3A87D96E8,30-10-2013
13152,1962 Ferndale Lane,,Lemon Grove,9,91945,0xE6100000010CCB798BCA7A6240405AF299067E4D5DC0,09C5985E-84F1-4545-8618-8B9E60D5D0FE,05-12-2011
13153,4912 Mellowood Street,,Sooke,7,V0,0xE6100000010C16ECB39C45304840138C9893EDF55EC0,25BADDB5-8A41-4E0F-9534-68A6ED8F84AE,09-10-2013
13154,8361 Flora Ave.,,Runcorn,14,TY31,0xE6100000010CA238A13A91A74A4032E0DE075FAE05C0,6D9BA44B-6245-4F38-97A1-C35FC0AD96D1,23-03-2014
13155,Zimmerstr 11,,Erlangen,8,91054,0xE6100000010CF2A65784ABD648406099622825102640,7D233EC9-6C21-41D5-ACD3-FB2707CE55BD,19-03-2012
13156,6702 Smiling Tree Court,,Burbank,9,91502,0xE6100000010CBD80AFB885124140D0EB11B9269C5DC0,C4F053F2-C5D6-48D9-B30C-E4D8AAA75A6F,16-06-2014
13157,97 Hermosa,,Salem,58,97301,0xE6100000010CA657B940E47D464072FD68743DC95EC0,C18462F1-AE3A-4C98-B928-D366F855057A,08-10-2011
13158,Bundesallee 7576,,München,53,80074,0xE6100000010C00000000000000000000000000000000,5B0DF73C-3807-453A-9079-F6EF75047BEB,05-01-2014
13159,4312 Cambridge Drive,,Billericay,14,CM11,0xE6100000010C7BA28D4CB4C84940C4FD8CA54EB5DA3F,2ABAA781-6DD6-40A2-A4D4-7C79687B9A82,08-08-2013
13160,6061 St. Paul Way,,Everett,79,98201,0xE6100000010C81C80E4F120648401EEF0B6C408F5EC0,F3D9E9A9-DC2F-4323-BC3E-FDCE3B4EA85B,18-11-2011
13161,6307 Greenbelt Way,,London,14,W1Y 3RA,0xE6100000010C1CDDDB85C3C44940B9184C24FC4BC0BF,5A22130F-284D-48BD-AC53-350C11860919,25-05-2014
13162,8065 Sand Point Road,,Matraville,50,2036,0xE6100000010CBA272B5BAEF540C0927879FEF1EB6240,8EE517BC-5858-49B1-9914-D20120AA7D92,04-07-2013
13163,2430 Santa Lucia,,Lebanon,58,97355,0xE6100000010CC4725B08064746404D7C261D2BAB5EC0,5D2C89AA-9FDE-4EC9-B8A0-046FCB53597E,19-03-2014
13164,"80, avenue des Champs-Elysées",,Villeneuve-d'Ascq,145,59491,0xE6100000010C7F1A2BE6734A4940BF595A443D280940,D1B2B44F-B676-4D5C-B2B3-2B93149C497C,21-12-2013
13165,3711 Rollingwood Dr,,Redmond,79,98052,0xE6100000010C81F95CC0C9CE4740DF504FDE93875EC0,DF75D543-526A-40F6-8E5A-BB0EE94D3449,07-05-2014
13166,8624 Valley Blvd.,,Newton,7,V2M1P1,0xE6100000010CB91168E276F44A40BD01C5B930B65EC0,59D58022-512B-48B7-8C60-D6DA4BF06AD6,30-12-2013
13167,7614 Heron Ct,,Gold Coast,64,4217,0xE6100000010C737F3F6195003CC0F330BAB0022F6340,6206C059-E192-43FB-8180-4899659B68FB,19-09-2013
13168,5980 Icicle Circle,Unit H,Lincoln Acres,9,91950,0xE6100000010CC77B3532595540400793751E9C435DC0,93606DF6-1A5A-48DA-BD65-EC617131A5F3,21-05-2014
13169,4500 Willow Dr.,,Oxford,14,OX14 4SE,0xE6100000010CBCB3F8A196CA494062AC83FA8484F4BF,D8A7CC7E-5275-4B48-ABA3-4171D93C90F0,20-08-2011
13170,5766 Newcastle Road,,Milwaukie,58,97222,0xE6100000010C0888A0EA3CB14640BECF18134AAE5EC0,57B8D5FA-B578-412F-8ABD-C3AAF67F8D8D,27-05-2013
13171,7869 Sea Point Way,,Newcastle upon Tyne,14,NT20,0xE6100000010C66A69C9F2D7D4B40F7C8B54BF0C6F9BF,78D94FC2-3B28-4570-B3A1-75F3CC13B3DC,18-12-2013
13172,Welt Platz 6,,Saarbrücken,70,66001,0xE6100000010C8F5B269E5397484013630EEC3F081C40,19C398C5-32B3-4AB7-87B2-0E18E61FD8A5,10-11-2012
13173,5090 Pepper Way,,Beaverton,58,97005,0xE6100000010C320606C89AC34640FB7DCCF520A95EC0,8BBB3FF5-8A02-439F-BDDC-ABFE475C9515,11-12-2011
13174,7 Olive St,,Olympia,79,98501,0xE6100000010C2BF8A8D6797B4740C00ECBBFADB15EC0,7CC63303-608A-4B10-B3A6-AA7065D43A91,26-04-2014
13175,"10bis, rue des Peupliers",,Les Ulis,177,91940,0xE6100000010CCB8C5B373C584840D2A0BC7B3A500140,771FA182-E04A-49A2-947E-7A501DE64A24,21-12-2013
13176,8869 C Olivera Rd,,Leeds,14,LE18,0xE6100000010CD71427C950E44A40E26EE1D4C2BCF8BF,E3644340-9CDC-4A07-9D85-266DB4D8762E,26-09-2012
13177,9068 Muir Road,,Los Angeles,9,90012,0xE6100000010C5A64801B900D41409F7B8A00B3935DC0,5623192D-5345-42D6-8667-C4AF9CF67F04,07-10-2011
13178,"211bis, rue des Peupliers",,Saint-Denis,179,93400,0xE6100000010CEB9DCE07086B48403AA48204CEA50240,64748BE4-B13D-4022-BC8B-162A336ABCE7,21-12-2013
13179,3514 Sunshine,,Kirkland,79,98033,0xE6100000010CC24197288ED04740D02ED48FCA8C5EC0,868A5834-1D2C-4B0C-81A9-34E9C419B818,22-04-2014
13180,2578 South Creek Drive,,Findon,66,5023,0xE6100000010C0D9DEF15847641C0548B3B1129516140,5237BB6D-02A4-4416-AD5E-1E2678B45F98,14-09-2013
13181,5009 Orange Street,,Bremerton,79,98312,0xE6100000010CE8FEEAB2B2C74740C834EFF223B45EC0,9DB5DA4E-6C8C-4655-A75D-307913565793,13-07-2013
13182,2538 Stafford Ave,,Sunbury,77,3429,0xE6100000010C1BCC8CEAC8C342C0727CDEB3CE166240,10D40E44-4792-4115-BA26-6D310F455FA7,04-11-2013
13183,8467 Clifford Court,,Kirkland,79,98033,0xE6100000010CDCEF9FFB6FD54740BF537D7230845EC0,68F58B0D-78A8-40AA-B51D-B1B9088DAC77,20-08-2013
13184,Pflugstr 8515,,Frankfurt,19,60323,0xE6100000010C1848DA9904184940CF3EFD5CC1522140,87B4348E-C5A4-49CD-9B8A-B4CDACD936B5,17-03-2014
13185,4461 Centennial Way,,Burlingame,9,94010,0xE6100000010CDC5317FB27CC42405F166CAB738F5EC0,D3D231A7-74B3-4515-B342-A1B17CE6193E,29-03-2012
13186,9241 St George Dr.,,Edmonds,79,98020,0xE6100000010C6A1C4C1C4EE04740BDE70834F5975EC0,67EF2963-4000-4FE5-8426-44DEAB54CF53,02-11-2013
13187,Höhenstr 9479,,Berlin,70,14197,0xE6100000010C434B2F8E80364A40E64D8CE143982A40,8C66A3A7-D7CE-4659-B5F1-49DED245566B,20-07-2013
13188,5165 Wintergreen Court,,Orleans,131,45000,0xE6100000010CF41B055BECF04740032C268B8A8BFE3F,6FB03631-CCFF-44C4-97B1-16E2F1F82F79,21-12-2013
13189,1245 Clay Road,,Walla Walla,79,99362,0xE6100000010CD63FA7629F034740B1762D97ED9C5DC0,DC1A9495-AFDF-4E7F-AD39-E4C9751E1A9C,04-12-2013
13190,524 Sea Point Way,,Leeds,14,LE18,0xE6100000010C18D351C6BDDC4A4016902E7EB1B7F8BF,44C9FE44-C62E-4E64-8D07-D51043E8483E,03-01-2013
13191,"55, avenue de l´ Union Centrale",,Saint Ouen,127,41100,0xE6100000010C059A6E1338ED47408583FD395057F13F,85D6FC76-40CC-473A-A0A3-862A2912D1D0,21-12-2013
13192,5436 Clear,# 101,Wollongong,50,2500,0xE6100000010CE127A934E22F41C0E49E431134DF6240,F8151E48-A704-4320-814E-8E2DE9015301,21-09-2011
13193,2313 B Southampton Rd,,Yakima,79,98901,0xE6100000010CDFD8E91E1E5B4740B2E5BF394B205EC0,D578F924-526D-4272-A543-7FF7348F2084,26-12-2011
13194,"600, avenue des Laurentides",,Tremblay-en-France,179,93290,0xE6100000010CD921C78A0786484023EB8BA9376A0440,8393324C-9493-4A83-B013-73636FA6F034,21-12-2013
13195,137 Lancelot Dr,,Issaquah,79,98027,0xE6100000010C0DF1300120C847402686FC4B217D5EC0,C81904B2-0E42-4ED7-8D19-862547701EBF,11-11-2011
13196,Klara Straße 22,,Hannover,53,30601,0xE6100000010C00000000000000000000000000000000,CB906673-DD5E-46FF-8109-545490452578,01-09-2013
13197,1870 Holland Circle,,Cloverdale,66,6105,0xE6100000010C934D56DF9AFE3FC02A6A2F0B35F35C40,D747CE24-E569-4F43-83DC-F801008898E4,04-03-2013
13198,9922 Hawthorne Dr,,Bremerton,79,98312,0xE6100000010CB44E87252ECD4740E68A5BB211AD5EC0,9DF159A6-9FC5-457F-AB7D-C6BE0EA4834D,08-06-2014
13199,6834 Violetta,,Sydney,50,1002,0xE6100000010C65BF40AE5AE940C0CDD4A93D56E06240,F15D709A-A79A-457F-BA20-58FCAC82F3DA,29-01-2014
13200,8000 Crane Court,,Bellingham,79,98225,0xE6100000010C71598489025B4840DA69295E45AA5EC0,B5D0D2D5-9C6C-4C14-A75A-B7C85EA557F0,06-11-2013
13201,5636 Mt. Whitney Dr.,,Berkeley,9,94704,0xE6100000010C2E6B137313EE4240E156C51BEB9B5EC0,843C4487-E936-4456-BF6D-C34A660DC87D,29-06-2012
13202,1584 S. Forest Hill,,Roncq,145,59223,0xE6100000010C15A2755664694940A2CB6D44BDFA0840,A2526FD8-8534-47E4-9C02-44919B2FFBB3,21-12-2013
13203,8040 Erie Dr,6 Monteira,Beaverton,58,97005,0xE6100000010C3459EBE2C4C44640696AEB8C58B35EC0,3E46BF4D-C7A3-45D3-83B5-DAFFB602D4D6,28-09-2013
13204,9027 Alan Dr,,Cliffside,7,V8Y 1L1,0xE6100000010CF6B07B48A54A48400187ED2BCEDA5EC0,E4EBE7E6-5972-4589-996A-BDD2AEB67B27,06-11-2013
13205,Pascalstr 4,,Frankfurt am Main,20,60082,0xE6100000010C00000000000000000000000000000000,4AA85A3C-DA35-4F28-9B7C-EF3086824CD5,07-08-2012
13206,9322 Driving Drive,,Olympia,79,98501,0xE6100000010CE14DA0E5457A47401BEC7A6EE4B05EC0,C5D33EE0-EBF5-4B91-99F5-6464467E13E6,22-09-2013
13207,564 Greenwood Place,,Chula Vista,9,91910,0xE6100000010CDA6D46E27A554040831A83E1A0395DC0,4A5238B6-83E5-4EB4-835E-7C006CE11DBC,10-11-2013
13208,3768 Door Way,,Oakland,9,94611,0xE6100000010C7DE30195B8F04240A56FCB21FD845EC0,E2904E08-1643-4702-AD48-93DD39B08A92,14-06-2014
13209,Am Kreuz 999,,Ingolstadt,8,85049,0xE6100000010CDC2854D038654840476B782F34D92640,313BB243-551A-4D02-8971-CD22B1FE68FA,03-01-2014
13210,5263 Etcheverry Dr,,Berkeley,9,94704,0xE6100000010CEA190FDF7FF0424048E62B1E18945EC0,3DD03BEA-0CD3-455E-9DDC-CC5E7185C331,08-03-2014
13211,1378 String Dr,,Salem,58,97301,0xE6100000010C98071DD4A57C464003ABCB80E5B55EC0,FFEB8433-29CB-4B89-BFDA-D22AAB428002,08-01-2014
13212,3127 El Camino Drive,,Milwaukie,58,97222,0xE6100000010C25D3857725B44640AEC844DADBAF5EC0,394D90EB-7B55-4A04-906D-88CAA6EA7066,08-10-2013
13213,9495 Limewood Place,,Burlingame,9,94010,0xE6100000010C14257BFCFAC342405821E32F559E5EC0,5B43DC1E-E4C6-4354-BF81-0B79BA500C90,14-10-2013
13214,4155 Star Dr,,Long Beach,9,90802,0xE6100000010CDB2CF7E653E34040064B79951B8C5DC0,1DD04CDF-5989-4626-B063-004D0B19C7D3,11-08-2013
13215,Auf den Kuhlen Straße 765,,Kassel,19,34117,0xE6100000010CA3F0DB6D28A7494051CA74A0EEF42240,D8A02FB6-0462-489E-895D-4D0F5DC98583,12-04-2014
13216,Heiderweg 4983,,Essen,20,45001,0xE6100000010C00000000000000000000000000000000,67B6944F-6BC1-415A-91D7-4C566BDBABCD,01-11-2012
13217,778 Kingsford Dr,,Woodburn,58,97071,0xE6100000010CC13BF8A92B9246400899A18944BA5EC0,BF5888C1-6F6F-44D0-92E5-41DECAA14380,23-10-2013
13218,5691 Coldwater Drive,,Oakland,9,94611,0xE6100000010C790F35586DEA4240658229056A955EC0,C8FE1B5D-F512-4304-931A-6948A230C41D,21-03-2014
13219,7255 Virginia Hills Drive,,Issaquah,79,98027,0xE6100000010C3994284C65BE4740021D4A86D0815EC0,463D77E4-427F-4731-8674-29B2D8D7CD4F,08-10-2013
13220,2423 Garland Drive,,Burien,79,98168,0xE6100000010CB1BAA0EF70C54740B172F68DAB8C5EC0,64AC66C7-2EA3-440C-BD5A-7EB21B90CF3A,07-08-2013
13221,287 Firestone Drive,,Salem,58,97301,0xE6100000010C0E50D4F3FD6F46406288EE3DFBBC5EC0,72D1FB27-4B90-49BF-850C-2075B6C9BD8B,15-11-2013
13222,Kulmer Straße 3646,,Berlin,70,14197,0xE6100000010C96AFE98832384A40F4068455BABA2A40,86CD18D6-4EA9-44B0-8872-2534D7E797FB,11-07-2013
13223,2983 Carlisle Way,,Palo Alto,9,94303,0xE6100000010CFAE464DDA7BD42408178425339935EC0,8BD765D6-1BA2-47CD-A696-B659772F449C,25-10-2013
13224,1315 Norse Drive,,Victoria,7,V8V,0xE6100000010CDFC9698572374840A346882B39DF5EC0,594EAD9C-33E8-4822-A0E0-95549630C114,07-11-2013
13225,6473 Clay Way,,Peterborough,14,PB12,0xE6100000010C0AAE3DFF0E4E4A4094742EF3A402D0BF,683F3CF2-0B03-4A21-B0CA-9C2C0DD074A9,07-07-2013
13226,"111, rue Maillard",,Versailles,164,78000,0xE6100000010C5B5B77CB8E6D48402590C7467CF50040,27C80CF4-2BBD-494B-914A-47F54C0D4A16,21-12-2013
13227,4265 Boxwood Dr,,Beaverton,58,97005,0xE6100000010CD3C0C00B74BB4640414FF78B46B75EC0,C3DA592A-8A77-4613-AAC9-92CEA8F424CA,20-05-2014
13228,2850 D Bel Air Dr,,Cliffside,7,V8Y 1L1,0xE6100000010CBE5362841E3B4840ED377FDB97CC5EC0,4A24553B-1386-491D-9159-01C5E8E3AC94,26-09-2013
13229,6055 Broadway Street,,Beverly Hills,9,90210,0xE6100000010CFF4CE068A8074140515D119507A65DC0,E0F7C1DF-D876-4F23-BE54-140939D29BA7,18-04-2014
13230,7550 Carzino Ct,# 1,Seattle,79,98104,0xE6100000010CCC2A6CCDCBCA474080362C6FC5925EC0,E5C88F87-E736-4643-ABB4-FE968B69FD8E,04-09-2013
13231,3664 Ravenwood,,La Jolla,9,92806,0xE6100000010C97E05F2B98F040403AB0A881046F5DC0,508914DF-A989-4A7D-BDA0-3110D7370D2E,17-02-2014
13232,5414 Camel Place,,Lynnwood,79,98036,0xE6100000010CE130EFB4A9E8474010B051BF2B9C5EC0,4819E83B-D7A0-4B0F-A716-4D0E8847ADCF,25-06-2012
13233,Platz des Landtags 33,,Frankfurt,19,60323,0xE6100000010C0ACFCD0B8A104940A6CF759B68502140,07820C0E-8383-4708-A0CC-AE881F7D593D,08-04-2013
13234,1880 Birchwood,,Matraville,50,2036,0xE6100000010CDE7AAE33A3FC40C0C7274F564CE16240,234DC106-997D-47E2-9912-82DDBF872112,07-08-2013
13235,2110 Elm St.,,Malabar,50,2036,0xE6100000010C20A68DFDE5FA40C09C5DBD1976EB6240,242E2BDC-C11F-4F6A-90E2-DBCEDC056A50,24-07-2013
13236,Potsdamer Straße 939,,Frankfurt,19,60323,0xE6100000010CA2B5EB0970304A4053EA4774E50B2D40,D040A79E-CAF7-4FDB-A634-3CE411963739,06-03-2014
13237,7350 Pine,,Lane Cove,50,1597,0xE6100000010CC58B71EC00EA40C05B9CBFF17EE26240,D591B558-AE4E-454E-A37C-ED98587C210E,05-10-2013
13238,"740, allée des Princes",,Cergy,181,95000,0xE6100000010CDB658EBD08884840DEB746930B7F0040,13F91485-0F3D-46B3-B188-6D265CE3F9FD,21-12-2013
13239,6441 Kathleen Drive,,Portland,58,97205,0xE6100000010CF3823C947BCD464040F323105EAC5EC0,FE682001-E4C4-4C11-B7AF-A98B248463F0,15-10-2012
13240,3064 Fern Leaf Lane,,Burlingame,9,94010,0xE6100000010C2294F2823BCA42407F4088B1D0A35EC0,735A09DA-BA85-4163-84C4-DCF7FCC42D6A,08-08-2013
13241,7833 Cook Pkwy,,London,14,W1V 5RN,0xE6100000010C0BB896C32BBE49408B8640D0264BC0BF,364E54AE-C842-4E35-BB53-3CA82ABA2C46,20-06-2013
13242,1971 Cleveland Ave.,,Bendigo,77,3550,0xE6100000010CD103185A056842C08E0A888EFC0D6240,0923B7B9-4DA3-452A-BE14-2870130C5A20,08-03-2013
13243,"188, rue de Cambrai",,Versailles,164,78000,0xE6100000010CF01EC0B52E6E48403A3DF5E53EED0040,65C4DDF0-9843-4916-BD78-E3B618E6F285,21-12-2013
13244,7509 San Cristobal,,Cliffside,7,V8Y 1L1,0xE6100000010C603E377116404840D4CA46A8A5D75EC0,16A9BC2C-0417-47E7-876D-1D17E64AD6C9,24-09-2013
13245,5333 D St.,,Fremont,9,94536,0xE6100000010C4C5E769ABEC24240C2F7922AD5805EC0,A56537E2-21AB-4212-AE7D-8CD8B4B59571,26-08-2012
13246,"70, allée des Princes",,Boulogne-sur-Mer,148,62200,0xE6100000010C5242BE0830574940BACA4CAF06B5F93F,B8C09F8C-CEF3-4B39-A294-5FCD2ED82B58,21-12-2013
13247,5119 Valley Run,,Yakima,79,98901,0xE6100000010C0CD891CB5E504740842EAFDB32135EC0,3AA2D49F-53EB-46F7-A37C-00E760C0107A,26-08-2013
13248,3197 Winterglenn Way,,Westminster,7,V3L 1E7,0xE6100000010C82576E7076954840B6DC3878CABA5EC0,2188CB19-F856-4EF9-B2AD-AA12C2D604E4,26-08-2013
13249,3237 Meager Dr,,San Francisco,9,94109,0xE6100000010C0F31D1FB0FEA4240E2F1DAA72C8F5EC0,8C90A390-D24A-432B-A664-99C89F367289,19-03-2013
13250,1569 Eagle Ct,,Concord,9,94519,0xE6100000010C758F76DFF6034340FD9A19C223895EC0,CDE77D62-2161-4F87-A89C-BD17AE643354,30-04-2014
13251,"333, rue de Linois",,Orleans,131,45000,0xE6100000010CA6EDA84359FB4740F65221286A9AFE3F,675C2931-AF4E-4B39-8840-B912B5F363E8,21-12-2013
13252,4519 Lydia Lane,,Stoke-on-Trent,14,AS23,0xE6100000010CA2C94E5692794A40FDDAB9D49C6A01C0,B8210AC4-57F5-4FD0-A459-6D6B60A797A1,11-06-2012
13253,5760 Las Palmas,,Kirkland,79,98033,0xE6100000010C37884794B5D94740DE17573751875EC0,11D539D7-99C6-43B6-BE56-C958FEE42692,26-03-2014
13254,"47, rue de Linois",,Les Ulis,177,91940,0xE6100000010C0EFACAC2A44D48404E9D1E5F574F0140,DA00D854-38FF-4513-BFB9-C7D72D05EE20,21-12-2013
13255,8964 Sanford St,,Royal Oak,7,V8X,0xE6100000010C68EC705785454840B9A5C3458DDC5EC0,A70356FD-D3E2-4799-8BEC-D8976F6F38BE,30-03-2014
13256,243 Pine Dr,,Matraville,50,2036,0xE6100000010C48DB154B55FB40C0421AEC60A7E56240,FCE11C28-AB1A-4B96-BE28-D0F173C6ED31,27-07-2013
13257,460 Skyline Dr,,Royal Oak,7,V8X,0xE6100000010C31686BDF86334840EA4F209421DE5EC0,9B2FE137-9CF7-4403-93BF-79FF84388BB6,28-09-2013
13258,6306 Manila Ave.,,Hobart,71,7001,0xE6100000010C5C28E689156F45C061830314F86A6240,3A90443F-2A22-4C3E-A234-206C84A8181C,16-01-2014
13259,Zeiter Weg 9963,,Erlangen,8,91054,0xE6100000010C5C1ADE7125CD4840BA7C9A5AAD072640,AFCBBF3C-4F09-4745-98A8-EB4421994E32,13-08-2012
13260,7820 S. Rising Ave,,Spokane,79,99202,0xE6100000010C5323BE4300D04740B2917DDF46615DC0,7B793706-9091-48BF-A4E4-AAFD11880E92,25-04-2014
13261,"879, rue des Ecoles",,Pantin,179,93500,0xE6100000010CD25CA236C0714840D1991A5EFF4B0340,CA5E5E8B-457A-4E34-8D9D-721941888FDF,21-12-2013
13262,"45, avenue de la Gare",,Les Ulis,177,91940,0xE6100000010C9023A6B2985C484089A20B0AAC500140,77B106D6-648E-4F62-BF4A-4FB0A876CBD8,21-12-2013
13263,6076 Citrus Ave,,Brisbane,64,4000,0xE6100000010C6AE0A74E5B7E3BC0AEA27696D9196340,5E029A5B-0815-4728-BCD7-7C363B6B7233,22-11-2013
13264,2226 Cleveland Avenue,,Santa Monica,9,90401,0xE6100000010CFE824EA3FE0241405BCE6079B1A25DC0,C9F262DD-9FDC-4217-A48D-4385BD4B319F,02-06-2011
13265,3249 E Lane,,Hervey Bay,64,4655,0xE6100000010CD1CE16044C5F39C01604097B96156340,BC7B2D67-E588-4416-873C-C627979D7647,05-11-2012
13266,8594 Veracruz,,Esher-Molesey,14,EM15,0xE6100000010C00000000000000000000000000000000,7DBAC6FA-8FB9-4FB7-9E27-516A1B170577,19-08-2013
13267,2962 Ana Mile,,Brisbane,64,4000,0xE6100000010C328C876FBB783BC09E1FFE7F3C1F6340,3555B11A-02C6-4B24-ACE3-FB233FB073A1,09-05-2014
13268,7870 Orangewood Dr.,,Bracknell,14,RG12 8TB,0xE6100000010CC73E085EA4AB49406B324EE16635E8BF,6CF5A689-2955-4C22-8F7C-CA564B10A2A0,12-05-2014
13269,Brunnenstr 75,,Paderborn,20,33041,0xE6100000010CF71AAE3DA1E4494005DA7F3FC8AB2140,68E9A291-EAD2-4DB3-A74E-BD39D11BE03B,17-10-2013
13270,598 Limeridge Drive,,Rockhampton,64,4700,0xE6100000010C07BC34A6195F37C0CE3FDC28D9C86240,EC88505D-5F40-4FCD-AA4F-FEF49FEC3D46,24-11-2011
13271,9875 Grant St,,Coffs Harbour,50,2450,0xE6100000010C109B5C4579223EC085C58BEBEA206340,578D48B0-1A29-43D7-997F-687BDFEFA525,12-11-2012
13272,Heidestieg Straße 8664,,Essen,20,45001,0xE6100000010C00000000000000000000000000000000,CA0C6EE2-C8B0-4EF5-91D9-BE4E1AFBC322,25-04-2013
13273,"995, rue de Courtaboeuf",,Boulogne-sur-Mer,148,62200,0xE6100000010C80B26D94936149403070C2D2F8B8F93F,E6048B12-F6B6-4B30-95C0-FFAA78DE1CAB,21-12-2013
13274,4789 Estrada,,Portland,58,97205,0xE6100000010C89D14291ADC94640E5BFE33BE2A45EC0,530D7130-625B-4ED1-8ED1-240BDBF8C619,28-03-2014
13275,4322 Cobblestone Ct,,Vancouver,7,V7L 4J4,0xE6100000010C2BCC10C303AD48406286DA6C45C75EC0,962289E1-E6DC-4BDC-B096-D4D42CF1F827,27-07-2013
13276,9489 Anderson Way,,Redwood City,9,94063,0xE6100000010C25919420BEC0424048E592F707845EC0,4016F6EA-3019-4D33-9E1B-6E1E7FBABDD9,15-09-2012
13277,9275 Westwood Way,,Royal Oak,7,V8X,0xE6100000010C31686BDF86334840B9A5C3458DDC5EC0,154493F8-49BD-4DB8-BC2E-840BEA4CE44A,05-11-2013
13278,Husemann Straße 9514,,Dresden,19,1071,0xE6100000010C00000000000000000000000000000000,F8107D58-E01E-4F3B-AB20-0EA077ECEF36,20-08-2012
13279,2313 Santa Cruz Drive,,Darlinghurst,50,2010,0xE6100000010C2523878DB3EE40C0D3C7B46801E26240,4F7DF008-F786-407A-81A2-FD64272CC664,18-01-2014
13280,7353 Algiers Drive,,Langford,7,V9,0xE6100000010CBE06CE495F31484031D976A555DB5EC0,7AFB91FF-767E-4235-A348-14E6D1AEDA27,13-06-2013
13281,Winterfeldtstr 3539,,Berlin,70,14197,0xE6100000010C6A12F9F066394A40042DF6DD8AAD2A40,B2128A80-0037-4D28-8397-88668C2B3BCB,08-11-2013
13282,3884 Bates Court,,Maidenhead,14,SL67RJ,0xE6100000010CD441D8C7C8BA4940640EACC3BC8AE7BF,A47BF1BA-8207-4D7B-B37D-74F8F80409D1,27-07-2013
13283,7393 N Ranchford Court,,Westminster,7,V3L 1E7,0xE6100000010C6107BAA59C984840223CEEBA37B95EC0,2DD81F76-FD6E-4DF7-A8F1-D17B476F439E,14-10-2013
13284,"851, rue Henri Gagnon",,Paris,161,75012,0xE6100000010C39FF556F606D48404D3E2E68DC610340,36D6509F-A525-43F2-B088-D8131D209567,21-12-2013
13285,8380 Forte Way,,Sooke,7,V0,0xE6100000010CE758309E3828484074C12FB581E45EC0,1452439B-4243-4BA6-BF3C-B952F19C3D7C,27-08-2012
13286,8675 Mildred Avenue,,Marysville,79,98270,0xE6100000010CB1117EF9840348404BBA04DDF08E5EC0,7BA0EA48-7072-492A-8551-063E2D75689F,20-01-2014
13287,"663, rue des Ecoles",,Courbevoie,178,92400,0xE6100000010C3D7EE0ADDE7448409A08D99E8D100240,2A64F853-4501-4C5A-B96D-13DE89DB042A,21-12-2013
13288,9916 Walnut Blvd.,,Yakima,79,98901,0xE6100000010C94D7E521FF4A4740A3FA4B13440C5EC0,37359FF7-F8CD-417E-AB69-1AE7C14D3868,13-08-2012
13289,3121 Spar Court,#511,Fremont,9,94536,0xE6100000010C1D0123B3E8C24240C02529712C735EC0,CD94245D-290F-4824-ACA7-90A870CB3668,05-04-2014
13290,2680 Claudia Drive,,Melton,77,3337,0xE6100000010C740F47FC17CD42C06F731DE6CE0D6240,FF914C1D-B09F-486F-8330-27F3235E7BD1,25-02-2014
13291,4616 Sutcliffe Pl,,La Jolla,9,92806,0xE6100000010CC75916D3F6EA4040AAF0FCD6A1825DC0,90E416B7-95AF-428D-9CD0-66AD3ACA004B,25-12-2013
13292,5842 Standing Grove Dr.,,Geelong,77,3220,0xE6100000010C802A4714E20C43C09DE5C5A9250A6240,C27A85F1-716F-4FEB-A205-1DDBEB673BF2,18-08-2011
13293,2480 Stillwater Court,,Woodland Hills,9,91364,0xE6100000010CC798932C6A11414075B95A95D4A15DC0,B90F1CDF-5CE3-4832-80EA-B16096CBDD07,06-08-2013
13294,8848 Auburn,,Santa Cruz,9,95062,0xE6100000010C8B65CF8A8A72424000945197B8855EC0,9A7E5834-3934-4BC8-BE82-E415DA972C35,11-08-2013
13295,1728 Village Oaks Dr.,,Milton Keynes,14,MK8 8DF,0xE6100000010CFAC3AB7D6AFB4940BDCD0B9E477DE9BF,0AF4D281-86B4-450F-A43E-A50FEDA76754,13-01-2014
13296,3508 Canning Road,,Redwood City,9,94063,0xE6100000010CB334797A6CBC424048E592F707845EC0,AF341405-FE3B-4295-B0ED-173EF0CAC61D,04-03-2012
13297,5050 Mt. Diablo St.,,Maidenhead,14,SL67RJ,0xE6100000010C5F03CAE7F4C94940898BB51DB481E7BF,AF3F4D45-25A0-4056-B5AF-8339D347D16F,24-07-2013
13298,130 Alamo Court,,W. Linn,58,97068,0xE6100000010C1C2B7C1795AC4640DE68E08BE3A35EC0,C389AA8C-5801-4386-AC3F-6DFF0A2555DB,06-02-2014
13299,5043 San Antonio,,Fremont,9,94536,0xE6100000010C80C15A8046C642404FE95394DB775EC0,987B7E7F-BFDB-416C-BEFA-25E6F7CA7128,01-09-2013
13300,4576 Almond Street,,Seattle,79,98104,0xE6100000010CB9D968A1B7D247406D2AE39AB98B5EC0,FE798BF8-23AB-483C-802D-8B142DB00525,28-03-2014
13301,9696 Brentwood Circle,,Milsons Point,50,2061,0xE6100000010CCEE91BF6B9F040C036421586C5E86240,99DAB9E0-9373-468A-8F38-1FA4A8E3CAF6,28-09-2013
13302,9529 North Park Court,,Grossmont,9,91941,0xE6100000010C538DCEB03E5E404092036A66CB385DC0,F8118751-056B-4177-8BA5-37023A93B5AC,10-04-2014
13303,7607 Pine Hollow Road,,Ballard,79,98107,0xE6100000010C13CB40B7E8D447404E5EA0DEE3A15EC0,67682EEF-83BE-4A46-8189-06A28DEAEE77,27-06-2013
13304,304 Diver Way,,Mill Valley,9,94941,0xE6100000010C1A63786B0CEC42404B50A7E771A45EC0,08BAA94C-67A5-4ABD-911A-B72CE5DAA8C9,17-11-2013
13305,7651 Smiling Tree Court,Space 55,Burien,79,98168,0xE6100000010CF55F90FD1BBB4740B172F68DAB8C5EC0,DE3648F5-5159-4D7F-A20A-3520E3A175E1,27-05-2014
13306,8634 Valley Blvd.,,Los Angeles,9,90012,0xE6100000010CDB61A6942F0C41409152BA5705825DC0,14E352AF-D5CB-4E75-AE24-DD2DE2CF0BF9,04-01-2014
13307,9161 Medina Dr.,,London,14,SW8 4BG,0xE6100000010C94273886E7B349401B5D44614BC3C2BF,4BB9C012-076F-488F-B490-C646B9B1A4A9,04-12-2013
13308,3664 Colt Ct.,,Springwood,50,2777,0xE6100000010C344531B247D640C073DD78B35ECD6240,1CD0ED50-F451-4257-9094-5CD3FE577CAD,12-10-2011
13309,6613 Thornhill Place,,Lavender Bay,50,2060,0xE6100000010C5BD7FD898CEC40C014EF02FE5CEA6240,5FBDCEB4-F767-41BB-8347-A4E85860781E,10-10-2011
13310,1585 Larkspur,,Lake Oswego,58,97034,0xE6100000010C9688D0D7CEB94640AED06C65AEB25EC0,11D6FD84-CE3A-41C0-A5C1-52EE1F71AA86,19-11-2013
13311,3450 Villageoaks Dr.,,Royal Oak,7,V8X,0xE6100000010C8FC96B8FC434484061FCDB819AD85EC0,21822225-B987-4E91-AF08-84613BA374E7,31-07-2011
13312,9309 Silver Oak Pl,,El Cajon,9,92020,0xE6100000010C2560AA898164404044BEFE44E2345DC0,AC97BBE1-3CFF-4687-9AEE-BBDC0B4C9A3A,10-08-2013
13313,805 Stonyhill Circle,#67,Spring Valley,9,91977,0xE6100000010C5D77008D6A5F40404434FF9944465DC0,4DA33D99-7BE9-4356-A525-1AE8724725B0,01-09-2013
13314,Reiherweg 5014,,Eilenburg,85,4838,0xE6100000010CAC02ACD0EFC5494029DBC34F09592940,A1145B74-F8AD-48F4-AEA6-053DEA40FC76,13-07-2012
13315,4264 C Street,,Brisbane,64,4000,0xE6100000010C1D77BF7753773BC0F83E9E1F9A256340,CB02EBC4-AB66-4FF2-B6F9-D57B4FB16289,01-10-2013
13316,8668 St. Celestine Court,,Lebanon,58,97355,0xE6100000010CED36964D504546407E61FCF718AF5EC0,261107B5-8D77-4FC0-8FC3-91A53759D0E0,06-06-2013
13317,8934 Roundtree Court,,High Wycombe,14,HP10 9QY,0xE6100000010C17CB337E27D14940D33967068F3AE6BF,85FA8CB5-FBE9-42FC-890B-607977A8EC96,08-05-2014
13318,2382 Arbor Drive,,Portland,58,97205,0xE6100000010C0B3D6AC0C3C6464087E899A7E0AF5EC0,E35662DE-4647-43D1-995D-B8B91C65B24C,17-04-2014
13319,2587 Windmill Way,,Perth,66,6006,0xE6100000010C7E30DF30C5E93FC09892C3A8B6F35C40,7D4A551C-D809-4210-BBC7-787AC8418394,13-02-2013
13320,7040 Bush Avenue,,Redmond,79,98052,0xE6100000010C5BB1E572C6D94740CDEF7E6B0C8D5EC0,2DB6A508-792B-438B-B56F-B8E1345CF761,19-01-2014
13321,3663 A St.,,Warrington,14,WA1,0xE6100000010C43974A7325AE4A409DBD1A73498C04C0,83A2D8D2-1C7C-4259-8440-2D3E17E102B0,23-05-2014
13322,Rotthäuser Weg 11,,Eilenburg,85,4838,0xE6100000010CC567A11347C54940945EAF1763582940,A2C0D686-04A8-4C8E-9EA8-4C5361905909,25-04-2014
13323,1233 RiverRock Dr.,,Coronado,9,92118,0xE6100000010C9F26B4893A574040C7B2C52DEC4C5DC0,F56B79BA-1108-441F-B8BE-4178754450C2,13-01-2014
13324,8108 Abbey Court,,Oak Bay,7,V8P,0xE6100000010C5982E0ED5A35484068CE385C27E05EC0,A60F4F0E-0E73-405D-987D-8DB4DAB41143,23-07-2011
13325,6416 Honey Court,,Lancaster,14,LA1 1LN,0xE6100000010CEF51BA1453014B40D6A1D3688B7406C0,FEC6892B-F6A1-4B64-A405-5DF10A222B8F,21-10-2013
13326,5932 Houston Ct.,,Daly City,9,94015,0xE6100000010CDE31ACC494D5424070F8A8001CA25EC0,1BC1C0C0-CA54-4A0E-8101-778561C18C3A,08-12-2012
13327,5718 N. Sixth Street,,Puyallup,79,98371,0xE6100000010C236A8AA7B59B47409F0984B086995EC0,8EF84E50-5FAB-46BE-8E04-B7A97D231829,12-11-2013
13328,Nonnendamm 9,,Frankfurt am Main,20,60082,0xE6100000010C00000000000000000000000000000000,A7862CAE-DA34-4EC8-8762-A6CAE964C61B,07-09-2013
13329,Westheimer Straße 5601,,Bonn,53,53131,0xE6100000010CE700CEDBA161494037E293F423701C40,89126560-D707-4FCD-951B-3FFBBB0C9D7E,03-03-2014
13330,"9215, rue Léo Delibes",,Les Ulis,177,91940,0xE6100000010C992760B95D5648403BBB5DD2E1560140,ED0CB3D8-1C43-4944-93F0-FF28AF014343,21-12-2013
13331,3796 Peachwillow,,Walla Walla,79,99362,0xE6100000010CBF043AE7E10B4740278D3D1762985DC0,AECDE425-7BA3-4490-9BFF-AF1403BBBA94,29-03-2012
13332,3836 Deer Meadow Way,# 174,Port Orchard,79,98366,0xE6100000010CD26B0BA0F7C54740815E054D28A55EC0,2BC92F11-FFD2-4F01-8B72-37F02EAA4F57,20-03-2014
13333,658 Pecan Street,,Stoke-on-Trent,14,AS23,0xE6100000010C94714322CA854A40C1792EECEB5F01C0,33DABC1A-06FF-4CE1-B5AF-AF55BC52DEA7,11-05-2014
13334,4587 Sunset Meadows,,Sydney,50,1002,0xE6100000010CAE2CB7638EEE40C09458133135E46240,9996A015-23B6-493F-9FFE-793A5E7D2335,01-02-2012
13335,3275 Corrinne Court,,Hervey Bay,64,4655,0xE6100000010CD1CDD724755939C0B8A37E3CEC1C6340,782941EA-3A2B-437B-ACF0-F1D17D90D5AE,27-09-2013
13336,2168 Reading Drive,,Burlingame,9,94010,0xE6100000010CBE4DD81DB2CA424029EB5DDAF5995EC0,8D98F769-BC3D-4B00-95EC-0E5F807322FA,25-01-2012
13337,2614 Sandiago Drive,,Burlingame,9,94010,0xE6100000010C41D360EB00D042405FD9012E11985EC0,B26E08D3-744A-42B0-B363-7C14238502B7,01-02-2014
13338,730 Keller Ridge Dr,,Woolston,14,WA1 4SY,0xE6100000010C69601475B1AA4A4016808E7BEB2604C0,68ADC455-5B9E-4909-AC7E-B8E0659CA388,17-03-2014
13339,5118 Colorado Dr,,Townsville,64,4810,0xE6100000010CAA450F68923333C045E6ABA67C5E6240,C7425131-6340-4CB4-80F9-92360DA24C75,25-05-2013
13340,6359 Mozden Lane,,West Covina,9,91791,0xE6100000010C70CE05681F0D41408E089220ED7C5DC0,ECEDD7BF-E721-443A-BC37-ADAACE68CF23,30-12-2013
13341,9563 Lani Kai Drive,,Tacoma,79,98403,0xE6100000010CE449D86B0BAA4740B456E9150DA55EC0,55B9026C-0E1E-4A83-939D-8A33636A5385,23-05-2014
13342,1059 Delta Fair Blvd.,,Port Hammond,7,V6B 3P7,0xE6100000010CBA76C7CA4AA74840AA5B914C63C25EC0,DC361CA3-4E91-4EB7-A9EA-325D21A8C832,13-04-2014
13343,1955 Glaze Dr.,,Rhodes,50,2138,0xE6100000010C833F49BB3AE940C0DB32CA8CFFDC6240,A255E11E-C294-46BF-9108-7CDED34CA2BB,23-10-2012
13344,4518 Sequoia Drive,# 2,Tacoma,79,98403,0xE6100000010C84D00227F8A04740E6320430B3A25EC0,87FC456F-3DF1-4F9C-80C7-C3713C0E72EA,19-10-2012
13345,8922 Lindley Ct.,,Beverly Hills,9,90210,0xE6100000010CE110A98E511441404ABB5060A99A5DC0,6E3D5435-B359-489E-8869-CA00BD37FF21,27-08-2013
13346,5291 Juliet Court,,Shawnee,7,V9B 2C3,0xE6100000010CAE551D0CF0404840C3503ACA0EDB5EC0,42D70790-058E-4BF2-8A03-37CC4A538351,30-06-2013
13347,3518 Benita Way,,North Sydney,50,2055,0xE6100000010C971432EAB1E840C0DB56650F49E16240,5C618839-C499-495D-A2E1-2B0DB4A9459A,14-11-2012
13348,"9, avenue de l´ Union Centrale",,Saint Germain en Laye,164,78100,0xE6100000010C7849900453704840073CB67A02C90040,37027E80-536C-47F4-9616-66BBFB7958D2,21-12-2013
13349,2369 Teak St.,,North Sydney,50,2055,0xE6100000010C61136E9B75ED40C0FE24E7158BE86240,C839D952-6BA8-48C3-B4F8-59304CF39C91,04-11-2013
13350,6573 Helene Court,,Portland,58,97205,0xE6100000010CB2D5CCA6B1BB46405C6970792AAB5EC0,933FD80D-BEF1-4C74-8EF5-86FAC0CC3DE2,08-01-2014
13351,1510 Sharon Dr.,,London,14,W1X3SE,0xE6100000010C9D6FFE660FC84940C4CFCC87D142C0BF,C9B77445-6B19-4012-83B9-ACA0A8A2AE2C,07-06-2014
13352,3450 Villageoaks Dr.,,Pantin,179,93500,0xE6100000010CED27A170837A484075F1592E8B480340,94D6552B-FAA9-43AA-AFE6-C7369E410251,21-12-2013
13353,1487 Santa Fe,,Oak Bay,7,V8P,0xE6100000010C32CC52AAD5374840BC53E60F7AC85EC0,CF2BA090-3DEA-4A87-856A-5477E9AA577B,25-08-2013
13354,1019 Pennsylvania Blvd,,Marysville,79,98270,0xE6100000010CA0CC8AD7AB09484021B684D8AF885EC0,03EE9E96-1D18-4DA5-98F3-3152F820BDD9,10-04-2012
13355,6186 Berry Court,,Novato,9,94947,0xE6100000010CB8BCD27CC210434093A05D14099E5EC0,2B354397-BC17-4A4B-877E-4E42B3172087,07-06-2014
13356,Höhenstr 7477,,Poing,70,66041,0xE6100000010C00000000000000000000000000000000,EFF2B282-4063-4788-88D5-F291617F5FED,27-04-2014
13357,1299 Band Court,,St. Leonards,50,2065,0xE6100000010C4457E414E0EB40C0A57EDCF46CE06240,C8D8C0ED-042D-409D-AAC5-A4D315285060,02-06-2014
13358,5972 Donegal Court,,Woodburn,58,97071,0xE6100000010CBF692502648C46407F335DEF1DAC5EC0,B14885A7-0431-46BD-9BCE-A0002DFC702E,09-11-2013
13359,"866, rue Basse-du-Rocher",,Bellflower,9,90706,0xE6100000010C1E0D739F1EEE404072E027CCD78E5DC0,B284AAF8-C700-445F-ABF7-87834847EFDC,26-07-2012
13360,644 North Ranchford,,Brisbane,64,4000,0xE6100000010CA781A37307783BC0A983CF8B8F276340,E52D8FA5-8A8F-4C1F-9598-F9644600C459,03-09-2013
13361,7992 Elm Road,,Yakima,79,98901,0xE6100000010C98D8210389574740BB6CD8101E105EC0,7CC124FC-5772-41CC-8807-336149A24E73,23-05-2014
13362,8979 Adams Dr.,,Grossmont,9,91941,0xE6100000010C28D4479FFC5C4040BEF93F80044A5DC0,D2286812-7F56-4CAE-815D-CEF4069284EF,31-08-2013
13363,6977 Evergreen Ct.,,Beverly Hills,9,90210,0xE6100000010CD0029AF9B2114140AB422E4499945DC0,DBB9CF3F-E22C-41C4-AF3F-51E0F3658E07,03-04-2014
13364,"7346, avenue de l´Europe",,Bobigny,179,93000,0xE6100000010CE1F7F7F2046C48408673DB31E38A0340,8258A914-F5A5-4D50-94FA-5DE343AC4454,21-12-2013
13365,516 Oak Park Blvd.,,Victoria,7,V8V,0xE6100000010CA6850C361138484004C9D04746CC5EC0,E0A2F0B5-A084-4022-9C96-F20DEC05365A,01-12-2011
13366,4546 Vista Valley Rd,,Warrnambool,77,3280,0xE6100000010CDB16B1AEE40843C0EC013D6320CC6140,B376EDAD-9043-4744-BD08-5EC8D69792D3,19-07-2012
13367,3720 Santa Maria,,Downey,9,90241,0xE6100000010CCE3B272B3BF74040589CF2B352925DC0,F60DFD07-DF54-418E-A502-39CC2FCE22C2,01-04-2014
13368,5215 Entrada Circle,,Hobart,71,7001,0xE6100000010CFDFF58D34F6645C0FBF70FEA706B6240,752117FB-2522-4D50-B3AB-CA4F95ED7F44,13-02-2014
13369,1330 Guadalupe Dr.,,San Carlos,9,94070,0xE6100000010C594D9A2E8AC54240176300FDA4875EC0,CC6D2130-122B-4308-9E0F-60176DDFA587,09-11-2013
13370,5146 Shadow Falls Drive,,Caloundra,64,4551,0xE6100000010C0BDD9BB88EC43AC0F2D864ED81206340,5DDC3D71-FA02-4A78-8C61-EA0389C1ACC1,22-02-2014
13371,3079 Ricardo,,Puyallup,79,98371,0xE6100000010CDC451952CAA047409CA9DF5CAF9F5EC0,517E0C24-BC4D-45F9-8697-74A7DDA72223,17-02-2014
13372,8740 Vista Way,,Concord,9,94519,0xE6100000010C6288E6E8120043402D738F5A438C5EC0,619257F3-AF54-4574-A008-13C28E5B9FB2,19-10-2013
13373,9447 Leslie Avenue,,Berkeley,9,94704,0xE6100000010C9DAE7A5D97ED42409965365593875EC0,4BB2A0A2-6AB2-4F00-8B2B-1F2218DC4CC9,07-01-2014
13374,4107 St. Raphael Drive,,Corvallis,58,97330,0xE6100000010CC6502723225946407A39A86BD3CC5EC0,4F9B9D09-9350-453E-AD4A-9D6F2ABE6567,01-05-2014
13375,"6, route de Marseille",,Tremblay-en-France,179,93290,0xE6100000010C1B64E913E5824840C75B033F7F700440,F57D318D-D80F-4C9B-A7F2-21088BF86159,21-12-2013
13376,824 Gregory Drive,,Goulburn,50,2580,0xE6100000010C6E10DC9D7F5341C05E03EB6EB7B26240,40DADFC3-F875-4746-A708-C1AC2F4ADA4F,30-01-2013
13377,5642 La Orinda Pl,,Newport Beach,9,92625,0xE6100000010CE282C89067D04040FCB6D685D17F5DC0,ECC78E15-DF5D-4F6C-8944-CE3F09962ED5,22-05-2014
13378,5175 Reisling Court,,Novato,9,94947,0xE6100000010C35CD0A03E20B434098EEE03C50A45EC0,30103FAC-8393-4C40-8A1C-68E1B81F250A,21-12-2013
13379,1318 Lasalle Street,,Bremerton,79,98312,0xE6100000010C819E2398A9D24740496E371D6DAF5EC0,07E0E45B-602F-4661-B3AD-4C34040C9A49,29-10-2012
13380,Postfach 11 00 99,Verkaufsabteilung,Berlin,53,14197,0xE6100000010CC48AA0B593404A40C7808300F1A72A40,2602409E-901A-4245-9729-0988CC9A0020,12-07-2013
13381,2998 Brook Street,,Marysville,79,98270,0xE6100000010C182A9146BF0C4840CBB7343A088B5EC0,22EBDD66-DA86-403F-8EDD-204EC3DFE1FC,04-10-2013
13382,2785 Fallbrook Road,# 10,Novato,9,94947,0xE6100000010CBD031651E80A434014747EDE9A9F5EC0,3F6C0035-D136-4CEA-ACF0-7D2A29BE7DD5,14-02-2014
13383,2497 Hazel Drive,,Cranbourne,77,3977,0xE6100000010C4C7FF038091843C082EADA7FD02C6240,BF09347A-4C13-48B8-86C4-411F1BADC914,04-04-2014
13384,8206 H Street,,San Carlos,9,94070,0xE6100000010C9BB93FAF9EC34240AE51ED674B975EC0,02AAD0F4-9DCA-4EBC-937C-85E96638337E,24-01-2013
13385,903 West I St,,Woodland Hills,9,91364,0xE6100000010C7B5FDE7D5915414065F2F062849C5DC0,CBEA1AC5-6DB7-45C9-8E07-1F37B84FF67C,06-03-2014
13386,2551 Damascus Loop,,Townsville,64,4810,0xE6100000010C5B632F9AF83933C01FC367388C5D6240,E033C095-808D-4531-8CBE-D0B0FBFB7A6D,20-06-2011
13387,9233 Pepper Way,,Gateshead,14,GA10,0xE6100000010CF2BFEC7B3B7F4B40FCC5E02536A9F9BF,3B6561FE-7AE9-4874-81B1-A7E9EA552C2A,02-04-2014
13388,Viktoria-Luise-Platz 4,,Duesseldorf,19,40605,0xE6100000010C00000000000000000000000000000000,07E66BEF-CAF0-4D38-95BB-02DD9A30FA19,30-10-2013
13389,2184 Valley Blvd.,,Walla Walla,79,99362,0xE6100000010CC431644F5F124740C79FF58198945DC0,2433A0CA-DBF7-487D-A032-63A4EFB28075,13-04-2014
13390,3425 El Verano,,Grossmont,9,91941,0xE6100000010CEF1AC18DBA5B4040746191E606445DC0,56A11A48-41E9-4549-89AD-126E6474E95B,06-09-2013
13391,6630 Cook Pk.,,Santa Cruz,9,95062,0xE6100000010C5555E258CE824240C32E7D2D667C5EC0,43EE2DCA-4849-4BFB-8DA3-7E8EC0B782D6,11-06-2014
13392,8125 Westbury Drive,,Santa Cruz,9,95062,0xE6100000010C54DA20E1628142409BCEB77397745EC0,9EA86DF9-3C8E-436A-B6CB-697B0BBBB290,06-03-2012
13393,Lindenalle 800,,Mühlheim,20,63151,0xE6100000010C00000000000000000000000000000000,928D6C55-0500-4A2E-9D95-8197E57CD591,25-05-2014
13394,Auf dem Ufer 424,,Ingolstadt,8,85049,0xE6100000010CEF3AE708A96148402B0D176196B52640,1DB0550A-A77D-4A02-B2C5-CE922A2A2993,25-12-2013
13395,3713 Rollingwood Dr.,,London,14,EC1R 0DU,0xE6100000010C4AAC8E21A2BF49403D32FA0FE021BBBF,7C4989BE-710A-4DD7-9599-A7A08DF116EF,13-03-2014
13396,5989 Concord Ave,,N. Vancouver,7,V7L 4J4,0xE6100000010C6E9CE3467F9E484096BCA420B2C55EC0,8D2103A9-D017-43E4-B5A5-EB555D757627,12-08-2013
13397,2357 Madrid,,Beverly Hills,9,90210,0xE6100000010CD0029AF9B21141408A46E671739E5DC0,C89FD83A-B72D-4177-BB48-4FEB4AA9EE8C,29-03-2012
13398,4361 Loftus Road,,San Gabriel,9,91776,0xE6100000010C41A63DA8A00641403CCF944DA78E5DC0,A5442A39-F195-48E0-B7B8-6FB66CD84B4F,15-02-2012
13399,Rehstr 6446,,Stuttgart,70,70511,0xE6100000010C00000000000000000000000000000000,DE31E692-CDCC-44BA-9671-15DC70994DD6,05-07-2013
13400,3639 Blackridge Drive,,Hervey Bay,64,4655,0xE6100000010C003E92C95F5039C02FE83FC402196340,5A5EB28D-70AB-4D80-A103-D82B3ED6B7F7,12-12-2011
13401,8552 Stillwater Court,,Colma,9,94014,0xE6100000010CC03295BAACDB42402CE92962B7995EC0,10F941FA-78E1-47D9-8B5F-F2839F6E9A88,06-07-2013
13402,4775 Imperial Dr.,,Les Ulis,177,91940,0xE6100000010CF1EFF931385D4840AFB0837C38540140,C0B2E3D2-7348-4825-8536-9E8BA1EC0D5C,21-12-2013
13403,4092 Folson Drive,,Peterborough,14,PB12,0xE6100000010CB45A9BCF13504A40DFF7B0DA8AF6CFBF,1134D82F-737A-4A3E-96B8-ECD4AB7A015F,26-02-2014
13404,2756 Sinclair Avenue,,North Ryde,50,2113,0xE6100000010C4C34C93E8CE140C0E4F9B2CA0CEA6240,62DF2841-28F0-4962-85D6-75D1987C5A26,26-04-2013
13405,6675 Logan Ct,,El Cajon,9,92020,0xE6100000010CA34612A4CD6A404082E2C96ADB435DC0,2E03BFDB-DDE9-42A1-9D2A-21066BE45DB0,11-11-2011
13406,4135 Kaywood Drive,,Lavender Bay,50,2060,0xE6100000010CC7AC7E9EA6E840C01EF3EFBD12E46240,C3AE58B8-E019-4A01-A34D-DA007EC6734E,19-01-2014
13407,1646 Twinview Drive,,Burlingame,9,94010,0xE6100000010C5A6556840EC242403F35112DEF945EC0,D9790E3B-D38F-4C78-B9C0-8CBAB4F03434,21-05-2014
13408,4499 Valley Crest,,Bellflower,9,90706,0xE6100000010C48F9EDD918F84040EBAE805AC5855DC0,1F770D9F-10DC-48AB-AEDE-329B05C9CDA1,20-07-2013
13409,"212, rue Marbeuf",,Bobigny,179,93000,0xE6100000010C07D7C4E3E977484004305A83E3880340,FD38E56E-BA98-449B-9D35-EABCE447815B,21-12-2013
13410,"1, rue Pierre-Demoulin",,Paris,161,75007,0xE6100000010C6AE7DEFB1770484058471371957C0240,C988F342-9C17-4D84-90F4-C1B18BC1C105,21-12-2013
13411,2403 Riverwood Circle,,Langford,7,V9,0xE6100000010CD814B59C31384840A835C0D261D75EC0,7E0FD096-FA45-4691-9696-D87183C573E1,25-07-2013
13412,8142 Longbrood Way,,St. Leonards,50,2065,0xE6100000010CAF249BFEADE640C049785FFD95EA6240,EC5432B6-879D-43B2-9962-6A0C8546E31C,10-03-2014
13413,3390 Candle Drive,,Beaverton,58,97005,0xE6100000010C040D56771CC04640278DF225B4B55EC0,7188F78E-ADEB-4110-A340-FDECA47A9370,20-07-2013
13414,3685 Pleasant Hill Rd,,Long Beach,9,90802,0xE6100000010C600E0DDE9FE440404AC41C472F955DC0,5BED4E86-C0A4-4BAA-A91E-48CE1B98A358,06-10-2013
13415,"820, avenue de Malakoff",,Verrieres Le Buisson,177,91370,0xE6100000010CD5B5C10F8B6748406590AA9FAA010240,F0C33FCF-B93B-4D12-89E7-3FAC19472BD8,21-12-2013
13416,4926 Sharon Dr,,Olympia,79,98501,0xE6100000010CF39F7257B38547401BEC7A6EE4B05EC0,7D50941F-3D10-42AD-83E3-0D5A18DF85EE,22-11-2011
13417,7954 Vista Avenue,,Berks,14,SL4 1RH,0xE6100000010C8263AC4567C24940699A7FCDAD80E3BF,1AF85C4E-8648-4FB6-8794-8DC2D897C078,28-11-2011
13418,Winter der Böck 441,,Werne,53,59368,0xE6100000010C417AE3AE25D8494087A046DF15771E40,DFE5B32D-0687-477F-9800-896616577F73,21-09-2013
13419,"33, place de la République",,Bobigny,179,93000,0xE6100000010CF21F8407077148404CDED31AE57E0340,2F898D81-2C6B-4ACE-9416-39193A36A9BA,21-12-2013
13420,7489 Relief Valley Ct,,Novato,9,94947,0xE6100000010C758EE3F14B0F43403AA6744A60AB5EC0,EE017B04-3FFB-4FAE-8B44-D885F00F6DE4,01-06-2012
13421,Roßstr 6642,,Saarbrücken,70,66001,0xE6100000010C268AECA814A748400B4CFCB877F31B40,B361FC14-753F-4C1E-9C26-BFB69E6315C5,07-12-2013
13422,9113 Flamingo Dr.,,Berkshire,14,RG11 5TP,0xE6100000010C00000000000000000000000000000000,C77CD08B-0D6C-4036-B827-072FDE8DF711,16-09-2013
13423,3858 Vista Diablo,Unit C,Issaquah,79,98027,0xE6100000010CDE7681ACBBC847402686FC4B217D5EC0,5E030ABF-238B-4F3F-AEFF-6CBBA5AC9853,30-11-2013
13424,Krönerweg 5615,,Bottrop,53,46236,0xE6100000010CDC3363C918C74940F0EE6196A7AE1B40,54C24BB5-5790-4C38-A34B-729C4AEB51C9,14-01-2013
13425,5139 The Trees Dr,,Concord,9,94519,0xE6100000010C07C95C71B7F44240F314AB1E35825EC0,F6189AAE-78B1-4040-8F32-3C4A77BF8277,29-11-2013
13426,53 Odin Dr,,Spring Valley,9,91977,0xE6100000010CD1808D89176140407DCC1C59CA385DC0,F5EA533C-A158-40EE-B05F-4358C9BE4D9D,18-03-2014
13427,5075 Reading Dr.,,Cranbourne,77,3977,0xE6100000010C9C8F284FCE0C43C0D1CE967E592C6240,7446CFEE-C73F-4DE3-9255-2910FEA80933,21-12-2011
13428,"4+B347533, place de la République",,Versailles,164,78000,0xE6100000010C198D36A9D05F4840DC1093D182EB0040,766936E3-D519-4B48-93C4-92F8CEE4F676,21-12-2013
13429,4753 Montanya Court,,Mill Valley,9,94941,0xE6100000010CC6D0E052CFF3424010DB768B629D5EC0,CDE9D180-90A2-4A64-8BCD-1D633B634DD9,11-09-2011
13430,4539 Leeds Ct,,Haney,7,V2W 1W2,0xE6100000010CE4685B62A28E4840D60292EBEAAB5EC0,533DD799-59F9-451B-BD9D-3B3FE7FC4F34,18-10-2011
13431,4804 Haynes Court,,Milsons Point,50,2061,0xE6100000010CDDB41CC7D3EC40C01306836762E56240,977F5A36-6E5E-4441-8B37-2B40B2ADB64D,03-03-2013
13432,2617 Melody Drive,,Newton,7,V2M1P1,0xE6100000010C3A1F30E064F24A4017EA4607C3B75EC0,DCBE87BD-D6B4-4E0A-8A94-00FB32C763CF,05-03-2014
13433,5313 Haynes Court,,Vancouver,7,V7L 4J4,0xE6100000010C2751065012A64840FFC796F7C8CC5EC0,41C43B3A-E212-42E7-A6FD-354EF27882F8,25-02-2014
13434,8192 Scenic Ct,,Findon,66,5023,0xE6100000010C77DA61BB117641C00B46A961F44A6140,F4237CD7-91F8-4EA1-BC2D-F40D736D3F58,07-04-2014
13435,3644 Rosarita,,Bellingham,79,98225,0xE6100000010CE183F2C6625A4840C27C7E0337A35EC0,F1966F6F-0E4A-4ADE-84DC-4A88F20EC529,10-02-2014
13436,6594 Glen Wood Drive,,Lynnwood,79,98036,0xE6100000010C2D63B6FEB8EB4740AC693A70BC9D5EC0,B2A30515-F4DB-485F-834C-73306B9C2B5A,18-06-2014
13437,5180 Lacorso,,Los Angeles,9,90012,0xE6100000010C4C659637A90241402FB0C0E5CE835DC0,B160201A-C955-4FAC-991C-CB352B04ED26,12-07-2013
13438,6940 Hilltop Dr,,Sydney,50,1002,0xE6100000010C83BB631F53F340C0E473CF805EDF6240,28B15150-CC60-4FCF-85F5-B55BF1805E0C,27-05-2013
13439,5542 Orchard View Ave,,Caloundra,64,4551,0xE6100000010C1530F62080C23AC0FEBDA2A5EA246340,5935C738-C640-46BE-96E2-BE7C179F8D6B,09-05-2014
13440,"92, rue Saint-Lazare",,Les Ulis,177,91940,0xE6100000010C05F610BCDF5348404E9D1E5F574F0140,BFCB5961-EE52-4F74-9802-1C8E66EC2637,21-12-2013
13441,4176 Alexander Pl,,Concord,9,94519,0xE6100000010C238A8AE60B014340A438C10FCC865EC0,AEC9191E-45E0-463A-991B-B7D049A62730,05-08-2013
13442,8384 Golden Rain Road,,Bellflower,9,90706,0xE6100000010C2A5F95BE3AF74040F1146380CB885DC0,4CC54A5C-A37C-4047-9724-002C09E50101,07-04-2014
13443,"211, quai de Grenelle",,Les Ulis,177,91940,0xE6100000010C8D2503367B5948404E9D1E5F574F0140,DB03F3CF-BFEE-42B9-B712-6A9129B1A6B9,21-12-2013
13444,5994 El Capitan,,Palo Alto,9,94303,0xE6100000010CD43DCA1C4ABA4240FAD213D5947E5EC0,0A29CCCE-694A-43DC-9EF7-D51788A822DE,12-07-2011
13445,7743 Ham Dr,Unit 2b,Edmonds,79,98020,0xE6100000010C3CD75BF523E24740ADC92531A89C5EC0,EB70C79B-FA42-4DAA-B624-13599263E5FC,25-04-2014
13446,3009 Temple Court,,Cheltenham,14,GL50,0xE6100000010C8F7DE74CF6F0494040C8DD6B8C9B00C0,158E822B-D661-4F56-AB0D-02594171A079,03-11-2013
13447,1293 F Street,,La Jolla,9,92806,0xE6100000010C6B86278D4BEF404019BAF00409725DC0,00360B55-DCA4-46C6-A43E-7259E8D3302A,04-08-2013
13448,5952 Haven Drive,,Beaverton,58,97005,0xE6100000010CC46DDBF049BA4640AB47E4F3FCB05EC0,0B9EA8B0-C6CC-4C88-9539-E5B432C2B85E,04-09-2013
13449,3960 Temple Drive,#304,Oxford,14,OX1,0xE6100000010CCF373FE621E2494092A198BA2A2EF4BF,9D0CA751-90B7-45BF-BD7A-759B6364AA87,02-01-2014
13450,8500 Pinehurst Court,,Wollongong,50,2500,0xE6100000010C777A2EC5F73241C0B975A1E1A6E06240,4B0D402C-7B3E-4096-9ED9-B9954F72FE68,05-11-2012
13451,2575 Garcia,,Walla Walla,79,99362,0xE6100000010C0C9754628D134740629845571C965DC0,CDDBBBF1-BC77-46B1-9BC6-AEF25F0F47D3,08-02-2013
13452,Nollendorfplatz 5662,,Münster,70,48001,0xE6100000010C00000000000000000000000000000000,4969F7B1-CD05-44C0-8234-1CD6B283CBBC,17-10-2011
13453,144 Santa Monica,,Lakewood,9,90712,0xE6100000010C6C46185388E6404020827A4FA67E5DC0,8970CDFB-502A-4172-9F0E-297EEE3C1F6B,23-04-2014
13454,7020 Mayette Avenue,,Santa Cruz,9,95062,0xE6100000010C6FBBB2C9127E4240A12B64858C865EC0,2386385B-9EBC-4272-910D-8ACA119BEC31,23-03-2014
13455,Zollstr 68,,Erlangen,8,91054,0xE6100000010CF868BF2311C84840F08BC13246112640,D32A799F-4881-4DE8-9BB2-6A9E33420346,24-11-2013
13456,Attaché de Presse,,Dunkerque,145,59140,0xE6100000010CCD74D104AF8A4940C3281FE0D3D40240,9C873248-3EBC-430E-9BC1-671A9BCA69B4,21-12-2013
13457,2707 Virgil Street,,Palo Alto,9,94303,0xE6100000010CFAE464DDA7BD4240DCDFED2BA9915EC0,42D04D23-3FD6-429C-A6BD-1015DB4FAF54,21-10-2013
13458,5666 Hazelnut Lane,,Darlinghurst,50,2010,0xE6100000010CFFC8F7A56FF040C0289A3527D8E66240,1B237E80-3D59-432F-89DA-406E7733AAE0,05-12-2013
13459,2748 Logan Court,,Newport Beach,9,92625,0xE6100000010C6FACFC75F9CF404019D852B9897A5DC0,5BFD3463-693A-4057-979D-19CA734EB5AF,09-05-2014
13460,2851 Ward Street,,Milsons Point,50,2061,0xE6100000010CCEE91BF6B9F040C0B98249A649E86240,3129D15D-E18E-48A1-BE52-B91D01A8812E,20-05-2013
13461,8689 St. George Court,,Branson,37,65616,0xE6100000010C38C93C668F56424082DE6081EF4D57C0,E3757DF0-6B18-4E04-B2DA-7041A6539DBD,25-10-2013
13462,1080 Crestwood Circle,,Metchosin,7,V9,0xE6100000010C3708977CC82B48403764420862E55EC0,08A67204-C554-440A-AD9A-22FB125A2CD0,13-11-2013
13463,6650 Contuti Avenue,# 135,Rhodes,50,2138,0xE6100000010C00849EF175F140C0F71FF81C40E46240,30E8B4C9-1DEF-47CA-A648-82C4F6A64968,18-02-2014
13464,4030 La Orinda Place,,Olympia,79,98501,0xE6100000010C644E13FC777847402A3ACDD442BE5EC0,CCE57943-6ACB-497F-BA99-C2D27ED21732,19-10-2013
13465,5271 St. George Court,,Imperial Beach,9,91932,0xE6100000010CE358AA8BEA46404033A4DB3C95415DC0,C249D5D5-2DDE-491F-A7A8-EEF02D5604C0,27-05-2014
13466,4851 Heights Ave.,,Beverly Hills,9,90210,0xE6100000010C58CF622C1808414029BF088E83A45DC0,88E417FA-92E3-422A-A435-F676381EF653,30-01-2012
13467,8475 Riverwood Circle,,Oakland,9,94611,0xE6100000010C42A211D1C8EE42402ECEEDB7C2975EC0,B4B31093-9A25-4AB7-9991-1F5438B5D0AC,19-06-2014
13468,Altendorfer Straße 5,,Offenbach,70,63009,0xE6100000010C00000000000000000000000000000000,7097F0CB-F16E-45EC-A828-8A2CF9756FCB,11-04-2013
13469,9970 San Miguel Rd,# 170,Oakland,9,94611,0xE6100000010CFABD48A301E8424073FAFB8DD9935EC0,B68A42B1-5AFE-4296-8212-4D38B70ADCAC,08-12-2013
13470,3429 Fourth Street,,Salem,58,97301,0xE6100000010CE16DC5096A6C46403B548181A1BE5EC0,93C4F4FC-014E-420C-B7C5-ED0E92BEDA73,17-07-2013
13471,7834 Roux Court,,Langley,7,V3A 4R2,0xE6100000010C58FA05DF6E93484056D91DDD20A55EC0,15F4BA27-CADB-4752-A7E0-BF473DA70FC8,29-01-2013
13472,4203 Wildcat Circle,,San Carlos,9,94070,0xE6100000010CC36AD5B1F0BB4240E41A83B06C9A5EC0,F8D4B303-24C0-4A9E-A38A-35D187A911FE,31-10-2013
13473,6206 Arthur Rd,,Santa Monica,9,90401,0xE6100000010C6D64D1E982FF40405EC431C848945DC0,30D2B03F-E178-4811-8127-876BDE454D04,30-07-2011
13474,4753 Montanya Court,,Silverwater,50,2264,0xE6100000010C3554F33D1B9540C0929B4E5708EF6240,54E70757-8B25-49B8-B8F3-A281F734E2EB,01-02-2013
13475,5484 Viking Dr,,Corvallis,58,97330,0xE6100000010C8FBC56904656464064ACA37209CC5EC0,3EAAD92A-C736-4B4C-918D-AE65C773B372,18-01-2013
13476,7355 San Benito,,Bracknell,14,RG12 8TB,0xE6100000010CEFC9273C39B2494059764EC4383CE8BF,83879180-8C1E-40EC-B8D7-9B2ACC8B4C2F,14-09-2013
13477,9930 Clinton Dr,,Chula Vista,9,91910,0xE6100000010CEC67CEA191574040C7C963B19A4E5DC0,B98BC175-C77A-48DD-826F-2BAA99FCB561,12-02-2014
13478,5098 N. Civic Dr,,San Gabriel,9,91776,0xE6100000010C3759C2EA9B0D414052B897F0C77E5DC0,36DCFDBF-C245-428E-AC62-4A7F67BA96D8,08-07-2013
13479,Karl Liebknecht str 577,,München,20,80074,0xE6100000010C00000000000000000000000000000000,7E808B78-ECB2-48CA-B330-8E8ABC457FED,26-07-2013
13480,3902 Clay Rd.,,Wollongong,50,2500,0xE6100000010C0ECDB3550D3641C0F95E389A71D86240,1CE884C8-F70C-4920-963D-61A4F1165C4F,11-03-2014
13481,2461 Orangewood Court,,Warrnambool,77,3280,0xE6100000010C9AB214DA530B43C0E9A74AABABCB6140,4842E1AF-908F-406B-9D44-072FAD2E7C5A,04-11-2011
13482,4884 Maria Vega Court,,Coffs Harbour,50,2450,0xE6100000010CCA7FA35C312A3EC096CFD7A77D1D6340,512D09B3-43AD-4824-9A9B-8BAA3B10F60F,11-12-2013
13483,6237 El Rancho Dr.,,Townsville,64,4810,0xE6100000010C7C0BC38A003833C040131311DA586240,32D4CA3C-19D8-4765-95A1-A5D50D5C8D66,23-06-2014
13484,"48, rue Montcalm",,Tremblay-en-France,179,93290,0xE6100000010C52C69EB6FB764840C6159ACB4C770440,B2349EDB-BAD2-45D8-BF6E-C6955A829252,21-12-2013
13485,3002 Carmel Drive,,Oak Bay,7,V8P,0xE6100000010C00603723CB3C48405D97353CA2CB5EC0,ED987C4F-9FC5-4BBF-AB52-98A2805B2CB6,04-04-2014
13486,1531 Birchwood,,London,14,W1N 9FA,0xE6100000010C01814789F1D349404CDDDDBE2EFAC2BF,75C9D1D4-E56C-41AA-B431-0E2C46002EF5,10-08-2012
13487,Zur Lindung 1,,Erlangen,8,91054,0xE6100000010C99FACF7066D548406099622825102640,BABCB624-F1FD-4F67-84CF-8EE0CAC6C3A0,08-10-2013
13488,3989 Terrace Drive,#55,Lake Oswego,58,97034,0xE6100000010CBBB56C5E60B84640CFCF6369C9B05EC0,BDC97D9E-9D9F-440A-9572-ECE1AAAD1090,21-10-2013
13489,4284 Boynton Avenue,,Redwood City,9,94063,0xE6100000010C85844FBAD2BE42403981A29081895EC0,6C7B4B67-C83D-4303-A9AE-982825010B76,03-11-2013
13490,5525 Lilly Lane,,Burbank,9,91502,0xE6100000010C798B51B5B514414092234477478F5DC0,3185853F-896C-4290-81CB-FFF1D92D3200,08-01-2014
13491,6453 Coldwater Drive,,Bendigo,77,3550,0xE6100000010CABB64C90236642C074141860D50F6240,ECFFD8A9-8251-4018-BDD6-E984B99F7714,07-03-2014
13492,9975 Haynes Court,,Shawnee,7,V9B 2C3,0xE6100000010C7C0E1A98B23F48403C34BED6AFD85EC0,AEBAAAF7-F48A-473F-8F51-1182A9B4968B,29-04-2014
13493,1471 Michigan Blvd.,,Shawnee,7,V9B 2C3,0xE6100000010CAE551D0CF0404840B2AF631BD9DB5EC0,3CF9A200-0313-4FF9-9254-65A3F38214BE,18-07-2011
13494,9334 Cougar Way,,Bendigo,77,3550,0xE6100000010C4A5592DB145F42C0F211B42B5F0F6240,49AE8973-43BE-4077-B5D1-DD083173EC96,25-11-2012
13495,5703 Rose Dr,,Grossmont,9,91941,0xE6100000010CD2B862E504624040BF7C0B800A3B5DC0,B5999C1F-40FC-45B8-9870-579C1A980DCC,11-03-2014
13496,9236 Woodland Drive,Unit B,High Wycombe,14,HP10 9QY,0xE6100000010CFF8E84EF30CD49401BE73FED673DE6BF,303E2311-CFA4-4049-8E76-3B8DA4E545A3,26-07-2011
13497,"83, rue de Fontfroide",,Paris,161,75017,0xE6100000010C049E9D1115794840C058806ACD710240,43A6433F-23FC-460E-A0E6-D2B584A3DF75,21-12-2013
13498,4101 Buckthorn Court,,Concord,9,94519,0xE6100000010C2F8C6144FFF74240AB0B08683F805EC0,3719DA66-320A-43FF-83DE-02B970B0FAEF,16-12-2013
13499,9770 Fraga Court,#91,Concord,9,94519,0xE6100000010CCC8C006381024340CBD6E9AD4D7A5EC0,E01413AB-40EC-4CDE-8C91-DB27C05012A5,18-06-2012
13500,363 St Paul Way,,Portland,58,97205,0xE6100000010C01BC07BB42CA4640AE7D4BAFA9B05EC0,ED3F96E8-A005-4FAA-8D59-D04E131826FA,27-11-2013
13501,6985 Florencia,,Burlingame,9,94010,0xE6100000010CB9B329371ECD42405821E32F559E5EC0,D52BD1D0-3677-48EB-BA15-1F2339E67FDE,05-11-2012
13502,Postfach 99 92 92,,Kassel,19,34117,0xE6100000010CA3F0DB6D28A74940E1C8BFDA63F62240,1D34228F-3AC6-451A-9692-F230C86D7967,18-02-2013
13503,1431 Rancho View Drive,# 14,Cliffside,7,V8Y 1L1,0xE6100000010C60666778393E4840545FB603B3D35EC0,D28F39FA-027C-4B82-BD1D-592167920384,08-05-2014
13504,6598 Hargate Court,,Fremont,9,94536,0xE6100000010C9253160B5AC4424064A577FF71805EC0,604F415D-089F-4E08-A996-4A1F377EAB5A,15-05-2014
13505,4256 Ashmount Way,,Warrington,14,WA3 7BH,0xE6100000010C76BBA9F6A5B34A4084472AEFFB3F04C0,28187E4B-BE19-4C07-A695-2428BD440900,13-02-2013
13506,6384 Euclid Ave.,,Yakima,79,98901,0xE6100000010C0CD891CB5E504740D3DE640EF8135EC0,7AD15AB1-F2C7-43DB-B4F4-F4545530ADE6,28-12-2013
13507,9 Katherine Drive,,London,14,SW19 3RU,0xE6100000010CC354BE863BAD49405EE995EBFE88CABF,E6868072-01DC-46BA-AE66-913703499AEF,17-12-2013
13508,7158 Waterview Place,,Stoke-on-Trent,14,AS23,0xE6100000010C01F6B3AA25874A408796857D9A6601C0,B815492B-85A1-4B42-AE48-082DA8E2B1EB,01-08-2013
13509,2151 Twincreek Ct,,North Ryde,50,2113,0xE6100000010C395F589777E840C0D477395E99E86240,66C4816B-76BF-4C34-9D42-1E524AC93C71,27-02-2012
13510,5489 Patterson Blvd.,,Lynnwood,79,98036,0xE6100000010CE09999D77BDF47408A89971242865EC0,ED28D35F-F440-4220-8C57-B93331DEA59B,24-05-2014
13511,8439 Teak St,,Gold Coast,64,4217,0xE6100000010C42CA9B6A8CF63BC01A295CA5972A6340,3936D94C-8436-436D-8F21-F6EF0ECAC573,25-12-2011
13512,734 Mt. Tooth Place,,High Wycombe,14,HP10 9QY,0xE6100000010C1C698BC522D3494032522CF38742E6BF,D77B6AAE-1D11-4BC1-9570-82B6084653C1,29-01-2014
13513,7025 Eastgate Avenue,,Gateshead,14,GA10,0xE6100000010CF2BFEC7B3B7F4B40A7B58E22DEA9F9BF,165EA6BD-77B5-423F-B53E-7A6706EC8A1B,19-02-2014
13514,2886 Chaparral Court,Space # 45,Issaquah,79,98027,0xE6100000010C9D251A4E38C04740E700A232AA775EC0,94E91A73-D8B4-44D6-AC8C-DADCD8825A83,24-11-2013
13515,4381 Amazonas,,Issaquah,79,98027,0xE6100000010CD23C5CFBA6C2474085129553E2765EC0,E6B02F8B-3003-45BE-AB67-73B086878B9B,25-02-2014
13516,8533 Valley Oak Plaza,# 174,Perth,66,6006,0xE6100000010C7E30DF30C5E93FC0A574B8435AFD5C40,AD11CF8E-ECE5-4B52-854D-CE081691A9C0,27-11-2013
13517,7839 Liszt Way,,San Diego,9,92102,0xE6100000010CD4F632C83E584040BC3C9060B04C5DC0,8B80ABB7-A9C0-4379-96DA-190E0CC17139,24-03-2014
13518,2245 Cloudview Dr,,Bellingham,79,98225,0xE6100000010C713257FADD66484055969A8ACE995EC0,5AD89574-74D7-417B-80DE-3343D4FED94C,28-02-2014
13519,6327 Mi Casa Court,,London,14,SW19 3RU,0xE6100000010CE26C8FE8BCB9494093178ABA638CCABF,4667DBAC-2460-4465-BB49-F2B2ADD8AEC0,04-04-2013
13520,5957 Hill Drive,,Brisbane,64,4000,0xE6100000010CCF0DD7A04B703BC02C132391B4206340,03003363-6148-4E33-8843-E4D615F28449,21-07-2011
13521,4030 Rosina Court,,High Wycombe,14,HP10 9QY,0xE6100000010CE752D5603AC94940BA18F195B23BE6BF,C7E07245-EF6F-46EF-BF65-60743E7D6462,04-04-2014
13522,"854, boulevard Tremblay",,Drancy,179,93700,0xE6100000010C50F3876CF3744840AB0AA074108B0340,290895CD-2D28-4868-A7C6-ADD54C1099F6,21-12-2013
13523,7239 Green Leaf Drive,,Marysville,79,98270,0xE6100000010CA0CC8AD7AB094840E7B8547B988C5EC0,8AB084A1-E2F0-449E-894A-FC497FC462DD,06-12-2013
13524,2206 Clear View Circle,,Concord,9,94519,0xE6100000010CCC8C0063810243401A1137A8EB895EC0,5E939F03-9B04-42CD-AA48-1268FA1BA8F1,12-11-2011
13525,1685 Greenbelt Way,,Fremont,9,94536,0xE6100000010C4C9DE36A1FCA4240822CCD45D0895EC0,48C207D9-859E-4F84-8B55-C58A4F165015,23-04-2014
13526,Hellweg 4644,,Salzgitter,19,38231,0xE6100000010C00000000000000000000000000000000,3D0E288B-CF4C-4107-AADB-2E5B43B9704B,27-01-2014
13527,9507 San Vicente Dr,,Renton,79,98055,0xE6100000010C9E89517E65C3474067373633F6885EC0,C9521605-07AD-41F0-82AE-333693E43009,21-11-2013
13528,5831 Mountain View Place,,Calgary,1,T2P 2G8,0xE6100000010CA0D918DFC88149408CA0132DFF825CC0,8ACAC442-C83D-43E5-BCDF-1ED0C17BB3B8,16-09-2013
13529,2546 Woodchuck Pl,# 2,Bracknell,14,RG12 8TB,0xE6100000010CC2DBF305C1BC4940DA6C9411F13FE8BF,3C8D0D88-C585-49A5-B168-0A08A6412A7E,04-04-2014
13530,7371 Cali,,Salem,58,97301,0xE6100000010CBB3C5C4B7F7B46406B5EA708A4C55EC0,8D5A2A75-D56B-4B3B-AF3F-FD8BAB87692C,11-11-2013
13531,Königstr 284,,Mühlheim,20,63151,0xE6100000010C00000000000000000000000000000000,5F0B334F-A830-4C92-869A-1D2A50DCC37C,25-08-2013
13532,7412 N. Civic Drive,,Glendale,9,91203,0xE6100000010C53B28E7C4D1541402CFF629F4C965DC0,27BE041D-D6B1-4A76-91AE-32AEBCE5F149,18-02-2014
13533,1679 V. Street,,Ballard,79,98107,0xE6100000010C5352BF0092D84740708E8749689C5EC0,6FFE9B98-EF73-4938-BA11-B63D0D4E9187,05-10-2013
13534,3503 Springwood Way,,Beaverton,58,97005,0xE6100000010C43C468E3B4B94640FB7DCCF520A95EC0,56153371-8DE6-4128-8DC8-1FE994DE1908,11-06-2014
13535,4629 Candle Dr,#30,Billericay,14,CM11,0xE6100000010C030BADF04FCF49402AC09FE7D7AFDA3F,F6C9E615-33BE-4382-91AD-BAE58786AE15,11-12-2011
13536,5870 Matheson Road,,Oakland,9,94611,0xE6100000010CEE1A70392AE342401A17AF75CF8C5EC0,13219A0E-DF0E-4480-AF16-AE44F334E802,16-01-2014
13537,2928 Harmony Way,,York,14,Y03 4TN,0xE6100000010C96ABC7D1CFF34A402A0FA48D6C56F1BF,9EA2739A-C3D7-4EE9-A63B-26C080EAECF5,06-05-2014
13538,"3738, chaussée de Tournai",,Bobigny,179,93000,0xE6100000010C0FE1E7682A7948405D151C09E38B0340,8FD1EF4A-5C8B-42AB-A7D0-B16DD9ADB14C,21-12-2013
13539,570 Guerrero,,West Covina,9,91791,0xE6100000010C7259AB6A250641408E089220ED7C5DC0,06A48224-7593-4BEC-9E1A-61395FB3B0A8,07-01-2014
13540,7798 Longbrood Way,,Caloundra,64,4551,0xE6100000010C70C17D403EC53AC0E5D200C17C216340,8DDA8E1F-6AB7-4B17-A209-6142FAD80941,21-11-2012
13541,4028 Rosina Court,,Beverly Hills,9,90210,0xE6100000010C08D467B3F70841409255A13953925DC0,DABA52BC-924F-43C4-84B7-2E9F6124DC23,17-05-2014
13542,8433 Kenmore,,National City,9,91950,0xE6100000010C5AB997FE9E5B4040BA6EF4CD1B455DC0,C2657E2B-0C49-4B9A-8121-CB979A43E2E6,04-01-2014
13543,"60bis, rue des Peupliers",,Colomiers,117,31770,0xE6100000010CBAFADDE79CCC454002F0EDEFEC3BF53F,BC4D3317-4E6A-4C1F-8482-4304EF73607D,21-12-2013
13544,4802 Haynes Court,,Beaverton,58,97005,0xE6100000010C241E9EAD60B746407BE6E1C033B05EC0,1589BEE9-FBB3-41C5-AFB7-734EC507FADF,19-11-2013
13545,9461 Rose Ave,,Lebanon,58,97355,0xE6100000010C1DDE9479E73D46402BBA9DC598A95EC0,5E63A1B9-44C6-465F-AC4E-C1F86F83D9D6,10-06-2013
13546,570 Guerrero,,Gold Coast,64,4217,0xE6100000010CE9833C5DE2043CC09F2C14558E2C6340,31249189-CB3D-4FB7-84DF-5AB245906E4E,31-03-2013
13547,2391 Pepper Place,,Milsons Point,50,2061,0xE6100000010C4A01389975F240C030FD3E6420ED6240,69AF7E89-EEA0-4C7C-83E4-147390E50DBF,25-04-2013
13548,Postfach 22 99 99,,Leipzig,53,4139,0xE6100000010C00000000000000000000000000000000,EA672BB4-2CE8-41F5-BDB5-E87A509ED1F8,24-11-2013
13549,3978 Spring Hill Dr.,,Berkeley,9,94704,0xE6100000010C6DD6A7F4FBF04240E1CD216D0D8D5EC0,3B6D3A7C-92D6-484F-BEDF-150A97980EEF,08-08-2013
13550,6083 San Jose,,Haney,7,V2W 1W2,0xE6100000010C835012E672974840D538004F5E9F5EC0,54E08BC0-1F82-4692-9FE5-841077FE102F,01-07-2013
13551,5884 Madhatter Circle,,Lavender Bay,50,2060,0xE6100000010CEE017D7572F040C0697BA8117EE66240,F3916A6D-2782-4EFD-BFA0-FC30DD93A0EE,19-08-2011
13552,997 Grasswood Ct.,,Watford,14,WA3,0xE6100000010CB1F2F1D725D249400659E5F68E09D9BF,BC3E1E29-135B-4422-8B14-C2C16F12A80C,20-04-2014
13553,530 Northridge Drive,,Spokane,79,99202,0xE6100000010CAB81546FEED74740F71CE1BBC3595DC0,94260B9C-93DA-4576-9156-84EF70F80F1D,26-12-2013
13554,5697 Alovera Road,,Beverly Hills,9,90210,0xE6100000010CB35FF484260B414011D27B833DA25DC0,A2BF2515-AB10-43AA-A5E1-94462A019C28,24-02-2014
13555,4348 Via Romero,,Darlinghurst,50,2010,0xE6100000010C2D912DE934F540C0320F0326B7EA6240,42A8B2EB-411A-4EDB-99F8-F2639DF35925,31-08-2012
13556,5483 Cornwall Court,,Renton,79,98055,0xE6100000010CCE2047FB24BF4740A3F59FC558925EC0,72D6C8B3-0A63-471C-9F80-5D0C38B6562C,14-03-2014
13557,3561 East Avenue,,Bremerton,79,98312,0xE6100000010C35CBF244F6CB47401340294E36A55EC0,8823FFD2-FAE1-481B-915E-A5AEA52B8619,20-06-2012
13558,"2454, rue Lamarck",,Saint Ouen,127,41100,0xE6100000010C74FC8DB1D4ED4740B43CB394505BF13F,3D13C34D-393E-4616-8926-86ABE0B5367D,21-12-2013
13559,1933 Landover Lane,,Rhodes,50,2138,0xE6100000010C00849EF175F140C0B719B2F7AAE66240,7014AD28-D51C-4DE5-8635-6EB337B0C0ED,20-09-2013
13560,3601 Stinson,#7,Langley,7,V3A 4R2,0xE6100000010CB4D0E9C5C68D4840E02504FFC5A25EC0,24195B26-838D-4A04-B08D-2CF3872C723B,17-08-2013
13561,8411 Mt. Orange Place,,Coffs Harbour,50,2450,0xE6100000010CE17459CC472D3EC096CFD7A77D1D6340,79CF05B3-F97E-44A4-BE77-FC703C19AC2F,27-03-2012
13562,4588 Morgan Territory Road,,Newport Beach,9,92625,0xE6100000010CDD443FC917C9404010CB3D27C4765DC0,BA9DEE5C-E221-4B76-A19F-F313F8CA59CE,13-04-2012
13563,7538 Sherry Circle,,Santa Cruz,9,95062,0xE6100000010C6EC52FDA3B7B424084B8DD0C2E7D5EC0,A525956A-DF4B-464B-B736-9D53607F630C,26-01-2013
13564,6124 Clay Road,,Long Beach,9,90802,0xE6100000010C2841939776E240409FC6F887C9835DC0,66CA2CF1-0894-4D71-B551-71112B32F7B2,24-08-2013
13565,1312 Garland Dr.,,London,14,SW8 4BG,0xE6100000010C07940A7A6CC049408024B3259CBBC2BF,D314F2DA-362E-4EAA-B8FD-15E3FB059434,13-06-2014
13566,448 Roanoke Dr.,,Melbourne,77,3000,0xE6100000010C66446C7B5AED42C07E287B4C52256240,D046ACA4-97C6-4E8E-BCE2-48B80CE8999D,17-02-2014
13567,9328 Attic Rd,,Royal Oak,7,V8X,0xE6100000010CA8426E87D53C4840EA4F209421DE5EC0,D6A0FA7D-41D6-4ECF-A1DE-4005A38CCDCE,04-07-2013
13568,Kappellweg 242,,Hannover,53,30601,0xE6100000010C00000000000000000000000000000000,4ED62A68-591F-4893-8977-5627ED959DD3,23-12-2013
13569,6938 Hilltop Dr,,Puyallup,79,98371,0xE6100000010CA6D67385E096474066759732399E5EC0,D68D6C68-63B2-4C7F-915F-619A6E554918,30-04-2014
13570,8377 St. Raphael Drive,,Burlingame,9,94010,0xE6100000010C9D44B2B0DDC64240323FA82B3C905EC0,02B2E09B-0A34-4AD5-AA6A-9227950A7108,13-07-2012
13571,5056 Anchor Ave,#511,Lemon Grove,9,91945,0xE6100000010CD4148901015840405AF299067E4D5DC0,91DFAD3A-A1C4-49B2-8B56-F665FA673FAF,22-02-2014
13572,8498 Mcneil Pl.,,Lieusaint,163,77127,0xE6100000010CF31D9A985F4748407EAB8BCDFC6A0440,A4B70A37-81B1-4543-BBA4-1B1812E6B02E,21-12-2013
13573,Buergermeister-ulrich-str 2945,,Frankfurt am Main,70,60075,0xE6100000010C00000000000000000000000000000000,E1020E54-AF50-494A-A559-2956752A205D,04-10-2013
13574,9715 San Francisco,,Concord,9,94519,0xE6100000010C37911ADDEF0443402E604B77AC835EC0,02FB4362-28FC-4952-8804-C0DD3D39E732,16-06-2014
13575,6337 Hill Dr,,W. Linn,58,97068,0xE6100000010C4CB1F3AC10B04640A86C0B64BDAB5EC0,07D22417-023E-471F-BC03-9FF1095774B8,05-01-2012
13576,4144 Show Rd.,,Hervey Bay,64,4655,0xE6100000010C30B0CA2CF85239C087DB10AA13166340,3AD1D462-2194-4BDC-AA00-CDF04120B9B9,01-03-2012
13577,1251 Alan Drive,,Warrington,14,WA1,0xE6100000010CF1F2E09A0BAA4A408DC1DA98808604C0,4FD4F0A8-B92F-4223-AED0-790E6070CF78,26-02-2014
13578,Brunnenstr 7566,Verkaufsabteilung,München,19,80074,0xE6100000010C00000000000000000000000000000000,5F00ADE2-62C9-40D3-BA52-AC3DB5A6BD29,15-06-2014
13579,"66, avenue du Québec",,Burlingame,9,94010,0xE6100000010C5A6556840EC24240599BB72A1A8D5EC0,95E57366-093B-4929-B455-D9E1668E8FCC,11-11-2013
13580,2030 Hill Drive,,Seattle,79,98104,0xE6100000010C6F67AAE2B0CF4740A3727753929E5EC0,8C7803CF-006D-4879-8F80-E69049B769E2,16-11-2012
13581,8486 July Loop,,Hawthorne,64,4171,0xE6100000010CDC585E1C3C793BC0F3A79B261C206340,8F0B1B1D-0AE4-46EF-976C-31E7E7D64F4D,28-09-2012
13582,9639 M St.,,Burlingame,9,94010,0xE6100000010C7AA4C4ECD3C742403F35112DEF945EC0,31513982-90F9-4490-B7EC-679D07272E74,02-04-2014
13583,5010 Orange Street,,Chula Vista,9,91910,0xE6100000010CD10910FCA45440408AD906025E435DC0,CD47D95C-4C45-4550-9112-BD20B411104A,09-11-2012
13584,9531 Tri-state Ave,,Chula Vista,9,91910,0xE6100000010C92B741D78A4D40407F05FF759C485DC0,F58E29ED-0A40-4D25-BC7B-3DCBAEE54E84,26-07-2013
13585,1306 B St.,,Malabar,50,2036,0xE6100000010CB23B7D6207FA40C0D20C9371D0E06240,35265469-11FE-425E-86A3-CFDC311A6779,01-06-2014
13586,9852 Shirley Dr,,Downey,9,90241,0xE6100000010C6E824578BFFD404084EB8AFC6B7F5DC0,D6ACBCB2-5C10-457F-A1C1-FC587A0365B8,14-08-2013
13587,7559 Worth Ct.,,Bellflower,9,90706,0xE6100000010C2A5F95BE3AF740400A7C8F4742845DC0,0830C87E-26DD-444D-9ED4-F93C0CA50414,18-05-2012
13588,9639 M St.,,Vancouver,7,V7L 4J4,0xE6100000010C23D6FBDC209F4840F97AE8952EC05EC0,60BAA6F2-4787-4D4D-804F-750C5123CB88,15-10-2013
13589,5061 Athecton Circle,,San Diego,9,92102,0xE6100000010C93D85F94D3574040CFEAC81331485DC0,91B006C2-E64D-41E0-8B5F-C170F86060EB,15-04-2014
13590,291 Ironwood Way,,Lavender Bay,50,2060,0xE6100000010CCFE08B4C6AED40C0697BA8117EE66240,EB09BA68-C7EA-4330-87B9-22629C5EE6C6,22-11-2013
13591,7757 O Ct,,Hobart,71,7001,0xE6100000010CC00BDAC0576C45C061830314F86A6240,3629F3A3-28B4-4D80-AC48-DD087DED2F51,09-02-2013
13592,6088 Gonzalez Court,,Port Hammond,7,V6B 3P7,0xE6100000010C25D9C89DD0A9484006DD39E46ACD5EC0,F4BE93D1-42ED-4D85-B720-403EA867197F,27-11-2013
13593,6191 Story Lane,,Burnaby,7,V3J 6Z3,0xE6100000010C362E8090709848405972E44596B35EC0,C12FA4A4-D6EC-4D11-BE58-65883444354C,18-11-2013
13594,281 Windsor Drive,,Spokane,79,99202,0xE6100000010CAED70C9570D44740BFC559F2335F5DC0,7DC597A6-8D0F-4BCD-A0D9-433B981B16EC,18-03-2014
13595,3485 Sands,,Seattle,79,98104,0xE6100000010C795547EFB3C4474080362C6FC5925EC0,C47E4149-C34E-4D9E-9FB9-19B676C00346,25-04-2014
13596,7591 Signal Court,,Townsville,64,4810,0xE6100000010C9187A0730C3533C0710B14D6CE516240,35854B61-D7F4-49C2-B865-57FE3627C6A7,20-05-2013
13597,5458 Gladstone Drive,,Braintree,30,2184,0xE6100000010CEE15C34E371C454076BF79657DBB51C0,86B52C80-5BAA-4543-BE12-09955A2F8DAF,07-04-2013
13598,4980 Olivera Rd,,Seattle,79,98104,0xE6100000010CEE4CE1BF3BCD47406282BA744A8D5EC0,4228FFD7-0850-46B9-BAC5-A54E9AB51A79,28-03-2014
13599,Auf den Kuhlen Straße 19,,Darmstadt,19,64283,0xE6100000010C2A0EF6F384F44840C166ED8D64542140,5447EB32-99F3-4CAB-9F13-5434F9E98B45,27-05-2014
13600,"99, avenue du Président-Kennedy",,Bobigny,179,93000,0xE6100000010CFB3DED96C8744840BA72F5B464810340,4F6E4082-86FA-4F0F-9A46-E634348ACA33,21-12-2013
13601,"3, rue de Maubeuge",,Paris,161,75007,0xE6100000010CAE92A753A96D48405AA7B1CD65B60240,6526F68A-CBBD-44CF-A278-36061C335306,21-12-2013
13602,Rehstr 1346,,Eilenburg,85,4838,0xE6100000010C376ED6C492C8494066492A68485C2940,5A7BAD54-61F5-4FFE-A45C-4E8237DA14A3,13-02-2013
13603,833 Boxwood,,Bellflower,9,90706,0xE6100000010C275A1FAD8DEE4040FF13BE2F938C5DC0,74FF4E52-F040-4865-8075-8282125380CD,07-11-2013
13604,2844 Barcelona,,Lynnwood,79,98036,0xE6100000010CC626940C0DE84740FF3F80906E905EC0,ED818807-71F8-46F9-A8CB-20410F70F949,06-05-2014
13605,Königsteiner Straße 750,,Neunkirchen,70,66578,0xE6100000010C58B4B2A818AD4840A6516F97FF741C40,FFBAAFC8-A99A-42DE-AC19-A4075283607D,19-05-2014
13606,9152 St. Patricia,,Cloverdale,66,6105,0xE6100000010C69A0EE029AF53FC09E89557146045D40,AB14CD1E-D1AA-41DE-994B-C6335E667398,23-05-2013
13607,9063 Vista Aven.,,Hervey Bay,64,4655,0xE6100000010C55E9665E445439C087DB10AA13166340,985925F0-25EC-499E-8940-22810CB4B8DD,12-11-2011
13608,"33, boulevard d´Albi",,Paris,161,75007,0xE6100000010C6E951C54D6644840BE509614BE790240,EF3F68DD-2BDD-45EC-816B-8064E21DF4A3,21-12-2013
13609,Postfach 99 01 01,,Darmstadt,19,64283,0xE6100000010C2A0EF6F384F44840BCB7E70E344A2140,452056B9-BF78-42F3-BF8A-E0CDF420D5CD,12-09-2012
13610,5407 Cougar Way,,Beverly Hills,9,90210,0xE6100000010C1469FE92E50C41403A0AD5636B9B5DC0,A0906AF5-2470-4C28-AE3B-9B488F5C1F9E,23-09-2013
13611,8713 Book Street,,Burlingame,9,94010,0xE6100000010C49955FA289C242403F727BAA518C5EC0,0DE182B6-5F82-4CE8-9966-B0E4FD41FA42,17-03-2014
13612,2284 Azalea Avenue,,Daly City,9,94015,0xE6100000010C93547EF3AFD2424052AD2A9D309E5EC0,F07EFFE0-DB33-4F17-B10A-AFF0AAEF448A,07-10-2013
13613,108 Lakeside Court,,Corvallis,58,97330,0xE6100000010C706EB773B45946404F48DA1E81D55EC0,E9893E8A-B863-4E70-B394-1F417E1F1A3F,21-03-2013
13614,5802 Ampersand Drive,,North Ryde,50,2113,0xE6100000010CC9A1AB0B4EE640C0C5F1CC183FE46240,C5ACB93C-C16C-47A8-A073-F84D8A0CD63B,10-04-2013
13615,9893 Hastings Dr,,Grossmont,9,91941,0xE6100000010C695A1652B263404047E8EFCCC7415DC0,89839BDD-68EF-4839-B6DB-96FF9693C9D4,15-06-2013
13616,7970 Madrid,,Redmond,79,98052,0xE6100000010C9FEEBD0370DD474010F123CACB865EC0,E8F77D4D-0097-4092-8481-15AA20BC35CA,01-01-2014
13617,8998 Adobe Drive,,Grossmont,9,91941,0xE6100000010CC84243AD1D64404091809E66C5475DC0,49230557-D76C-4470-9890-8153F5FF6587,04-05-2014
13618,Waldstr 91,,Frankfurt,8,91480,0xE6100000010CD712D8DF35344A4020D2969F06E62C40,D169A6F3-7D03-4670-829F-06D897566BC8,30-06-2014
13619,Zollhof 1866,,Erlangen,8,91054,0xE6100000010C0F73ED98AFCF484007C14509C20C2640,522CBD97-AB2E-4197-B27F-4CC35474A9E2,05-11-2011
13620,535 Greendell Pl,,Fremont,9,94536,0xE6100000010C828AB84550C54240394BE925337A5EC0,704D4F29-E17C-440C-AF8B-C721AE3456E1,10-08-2013
13621,6587 B Way,,Colma,9,94014,0xE6100000010C7E77B51F1FDD4240E94346BF339F5EC0,F51D08B6-5E4C-412F-A2E3-6B19092F1F9D,18-06-2013
13622,3739 Donald Dr,,Downey,9,90241,0xE6100000010C1C0CE2EDB4FA404067F2EDAA018A5DC0,4FBC545E-E285-444E-8D53-3767C76DA91B,21-06-2014
13623,5234 Esperanza Drive,,Torrance,9,90505,0xE6100000010C2A0A292443E4404066A130BF439A5DC0,CAD433EB-8ADF-4FC6-AA58-BC9393E4FB75,14-12-2013
13624,9396 Race Road,,Bendigo,77,3550,0xE6100000010C0F41A3F0E75942C02F08245A860D6240,B0BC2264-839B-4696-B36A-979D3F09EE8D,30-10-2011
13625,8859 Poncho St.,,Perth,66,6006,0xE6100000010C9572597365F43FC078357EAF8EEB5C40,E8E31476-112C-4F2C-B13A-EAFCB2C46C99,29-09-2013
13626,1349 Steven Way,,San Carlos,9,94070,0xE6100000010C1D32A4528AB942400A11E1E9568C5EC0,7E78FD48-736C-4C96-B802-254EDA2F775C,28-09-2013
13627,3098 Eastgate Ave,,Puyallup,79,98371,0xE6100000010CCA31EE3CAB954740C9024D95378C5EC0,39CE2824-6296-45D2-9F0F-7DFB5D520C4F,04-12-2011
13628,4155 Working Drive,,Lake Oswego,58,97034,0xE6100000010C149E53DAB6BC4640E7AB995F55A55EC0,A914CCEB-71AC-4E00-BEB8-49FA72DBA6F3,13-09-2013
13629,8814 Fieldbrook Pl,,Woodburn,58,97071,0xE6100000010CC30DCB51F397464061A4D853C5BF5EC0,B5B8E62B-AA24-44F4-82CB-77C3FB853B67,22-04-2014
13630,8316 La Salle St.,,Burlingame,9,94010,0xE6100000010C30036A097CD0424092EE0FB13FA25EC0,550F1DF7-DE62-4190-B543-E5CD72AB4F29,25-07-2013
13631,8674 Marina Vill Pkwy.,,Hawthorne,64,4171,0xE6100000010C6EC68665B8753BC0685CC2DAB81A6340,A0511C6B-7C8A-4EB6-B84C-E4A1B535C3D1,15-03-2014
13632,5436 Via Del Verdes,,Leeds,14,LE18,0xE6100000010CB1B90F1294EC4A40E26EE1D4C2BCF8BF,3BD3189A-8F4E-4F9E-B2F0-197058C5812F,10-11-2013
13633,591 Merriewood Drive,,Lavender Bay,50,2060,0xE6100000010CEE017D7572F040C08A3D8EDBD8EA6240,86925DA0-521F-4C1E-8D9E-BBD285DE8E2D,29-07-2012
13634,"312, rue Villedo",,Les Ulis,177,91940,0xE6100000010C8421492FB65F4840F2BCAC6053570140,4030E331-4081-4950-9B5E-C4F6EC33CE53,21-12-2013
13635,350 Pastel Drive,,Downey,9,90241,0xE6100000010C5BCE9607E1FC404004ACAAF58A8E5DC0,943581B5-6469-4CE0-A65C-7B939FE21F0E,08-05-2014
13636,8307 Monument Blvd.,,London,14,EC1R 0DU,0xE6100000010C045EDDC5E8C44940BB1C486F671EBBBF,E2AAB8A4-C525-4228-AC13-B367349E4BFB,06-02-2014
13637,9882 Clay Rde,,Novato,9,94947,0xE6100000010C3C19B192AF13434012CD3C4A779C5EC0,06BA69CD-8B5B-49AB-B5DA-8701D1EA7931,03-07-2013
13638,5050 Mt. Wilson Way,,Spring Valley,9,91977,0xE6100000010C4AB096CF285E4040BE8848CBC73E5DC0,A77857B0-6F64-4FB6-9030-255D17974023,24-12-2013
13639,2190 Waterfall Way,,Cloverdale,66,6105,0xE6100000010C20B3DE08C20140C0FFD439B4DAFC5C40,AC195DE9-A2CC-4CCA-BDB2-A6A425361715,07-09-2013
13640,7396 Maine Dr.,,Beverly Hills,9,90210,0xE6100000010CD88921440213414031CEC35563985DC0,2D81FC8B-23C5-4706-87B2-041EA4E3A536,05-09-2013
13641,16 Woodside Court,,Berkshire,14,RG11 5TP,0xE6100000010C00000000000000000000000000000000,53DAC4E3-A234-4DF9-8AB8-1CE87D2A7117,22-03-2013
13642,4836 Marina,,Corvallis,58,97330,0xE6100000010C886B1445D84A464055CA07D964DD5EC0,44497CB4-1974-4123-80C3-B5ED7968D667,25-10-2013
13643,2913 Mountain Spring Road,,Renton,79,98055,0xE6100000010CFA37073E94BB4740020C56DB77825EC0,26398B5E-DE39-4E65-A50C-1F828D321778,20-01-2014
13644,5609 Huron Dr,,Westminster,7,V3L 1E7,0xE6100000010C5D17DE67FB97484092EB485C6EB85EC0,1F59CFC1-C0B3-4F5C-8311-75C38B0FC1D3,07-08-2013
13645,"591, rue Lauriston",,Les Ulis,177,91940,0xE6100000010C355D69BDA05248400DA6A9268F510140,4378A36E-D5DF-4893-9E73-7A3B87CD4CDD,21-12-2013
13646,3941 Teakwood Dr,,Lakewood,9,90712,0xE6100000010C6358FC64E1ED404066425BC20B815DC0,F3F0645E-0DB8-4A8E-AC4A-73C548D0E05B,06-04-2013
13647,6891 Ham Drive,,Coronado,9,92118,0xE6100000010C2F4829195259404050C64E6AEC405DC0,981BCAAC-311A-48DD-8C4D-E635B6492139,11-06-2012
13648,5477 Limewood Place,,Redwood City,9,94063,0xE6100000010C1328341481BA42400672F1E65D985EC0,A8FA4DF4-E8CC-4D47-983E-0C2ED15E27AD,06-08-2013
13649,"11, rue Descartes",,Saint-Denis,179,93400,0xE6100000010C0AA2BE2A6E794840D4E0642DF9AC0240,3347F6FE-EF65-48A9-A4D5-2E3C5CCC2E6B,21-12-2013
13650,8681 Harvard Court,,N. Vancouver,7,V7L 4J4,0xE6100000010C5A795985E8AE484073B1B2499BBE5EC0,13D7263F-7844-4634-BFBE-2F3B211E79AE,05-12-2013
13651,177 11th Ave,,Oregon City,58,97045,0xE6100000010C65B79981DFA84640C784984BAAA65EC0,3BCABB9D-5E0D-41B8-A648-BB23277B1AD0,10-05-2014
13652,7775 San Ysidro Court,,Bury,14,PE17,0xE6100000010C8644F2672CCC4A40D2A557C4CA6C02C0,B7D29621-88D1-4E48-BC47-6478F01D95BB,23-10-2012
13653,6291 Winter Lane,,Edmonds,79,98020,0xE6100000010C160A1A4760EE474076F453B9578F5EC0,7FC4E42E-E5ED-4E6F-BF85-90B317B4D310,22-07-2013
13654,"1101, rue Lauriston",,Sèvres,178,92310,0xE6100000010CE5582BEEF2604840D707A7B56BB30140,2D652161-BDB2-4DAB-A0F0-71DFFF88896D,21-12-2013
13655,8756 Nottingham Pl.,,Burien,79,98168,0xE6100000010C081A5593B7BB47400E28DC6695905EC0,37340E43-F535-4076-8BF8-CA3642D2782A,28-07-2013
13656,8040 Hill Ct,,Grossmont,9,91941,0xE6100000010C538DCEB03E5E40406307FD4C86455DC0,E14B3BA8-BBCE-4D25-A5D7-404E869EBD01,08-04-2014
13657,4409 North Ranchford,,Lynnwood,79,98036,0xE6100000010C54776C4FF2EC4740264380C3D2875EC0,8D0F841D-3102-4E47-8FCC-22E4F6597419,09-10-2013
13658,9032 Santa Fe,,Runcorn,14,TY31,0xE6100000010C97D247BCEEA84A400EBCB63125B105C0,63099B71-72A7-4239-87EC-38F13844FDDA,29-08-2012
13659,9068 Quiet Place Drive,,Burlingame,9,94010,0xE6100000010C99E3325599CD42405821E32F559E5EC0,89537297-4ABE-4AF7-B3F8-8D1D70D98CFE,18-09-2013
13660,1225 Santa Lucia,,Caloundra,64,4551,0xE6100000010CBF069CBE36D03AC0FD9C7C314E2A6340,668C51D6-75A5-4ADD-B42F-6E787086CEDF,21-02-2012
13661,5690 Morgan Territory Rd,,Lake Oswego,58,97034,0xE6100000010C92F2DB6570AC4640513EB663C1AE5EC0,0AE681CB-A1E0-4B52-92F3-EC9FD73728F3,14-11-2013
13662,4855 James Court,,Roncq,145,59223,0xE6100000010C45E60CE524664940F1A91EFC3EEF0840,BE8C6B3D-F5FA-4D88-AA01-65ACCF832612,21-12-2013
13663,3260 Fountainhead Court,,Colma,9,94014,0xE6100000010C60E11E9D5ED642408638776572935EC0,D4DC0970-A125-4759-9F3F-8701247D8484,09-10-2013
13664,8307 Medina Dr.,,Berks,14,SL4 1RH,0xE6100000010C57FF7BDCACC74940CCBC92512D8CE3BF,F6CBBCCE-A366-489B-B674-EC20186792BB,05-07-2013
13665,137 Mazatlan,,El Cajon,9,92020,0xE6100000010C2E26D82A626A4040721957211D405DC0,26B1A0C5-07D9-4D9F-BF8A-CEEF987BA8B6,09-03-2014
13666,7959 Driving Drive,,Bellflower,9,90706,0xE6100000010CAF5CDA35E4F240407E48F9E386865DC0,0DF1FD6D-26E7-4E9A-AE57-0F8A76280941,12-10-2012
13667,Nollendorfplatz 5118,,Berlin,53,14197,0xE6100000010C63B9E756F53B4A4077F167C318B32A40,DC1B5108-4376-4032-BF9F-263B8BE8EF4C,01-08-2012
13668,"834, rue Mazagran",,Drancy,179,93700,0xE6100000010C13D84F3C967A48408EC0ABFC93950340,11A195D6-27C9-4EF3-970E-207EE25DDAF9,21-12-2013
13669,"101, avenue de la Gare",,Peterborough,14,PB12,0xE6100000010C65663907413F4A40AA12C44D2EF8CFBF,FF7EF947-F12E-499A-BA4E-1584824CC566,18-05-2014
13670,5863 Sierra,,Portland,58,97205,0xE6100000010C0E68E06C99C5464071513BFC83B85EC0,46DBCC88-411A-43F3-8546-1DE88B56178C,23-06-2014
13671,"3398, avenue de l´Europe",,Paris,161,75003,0xE6100000010C5977D04EA76A4840FDF40D3F32E40240,549C117B-CFBB-447A-B3C7-19E991A3DE92,21-12-2013
13672,Lützowplatz 5938,,Berlin,70,14197,0xE6100000010CC4688E8D14444A4020764280BDB32A40,29DB6D34-FC0C-484C-89CF-C78F593DE34D,27-09-2013
13673,4195 May Way,,Beaverton,58,97005,0xE6100000010CA45C93BA05C34640FF71FE24A2B95EC0,A809CF35-E883-4174-BAB7-B98D72F51EE5,15-12-2013
13674,7145 Matchstick Drive,,Long Beach,9,90802,0xE6100000010CA35F7DA02AE14040064B79951B8C5DC0,3C506A4C-610C-404D-9049-2ACD6CB6654A,13-03-2014
13675,8386 Candelero Place,,Tacoma,79,98403,0xE6100000010C3372770993A147405BBB5DDCDC9A5EC0,BDF79630-9EC5-4F00-AD3F-55C229CA4B44,27-10-2013
13676,Auf dem Ufer 164,,Darmstadt,19,64283,0xE6100000010C1E254DE4AAE948400965A8D667502140,17ABFEDD-2A32-4617-8DB2-71C4D2AD64CC,31-10-2013
13677,4333 Coastal Blvd.,,Novato,9,94947,0xE6100000010C3E86C72EBC11434075632C65AE9B5EC0,A8CD8A4D-58B8-4F7D-9B49-BC36312B011D,06-07-2013
13678,7791 Running Springs Road,,Goulburn,50,2580,0xE6100000010C236083C9C04941C04A8E840D5DAF6240,16A3FE0D-17D0-46E1-8CBA-C08AA2A2AAE4,28-11-2011
13679,6312 Woodcrest Dr,,Cliffside,7,V8Y 1L1,0xE6100000010CF6B07B48A54A48406A94AA8E2CDD5EC0,9D5B3948-DB45-4A0A-9D96-5C9F041CE7B8,27-11-2013
13680,2197 Clay Road,,Oak Bay,7,V8P,0xE6100000010C00603723CB3C4840C78AE92FFFDC5EC0,2BA1C536-F3DB-41EC-96E7-50FBCA2625BD,28-03-2014
13681,8564 Hickory Drive,,Long Beach,9,90802,0xE6100000010C33C58913D8DC4040D877ED0415895DC0,E1B04775-EA0B-4067-B0E9-55FC85147424,09-05-2014
13682,Potsdamer Straße 646,,Solingen,53,42651,0xE6100000010CE46F6EECD892494092D4EE31015B1C40,86354815-4169-4868-8AA3-16B729D6B4D7,03-09-2013
13683,569 Lunar Lane,,Burbank,9,91502,0xE6100000010C798B51B5B5144140AA217D1C408C5DC0,984F4A6F-39E3-421B-9CA5-20A3E29C3BD2,06-07-2012
13684,2639 Parkview Court,,Burlingame,9,94010,0xE6100000010CF1848D38F1C4424052E3982C5E935EC0,B80E73A5-18DD-40B0-9E44-3A965670939A,08-10-2012
13685,9846 Golf Club Road,,Burien,79,98168,0xE6100000010CD2777DA6ADB84740C841D0D5F9995EC0,E2F8E082-4D2C-43DE-AD03-0A1864A56092,12-06-2014
13686,134 Peachwillow Street,,Findon,66,5023,0xE6100000010C77DA61BB117641C014F867E7824A6140,B130563E-0E6E-4613-A2E4-190E1EB3B0A0,02-05-2014
13687,"26, rue de l´Esplanade",,Croix,145,59170,0xE6100000010C1525149EBB5C49405B0B8D34B1430940,2D7BF9B7-55F6-420C-AE1D-ABD3FBC90362,21-12-2013
13688,1641 Overhill Rd,,Hawthorne,64,4171,0xE6100000010C5F25CA8250743BC009656A9EF7266340,C47AFE0F-6836-4073-BCBD-6DB412BDF1CE,17-04-2012
13689,7655 Greer Ave,,Berkeley,9,94704,0xE6100000010C585D76C903F04240AD0DA708CB865EC0,57BD141E-53E1-42FE-AE10-7C4650AEB3AC,24-11-2013
13690,4292 Oak Street,,Bellflower,9,90706,0xE6100000010C0E8338BF1BF24040517085ED9D875DC0,FDF26C19-A7FE-457C-BA10-39E8D04017A5,04-01-2014
13691,9459 Amhurst Way,,Langley,7,V3A 4R2,0xE6100000010C57AA4B5F4A904840F7E9500AFDA15EC0,97FD74F9-19D4-4D66-BB7B-104291C11D46,24-07-2013
13692,9295 Arcadia Pl,,Caloundra,64,4551,0xE6100000010CB7AC508F19CC3AC0F2D864ED81206340,F27B8212-4195-4292-ADE9-EB8393DCC7C6,21-01-2013
13693,9246 Westminster Pl,,Palo Alto,9,94303,0xE6100000010CB017495007B542407BFAEEF0508F5EC0,F5AAB7BB-4003-414F-BF6C-902E5F89A8AC,19-07-2013
13694,2341 Lindley Ct,,Sydney,50,1002,0xE6100000010C6978F71231F440C0BE0CEA0290E86240,DFE0D157-B99B-4D32-A561-84EE6CC8E2BC,17-05-2014
13695,7323 Alan Drive,,Burlingame,9,94010,0xE6100000010CC0E49F74E7C5424045ED2F2BAB8E5EC0,E8F0963A-F8E2-4DFE-879D-E71659C9B468,11-03-2014
13696,"34, rue Lauriston",,Paris La Defense,178,92081,0xE6100000010C00000000000000000000000000000000,69DD1042-38C3-40D7-A4B8-C5594DB24123,21-12-2013
13697,7364 Mason Dr,,La Jolla,9,92806,0xE6100000010C6B86278D4BEF40405DC166674C745DC0,8C9F06CB-0217-495E-AC53-C8917B498897,22-01-2014
13698,Postfach 8 11 99,,Frankfurt,8,91480,0xE6100000010C6F17D092A2DE4840F3A8E0D7C41F2540,1973762B-8C2E-4FAB-8D05-F71C293459AF,23-07-2013
13699,"5, rue des Bouchers",,Metz,143,57000,0xE6100000010C7AAF5882E7864840B36B2ADB5EB31840,A2BAE27D-842F-4965-9B4B-82ED4914C53C,21-12-2013
13700,8645 Michigan Blvd,,Langford,7,V9,0xE6100000010CE06474AA273D4840C47DF27AFBE75EC0,2934DA91-3336-4F24-82FE-49CC84840A20,04-09-2013
13701,9887 W. 39th Street,# 24,San Francisco,9,94109,0xE6100000010CBF1A78524AE34240E9B6AA3F71955EC0,D777434B-358D-4E37-A297-3F6C64C40EA2,15-03-2013
13702,3092 Gabriela,,Glendale,9,91203,0xE6100000010CAC5579ED1D134140F1C5B8A8758C5DC0,48EE3D8D-E206-4561-9C10-F3282A06DA1A,19-03-2014
13703,2957 Tri-state Avenue,,Cambridge,14,CB4 4BZ,0xE6100000010C70FE451F0B244A405F8AC616F86EBC3F,4526133E-3546-4AEE-9F1A-19325FB19182,23-08-2013
13704,4587 Sunset Meadows,,Burbank,9,91502,0xE6100000010C0E760DBC5510414000E8830318965DC0,BF29611F-BF71-48F8-8A15-579978932017,08-04-2014
13705,702 Candle Dr,,Santa Cruz,9,95062,0xE6100000010C88D929FB8D754240FE413EECF57D5EC0,AE13C759-635F-4E7A-BE33-03E88576D867,22-08-2013
13706,8866 Alpha Way,,Bellflower,9,90706,0xE6100000010C638ED0E349F04040067AA055998F5DC0,3AEE471B-E58F-4D32-B655-846842272F16,19-10-2012
13707,5203 Foothill Way,,Bellflower,9,90706,0xE6100000010CF8256E76D1EC40407E48F9E386865DC0,284F2922-8B60-4B86-B74C-61E0EC144F63,15-03-2014
13708,2451 Vista Del Sol,,Marysville,79,98270,0xE6100000010C39B4778A7100484086B294F436835EC0,8FD286B4-16EA-4A3D-B691-8C797DB75FC3,01-05-2014
13709,Galeriestr 6818,,Braunschweig,53,38001,0xE6100000010C00000000000000000000000000000000,AB1EBF31-8D34-4369-889B-ABF06E53C6B6,24-01-2014
13710,508 Somerset Place,,Melbourne,77,3000,0xE6100000010C795AD9B569EE42C0FD5DF57F5C246240,BAE8AAAF-9DFA-4D43-AB3F-36D2C203E923,15-12-2013
13711,8819 Camino Norte,,West Covina,9,91791,0xE6100000010C9BEC82C9320941405C5ABBD06A7B5DC0,E01A7DA0-5DDE-4FBF-8EA1-764A53A5590A,08-04-2014
13712,3478 Hillside Way,,Milwaukie,58,97222,0xE6100000010C7BAE25D99DBE464011064FBD84A25EC0,15B851BE-4CD6-454A-9F8F-1517034FB00A,01-08-2013
13713,2304 La Canada,# 13,Silverwater,50,2264,0xE6100000010C2B98F72E528E40C0F708F60D18ED6240,282C1949-5920-4824-9EEE-5A8700EFBE59,04-09-2013
13714,1865 Scenic Ct.,,Bellingham,79,98225,0xE6100000010C85AFCB93815D4840BA9C616C74975EC0,D6DA0343-6C56-453B-9589-77F4CC414CAD,28-10-2011
13715,101 Adobe Dr,,Puyallup,79,98371,0xE6100000010CE9B39538209E474021CD8045BE985EC0,798ABBDC-30D9-46E8-877F-CB6057FEC311,26-12-2013
13716,5014 S. Villa Way,,Glendale,9,91203,0xE6100000010C96F423A29E0F4140D214918E45935DC0,93E0562E-F5BA-4DF3-8A7A-9E3A61D4E261,10-11-2013
13717,4546 Vista Valley Rd,,Mill Valley,9,94941,0xE6100000010CC6D0E052CFF34240E88C56A3AD985EC0,D7FD957F-CF74-43FC-BD50-1CADF7825C36,24-06-2013
13718,1510 American Beauty Dr.,,Bremerton,79,98312,0xE6100000010C35C4C98386C94740F4E9BC8E48AC5EC0,8469CD5D-7DFC-4018-9EE8-0FA839DCB6A6,06-09-2013
13719,9713 Pome Court,,Port Orchard,79,98366,0xE6100000010C463DFFE25BC54740A5502E6FA6AA5EC0,C0359778-BE30-4C78-9460-B1CE3A247B76,23-04-2014
13720,3570 Book Ct,,Hobart,71,7001,0xE6100000010CC8B0AB77706D45C0FBF70FEA706B6240,C192ECC6-282F-4D1B-9FFD-5611A701464C,17-05-2013
13721,9500 Normal Avenue,,Newton,7,V2M1P1,0xE6100000010C28E0DF3F0EFC4A40DAEFB1B279A65EC0,8234D1E8-F5AA-4893-A4FF-7DDE18EF435D,16-03-2014
13722,6951 Harmony Way,,Hobart,71,7001,0xE6100000010CD0557D2E896E45C0966C1CC0E96B6240,3B974347-1615-4046-B89A-A640189A5D2F,05-07-2013
13723,7577 Camino Bonita,,N. Vancouver,7,V7L 4J4,0xE6100000010C2BCC10C303AD48404C0E542E55C35EC0,58040E9E-D582-469D-BF40-970BDFCF25DF,26-03-2014
13724,"54, avenue du Port",,Paris,161,75017,0xE6100000010C1DC081F7116F484088D39E4F4E7A0240,CE47F50C-EF4D-43A9-AE5D-5A0F1791D4D7,21-12-2013
13725,5684 San Marino Ct.,,Burien,79,98168,0xE6100000010C8ED28D9802C34740C892A71869985EC0,A1F821A5-9AAA-42B4-BA3E-F12F74E4AF84,04-01-2014
13726,274 Diane Ct,,San Diego,9,92102,0xE6100000010C34462DB4B96E40402090077796555DC0,34789B92-DCA4-4BB4-B4B8-917348E7E7EA,22-05-2014
13727,2139 Birdwatch Ave.,,Oxford,14,OX14 4SE,0xE6100000010CC216131E92CC4940990521A12487F4BF,9A51A449-65FE-4941-961F-0657593A8C37,23-03-2014
13728,6594 Bent Tree Lane,,York,14,Y024 1GF,0xE6100000010CB1E2D195F4F74A4089D451C14F57F1BF,C5544EA8-6C5F-4715-A68C-59C1C8AFA5C5,15-11-2013
13729,4540 Wood Ranch Circle,Space 51,Everett,79,98201,0xE6100000010C165AA9E38A0048403C49CAC6E78C5EC0,F1F16850-6755-4160-B4CB-46186E50CE90,31-03-2014
13730,7490 Sharon Dr,,La Jolla,9,92806,0xE6100000010C5868BFADDCEE40408EB27AA2C56F5DC0,F9BB8873-4CA9-43FF-B6DE-91C511C4BC61,30-01-2014
13731,1663 Park Glen Court,,Cliffside,7,V8Y 1L1,0xE6100000010C0EF1FC81BD3B48403252F9A054D15EC0,FA93A64C-1331-48CD-AE72-82F638361EE9,15-02-2014
13732,6076 Citrus Ave,,Woodburn,58,97071,0xE6100000010C581854F9F78C4640CD0B726C8BAA5EC0,2D8F2565-69CE-48A9-87F0-3F536E8852F8,11-12-2013
13733,1936 Bayberry Drive,,Haney,7,V2W 1W2,0xE6100000010CE7E1D8DF5F9E4840500180D3DBA45EC0,B0645EF1-10E5-40B9-ABA4-41B1DAD00FC2,26-01-2012
13734,"66, rue Georges-Clémenceau",,Croix,145,59170,0xE6100000010CFFD1036D235A49402059CF73D4340940,F100DF76-05AE-4F3D-B765-08ABDFFA2BFA,21-12-2013
13735,3432 NE 3rd Court,,Haney,7,V2W 1W2,0xE6100000010CF04D4148C891484032906DC4C7A85EC0,03A99C9E-91C7-45F8-9703-7BDE70538961,03-05-2014
13736,9593 Power Ave.,,Lavender Bay,50,2060,0xE6100000010C3382FFB2C0E440C021310AF4B7DF6240,9E654BA6-03F6-43EE-8646-7B17586E3636,07-10-2013
13737,2111 Ringing Dr,,Warrnambool,77,3280,0xE6100000010CBFA7220128FF42C0EC013D6320CC6140,CE941502-83DF-4568-8881-715598349F00,23-10-2011
13738,"35, rue de Longchamp",,Les Ulis,177,91940,0xE6100000010C0EFACAC2A44D48405EAB96D1E3520140,27578B5B-0581-4937-9EBD-029ED08F1FA7,21-12-2013
13739,1296 Bishop Court,,Novato,9,94947,0xE6100000010CACDD1002750F4340B0B4645156A95EC0,4930ED31-6CB2-4E39-9FA7-D941F8E71BE4,15-10-2013
13740,5008 Falls Ct,,Oak Bay,7,V8P,0xE6100000010CF4A551824132484068CE385C27E05EC0,EF8F3DFE-F2AA-434C-8DCA-AB965FCC0FE5,05-11-2013
13741,7446 The Alameda,,Goulburn,50,2580,0xE6100000010C4EA35FD09C5241C096C3B7ADD7AF6240,E7B249C6-6DF5-4862-AD23-86B632B544C1,01-04-2014
13742,6289 Duck Horn Court,,Newport Beach,9,92625,0xE6100000010C3CB3C3168ED24040FA05E47E07795DC0,6A83B67B-4339-45B0-9BED-C1BC5AACF2D4,05-09-2013
13743,9635 Rock Oak Road,,Bremerton,79,98312,0xE6100000010C021466F601CF4740D69350CF5AB35EC0,DCD12060-DA08-49AE-AABA-221F52D3F34A,11-09-2013
13744,6920 Merriewood Drive,,Port Macquarie,50,2444,0xE6100000010C0428E6D8235C3FC0F9E1F73CB21B6340,1E6E30D5-C178-4DEF-A18A-D9B51A057E8E,15-04-2014
13745,"33, avenue du Président-Kennedy",,Paris,161,75010,0xE6100000010C84A06FAF42674840067E253BBB4D0240,63E93081-A8F3-4D68-8DD7-D34E43BC01B8,21-12-2013
13746,6004 Peabody Road,,Hervey Bay,64,4655,0xE6100000010C55E8277F6D4E39C0A0BF47F37F196340,A9E205F8-6F91-4983-8335-2FC0305124D1,23-10-2013
13747,3859 Anyway Street,,Rockhampton,64,4700,0xE6100000010C9C0A1959E06F37C00B62B647F6D26240,1A02AF56-0ED2-432E-8D42-099968F95F32,13-01-2013
13748,9189 Shady Ln.,,Cranbourne,77,3977,0xE6100000010CA31A6E47B61043C01FF27574A1286240,419CF5B2-12E9-4719-A5A4-D9109878E592,03-12-2011
13749,Zollhof 626655,,Saarlouis,70,66740,0xE6100000010CB0442DF4B2A448404E356C524FFF1A40,A843CFFF-6A4A-41E0-8391-4F9FD9A959C1,14-02-2012
13750,1604 Crown Court,,Warrnambool,77,3280,0xE6100000010CD4811471900243C0A648702AF7D26140,6E1A9412-259E-47B0-9BF5-7966E7400B55,25-11-2012
13751,"802, rue Descartes",,Colomiers,117,31770,0xE6100000010CE22611D707C745400D00CDD33A33F53F,B11D78F1-725B-4755-B80E-329079124F88,21-12-2013
13752,5680 Camelback Ct.,,Beaverton,58,97005,0xE6100000010C9409AE9FDBC14640278DF225B4B55EC0,D3C563DC-0831-4EE2-86A8-9564B6FDCBF6,23-01-2014
13753,5496 Village Pl.,,Burien,79,98168,0xE6100000010CD2777DA6ADB84740B1C3CDD01A8B5EC0,EC72690F-CE79-4735-9F7A-A5F444993A34,17-08-2013
13754,3576 Frigate Ct.,,Silverwater,50,2264,0xE6100000010CF664287C0C8D40C0E250EC3147E76240,9581DB85-D494-4922-8190-DB5A7C36341A,31-03-2012
13755,6422 Vista Diablo,,Hobart,71,7001,0xE6100000010C712DF077C36545C0169D739A376F6240,0528952E-35B0-44FD-A2BB-E3A00992E089,30-07-2012
13756,9183 J Ave,,Bremerton,79,98312,0xE6100000010CC16302697DD4474011CD98F9A3AE5EC0,F2E4E756-CEE9-46B7-8399-04464EEDAE4F,31-03-2014
13757,6463 Landover Ln,,N. Vancouver,7,V7L 4J4,0xE6100000010C6892F82C62AC484080441EE2C1C15EC0,10F10295-61E1-403F-B3B7-1E8F80D3716F,30-04-2014
13758,4794 Curtis Drive,,Kirkland,79,98033,0xE6100000010C049EA8CE51DA4740A37A61DE2C965EC0,2DA67C34-DE18-44E3-B5D9-F93F96B7F26B,07-03-2014
13759,7102 Serrano Way,,Coffs Harbour,50,2450,0xE6100000010C9202B6C06B293EC085C58BEBEA206340,3C2B5812-FD4F-4154-A3B3-73BE1E0714ED,18-05-2014
13760,7744 Lacorso Drive,,San Carlos,9,94070,0xE6100000010C5048DDF0D1BE4240AE51ED674B975EC0,96E449F5-CBA2-4C72-BFD5-3C6641C92809,09-05-2012
13761,8985 Camino Segundo,,Sedro Woolley,79,98284,0xE6100000010CC724980D4D3D484032935DD7B0895EC0,139F3F73-D311-4F5D-BED1-68EC3B04D025,24-05-2012
13762,Galeriestr 6813,,Berlin,20,14111,0xE6100000010C00000000000000000000000000000000,BDAC1783-5272-4787-854F-40FDA2F2C9E1,23-11-2013
13763,"33, place de la République",,Pantin,179,93500,0xE6100000010C9E7BA3379D694840E7E4507E09490340,05E4E808-6E12-44B8-A1C4-70E1DEA88C3C,21-12-2013
13764,2190 Rock Creek Way,,Metchosin,7,V9,0xE6100000010C12D57B9F422E4840ABCC9BD60EDF5EC0,02CECA20-4FE8-4FC9-92F2-C7EB679BF52C,06-04-2014
13765,3558 Pebble Glen Drive,# 214,W. York,14,BD1 4SJ,0xE6100000010CC8E4DDE580E74A4039D8E375B502FCBF,3627895A-2D47-4683-AAB6-5E203847198F,24-05-2014
13766,3686 Mac Court,,Cliffside,7,V8Y 1L1,0xE6100000010C549E76548A474840A60EA0247DD45EC0,3A5CB9E0-4A2A-4201-B243-5A44FFD2B5EA,26-07-2013
13767,"22, rue Léo Delibes",,Versailles,164,78000,0xE6100000010CD6B79FA44F674840F40AA10948F00040,41D7A3D2-E86B-4C82-8706-AFDCA807D509,21-12-2013
13768,"91, rue de Maubeuge",,Bobigny,179,93000,0xE6100000010CE30B3EFD856E4840AA4A98FDE3850340,CF1C35A1-E2EE-496F-A261-EE50D0A22109,21-12-2013
13769,7688 P St.,,Bendigo,77,3550,0xE6100000010C111067AB326542C0F5D653424A046240,652FF91F-F0E7-49BA-ACCC-7F8E4F6C19C0,30-07-2012
13770,1550 Cordoba,,Townsville,64,4810,0xE6100000010C644D54967A3933C04BE8CF67DE506240,82999709-8A03-4971-9B69-CAF2B3910E6A,05-05-2013
13771,7917 Precipice Drive,,Concord,9,94519,0xE6100000010CDF849EED20FE4240D5FDF2C454815EC0,CB9CDEBF-C3FF-4F01-8148-8D76BED96268,17-05-2014
13772,899 Park Blvd.,,Colombes,178,92700,0xE6100000010CF352B0D07C7A4840CF8F96F3E4F30140,BB2A8FC4-2843-4245-9BDA-E47D10080E2E,21-12-2013
13773,Königsteiner Straße 449,,Frankfurt am Main,20,60082,0xE6100000010CCB938ABCAF0649407A880CF2451D2140,FF67C0F3-E0FA-44C7-AA8B-F7EB3C1F20EE,18-09-2013
13774,9199 Park Glenn,,Lebanon,58,97355,0xE6100000010CBC91E4A9084346402BBA9DC598A95EC0,9F199596-196E-4464-971D-44E9AF3360C7,14-01-2013
13775,3920 Valley Run,,Milsons Point,50,2061,0xE6100000010C1FA98EF5F5EB40C0067CD62318EE6240,3A120A95-530A-4F6B-A340-4445F81C8719,19-07-2011
13776,4113 Pershing Dr,,Santa Cruz,9,95062,0xE6100000010C89A6C1C2EB7742402B05E2076D835EC0,CA1F5CCF-019B-41D3-B3B2-D1E6A919DCB9,14-04-2014
13777,Zur Lindung 6,,Saarlouis,70,66740,0xE6100000010CB0442DF4B2A4484072856E55D6041B40,A54C0B9B-051E-4A2C-B5A0-D7256FA2B2F0,28-03-2014
13778,8627 Shenandoah Drive,,North Ryde,50,2113,0xE6100000010C1FAF2256DFE540C0704480DD4FE26240,2E2F3AE8-CD94-484D-B158-30F0854E0076,05-12-2013
13779,"2877, rue des Ecoles",,High Wycombe,14,HP10 9QY,0xE6100000010C2E07E30C1ED549402331B682AB43E6BF,82DFDFA4-D302-4C06-B281-8B8554F70104,29-03-2014
13780,9845 Oxford Place,,Lincoln Acres,9,91950,0xE6100000010C96BC14EE41534040CA4BAF63DA4B5DC0,9495F35E-A07D-4844-905F-5F3D7109D475,12-12-2012
13781,7922 Rancho View Drive,,Lemon Grove,9,91945,0xE6100000010C9CB13859B55E4040DE6091C53F485DC0,95A5B285-057A-4759-A5FA-4899140E5F69,04-08-2013
13782,7963 Elk Dr,#4,Versailles,164,78000,0xE6100000010CFE05A5D4905E484083BC295B38F70040,164513EC-DF9A-4BA5-A89F-11AD152A1228,21-12-2013
13783,8468 Clifford Court,,Seaford,77,3198,0xE6100000010C3893C59D2F0E43C0CDB77992CF206240,92C32F56-AA5E-43E5-A593-1C6CC1B1F3CE,19-11-2011
13784,6580 Poor Ridge Court,,Rockhampton,64,4700,0xE6100000010C00AB8E4A156B37C0704E5EC82ECD6240,204BB3DF-86F4-4308-A6E6-ABCEB88D8B54,23-08-2013
13785,8950 Olivera Rd,,Metchosin,7,V9,0xE6100000010CBA6EA7391E30484025DB5E7150DA5EC0,BB462F2B-0F5F-43A1-BDA8-C020388248E2,26-02-2013
13786,1901 Delaware Drive,,Olympia,79,98501,0xE6100000010CF39F7257B38547401A479C9BC1B85EC0,36ED064F-F5AB-47F7-8279-E5F5AEC6F51A,13-06-2014
13787,1660 Stonyhill Circle,,Coronado,9,92118,0xE6100000010CEE1F036DCF564040207527042C555DC0,63B52461-6391-4FEF-92AB-52AD3ECA99AB,01-06-2012
13788,37 Peachwillow Lane,,Beverly Hills,9,90210,0xE6100000010CD57B12AF6310414083A4253D15935DC0,049220D8-21B9-4C78-B773-E71036134B4A,18-05-2014
13789,"188, rue de Linois",,Melbourne,77,3000,0xE6100000010C66446C7B5AED42C00151694877236240,64C138EC-99A1-4388-8843-CE4271602D69,11-10-2013
13790,"98bis, boulevard du Montparnasse",,Paris,161,75013,0xE6100000010C6E68915FB6634840A94AC9B7FA990240,494CE77F-39D6-46FD-B8A5-41DD21FEAE0C,21-12-2013
13791,5186 Elmhurst Lane,,Issaquah,79,98027,0xE6100000010C690ED8A0C9BD474085129553E2765EC0,5C588462-3884-48A5-8389-5A9281EDE38E,25-05-2014
13792,6061 St. Paul Way,,Wokingham,14,RG41 1QW,0xE6100000010CF9DE117F8CAF49402970CACF2C34EBBF,04BB4F67-FE2A-4D0D-A187-E66FC748B4E5,19-01-2014
13793,1301 Stanbridge Ct,,Berkeley,9,94704,0xE6100000010CD6339FCCD4F542409965365593875EC0,EE5360FA-207C-43E0-B218-15B1B0B08828,07-04-2014
13794,3050 Meadow Glen Way,,Bellingham,79,98225,0xE6100000010C3E31EC6A1F634840C27C7E0337A35EC0,4F018272-40B6-4D2E-B2FD-58C02F0F1FFE,31-03-2014
13795,Hans-Rosenthal-Platz 4297,,Mühlheim,20,63151,0xE6100000010C00000000000000000000000000000000,63C6BDEA-DF1F-4560-AA3F-CF2705391F49,05-06-2014
13796,4077 St. George Drive,,Woodland Hills,9,91364,0xE6100000010C5979397AAA0F4140DD8425092EAA5DC0,C8DC0B46-E987-4026-B6BF-409A68C0A5CF,27-04-2014
13797,5656 Via Delaware,,North Sydney,50,2055,0xE6100000010CC1E387895BF140C0E78A66BE1FE66240,C73DFF03-D0AE-450D-A2E3-20B319962361,17-02-2014
13798,700 Oaxaca,# 17,Edmonds,79,98020,0xE6100000010C6A1C4C1C4EE047401747FF3464965EC0,CAA5C735-61A9-422C-B9D6-7EE9E2FE5701,20-04-2014
13799,2457 Matterhorn Court,,Milton Keynes,14,MK8 8ZD,0xE6100000010C5296FB9813024A4001D53183F94CE7BF,969C2FCA-FD01-4627-AC87-58D6EC67582A,05-03-2013
13800,7759 Azalea Avenue,,St. Leonards,50,2065,0xE6100000010C3DC7451CA6E340C017E5DF9009EC6240,6610B338-D9E6-4302-B1DB-DA9A9BFB075C,13-07-2013
13801,5834 Vine Circle,,Beverly Hills,9,90210,0xE6100000010CCDF48A64140F414029BF088E83A45DC0,D026C680-6C71-4F57-B908-4F413FCC6BB4,01-10-2013
13802,3230 Hamilton Ave,,Tremblay-en-France,179,93290,0xE6100000010CF02A50AF7D7948405512E447F96F0440,F3DD7AEB-778A-48AF-AD6A-A82E79093073,21-12-2013
13803,2969 Broadmoor Avenue,,Burien,79,98168,0xE6100000010CCA2E2A1BA8C647406B2E9982EE925EC0,0B587F3A-F660-4935-BD28-5B0C17485E09,10-12-2011
13804,2755 Fairfield Ave,,Issaquah,79,98027,0xE6100000010C92EBF49C23BA4740F73F30C840805EC0,8A5725DF-8221-4F33-8492-A0797A35F2EC,04-05-2014
13805,8176 Pena,,Langley,7,V3A 4R2,0xE6100000010C674AC05E93964840A45A9E33E7B05EC0,DFDAF831-2E00-4E8E-B42A-FD003151883B,21-09-2013
13806,1867 Sands,,Brisbane,64,4000,0xE6100000010CBC966B6B6F793BC08A516A3B5C196340,61701988-45F7-41BA-AB24-B52188868977,10-05-2014
13807,873 Wellington Avenue,,York,14,YO15,0xE6100000010C18F57F2C56F94A4078245B5CF959F1BF,87B41F68-A381-4124-B31A-7B2F41EEBF58,17-10-2013
13808,9204 Pelican Loop,,Bellingham,79,98225,0xE6100000010C85AFCB93815D48402C451F213D985EC0,1ED3BB34-39E4-4298-A0FF-F7174B9E15E0,18-01-2014
13809,"48, place de la Concorde",,Gateshead,14,GA10,0xE6100000010CC2432DF7BF824B40192AEE6EC69AF9BF,974D6F2F-B0D4-4D31-B0F4-EF0CD421589A,27-02-2014
13810,811 Via Cordona,,Springwood,50,2777,0xE6100000010C765FA8DB92D740C0146A9E8074D86240,EF07665C-86B6-4C09-A95E-7093D1A406CB,30-08-2013
13811,7207 Peabody Road,,Gateshead,14,GA10,0xE6100000010CC6B384F1F9734B40BD5AE478CE98F9BF,434F1199-980F-43C0-B519-814852223262,22-02-2014
13812,6058 Foothill Way,,Suresnes,178,92150,0xE6100000010C51E8BE5B3D7148408FC2D98FB7BC0140,9D10832D-C1C0-4D3F-963B-CB37B25F9ED4,21-12-2013
13813,3396 El Dorado Way,,Beaverton,58,97005,0xE6100000010CF3668B41C8BD4640E901D6C145AC5EC0,80E59CE9-A315-4F3F-992C-AEDBC90B8D90,11-02-2014
13814,8581 Paris Lane,,Cloverdale,66,6105,0xE6100000010CE634EFACB1F93FC0301D7899D2FF5C40,FF93138C-82EF-428B-9CA7-E1E6D526BCC2,14-10-2013
13815,6600 Chestnut Ave,,Oxford,14,OX1,0xE6100000010C4C4D1D2EB0D74940F453B788B34EF3BF,0FAA763D-C827-4C4B-AC8D-EC3A16AC4D4C,25-05-2014
13816,7530 Eola,,St. Leonards,50,2065,0xE6100000010CB6B439F7E7EE40C0E55160247DED6240,57B24374-AA6F-4A73-9981-A0360139F27A,01-10-2011
13817,Postenweg 3138,,Frankfurt,19,60323,0xE6100000010C80D3DAD53208494015960A28DA502140,1DF6104B-FDE0-41F1-8C70-26A11C73F326,18-02-2013
13818,1555 Lace Drive,,Bremerton,79,98312,0xE6100000010C28B67701A7C44740545A08A511B85EC0,089BF47A-57A4-4312-A79C-C938E0EA1818,02-02-2014
13819,Midi-Couleurs,,Goulburn,50,2580,0xE6100000010CEA703ACBF74B41C07A63518E47B16240,94ADE5DF-3EBD-425A-946F-A183073F346C,20-08-2013
13820,2328 California Street,,N. Vancouver,7,V7L 4J4,0xE6100000010C0B3867A898A848400FF36ED41EC45EC0,DB986052-D2D0-4B70-B0F8-F89CB8BDBA91,18-07-2013
13821,4332 Listing Ct,,Langford,7,V9,0xE6100000010CD9FE6C5ED0384840430943C066E65EC0,15DA2308-73D5-4C5C-9091-50FF94D3F507,05-09-2013
13822,791 Monte Cresta,,Imperial Beach,9,91932,0xE6100000010CA7699082964D4040769FAEEA153D5DC0,B6E9FCD6-DF1F-4414-B706-D05B98B33CCE,27-07-2012
13823,3853 Wildcat Circle,Unit 13c12,Lavender Bay,50,2060,0xE6100000010C5BD7FD898CEC40C0A9A464E096E36240,61268B43-2568-42E9-B8D3-413A78C0CE01,10-12-2013
13824,4348 Lilac Circle,#6,Hervey Bay,64,4655,0xE6100000010C4CB248EBA55E39C051A6E9BEA1136340,09360EDF-DF53-484D-8444-C89F1F0A0DA9,27-12-2012
13825,5704 Lost Avenue,,Peterborough,14,PB12,0xE6100000010CF2A10B1DF2414A403DAA54D9EB05D0BF,5A220A40-D732-4BCE-BFF6-2A230C620C81,08-12-2013
13826,407 Redbird Lane,,London,14,EC1R 0DU,0xE6100000010C7C8218F64AC04940B9CFD8143D1ABBBF,77063EEC-04A2-4774-B788-5D0F08CF3909,12-04-2013
13827,2581 Browse Ct,,Coronado,9,92118,0xE6100000010CDF7DB1FEAA5C404030D556356C4B5DC0,F9484877-D2C1-43D5-83AE-D9EC0FF059D2,17-03-2014
13828,404 Sunshine,,Long Beach,9,90802,0xE6100000010C5710D13A5FE340400F33F6DC26945DC0,2BB2686F-BB89-41E0-A36E-198DBE7CF769,12-09-2011
13829,191 Trail Way,,Cliffside,7,V8Y 1L1,0xE6100000010CF6B07B48A54A4840764394AFF6DD5EC0,95101BBB-06D6-4108-9538-2A20E38FAF36,01-08-2011
13830,8267 Lavene Way,,Shawnee,7,V9B 2C3,0xE6100000010C9A7801B265364840ACDFA68BE9E65EC0,5BB6F9CE-37D2-4C66-8FBF-522B6D1CF1C6,14-03-2014
13831,"363, rue de la Centenaire",,Paris,161,75010,0xE6100000010CC360AE81836A48400D20CC2939E60240,E308D7F1-D7E7-4E84-A982-6389A10C0C40,21-12-2013
13832,8308 Fox Way,# 147,Langley,7,V3A 4R2,0xE6100000010C8E0D55122D9248408D965128B0B15EC0,A804D41C-611E-4A3A-A94C-223B8DC5E487,27-04-2013
13833,8458 Wiget Lane,,North Sydney,50,2055,0xE6100000010C49E60F27D4E740C0F2BE676DF6EA6240,56EFB545-8C3C-421D-A433-C30BA603686C,10-11-2012
13834,9295 Arcadia Pl,,West Covina,9,91791,0xE6100000010C83D88488D00B414098B1A6F82B7C5DC0,54D00280-728D-4481-80D2-5A784A621DC5,25-05-2014
13835,3165 Willowwood Ct.,Apt 213,North Sydney,50,2055,0xE6100000010CB041905E53EE40C03105998838E36240,4D29A3B6-6B6B-4654-86C4-157E01F381B3,27-07-2013
13836,9589 Eastgate Avenue,,Palo Alto,9,94303,0xE6100000010CF07255E4DCB842404CAE44DD888E5EC0,F21A0BE7-84EA-4DC5-9486-D11BB19FE441,30-10-2013
13837,"55, rue de la Cavalerie",,Lieusaint,163,77127,0xE6100000010C098A60F6984D48403A389522AD630440,CBD54FBD-4F22-43C9-847B-E4010EE8D809,21-12-2013
13838,832 Heights Ave.,,Port Orchard,79,98366,0xE6100000010CE28248CF3BBC47400A4508B15BAF5EC0,10923018-83C7-41FD-9614-09543518ED6B,10-03-2014
13839,4036 Elk Dr,,Sooke,7,V0,0xE6100000010CBA83C675CB2D4840BCC526DFE1E65EC0,D2700839-F281-43F8-ACD5-5A8F75C1E6D7,08-12-2013
13840,2745 Mt. Dias Blvd.,,Burlingame,9,94010,0xE6100000010CFFF304BF31CB42406C0CD5AC26945EC0,BEA102BD-F7DF-487D-8C95-ADDDD1876865,15-04-2012
13841,5531 Fremont Street,,Royal Oak,7,V8X,0xE6100000010C68EC7057854548403BFD500C3CD65EC0,321D04B1-38F2-4B59-9BD0-545CE7BB17EA,10-01-2012
13842,1646 Texas Way,,Spokane,79,99202,0xE6100000010C5EB2471A5FDA47409F1F218F86605DC0,E5F2E9CF-B181-4B46-B023-2DE1E666F6A0,12-10-2013
13843,3395 Farm Bureau Rd,,Issaquah,79,98027,0xE6100000010C0A1A79F700BF4740AF6DCB3C9F895EC0,83F8F717-66C7-498C-93E7-668C0067F9DF,11-08-2013
13844,115 Santa Fe Street,,Lavender Bay,50,2060,0xE6100000010C05A837BD37E840C0BE074E259FE26240,0E765B69-481B-49B9-A479-99AF1407C8B7,11-07-2011
13845,7865 Mt. Diablo St,,Bracknell,14,RG12 8TB,0xE6100000010C6ACE9A2EDBB44940EA3B0894AE31E8BF,7E865595-2544-4C63-B82F-933E48BE03E9,27-09-2013
13846,9763 Maricopa,,Corvallis,58,97330,0xE6100000010CCDFFE4D7B34D464070B0FEE6D0DB5EC0,4F12EE42-6B40-4C51-AE98-FCBBB796CD59,09-05-2014
13847,4422 Mariposa,,Lynnwood,79,98036,0xE6100000010C86FE276B9AE547408A89971242865EC0,7C238F7A-675A-4329-BCE1-A92EF32829DB,20-07-2013
13848,Alderstr 284,,Hof,8,95010,0xE6100000010C6134AE5F6A2C494005578F6EDCCD2740,F433EDF2-805B-476C-981E-3B38C6FC9480,16-12-2013
13849,5958 Cross Road,,Lake Oswego,58,97034,0xE6100000010C2B4847D016B1464056ACCB66D2B55EC0,31364386-08BD-477D-B336-D1ABBA6CC142,12-09-2013
13850,5490 Reality Drive,,Long Beach,9,90802,0xE6100000010C3204BF850EE540407A34BFDD9E8D5DC0,86B2D699-6766-4E91-911F-BBC403EDAFB6,18-07-2013
13851,658 Cardinal Dr,,Spokane,79,99202,0xE6100000010C36206E190DD347409F1F218F86605DC0,4E3A3393-A388-4FB5-978C-998BBCCEF2F4,08-08-2013
13852,5149 Thistle Court,,Burbank,9,91502,0xE6100000010C3BB856B765134140DD6459FB8C915DC0,DFCD0E4D-06E7-4D8D-9FB5-317E577447C9,26-06-2011
13853,445 Banyan Way,,Fremont,9,94536,0xE6100000010CE54AF012AEC84240D6E14CDCC27B5EC0,DD3D7A91-FB33-4819-9933-8B95999298C2,20-03-2014
13854,8521 C Mt. Hood Circle,,Berkeley,9,94704,0xE6100000010CC1BA6DA1DCF44240719EF89C01985EC0,37719E45-5E8D-476B-904A-F02DAE76DF96,05-06-2011
13855,2928 Antone Court,,Ballard,79,98107,0xE6100000010C241DFDEE0FDE4740A6354490868D5EC0,83E03FB5-2A6C-4FE6-9049-DA5AFBB20118,30-06-2014
13856,1218 Woodside Court,,Glendale,9,91203,0xE6100000010C53B28E7C4D154140BE2ABF7D3E905DC0,9ACC2EFA-C00F-4518-A12A-7A9163790B45,21-07-2013
13857,6963 Grand View Avenue,,Rhodes,50,2138,0xE6100000010C931C7FE220ED40C0F71FF81C40E46240,4DCD25BE-214D-4F01-93D9-49408DE90BEF,08-09-2012
13858,2500 Ward Court,,Sedro Woolley,79,98284,0xE6100000010CAB21CD57703B484002ECD13F4A795EC0,28434039-FA7F-4F81-983D-C5986719F19B,22-03-2014
13859,1086 Ash Lane,,National City,9,91950,0xE6100000010C96BC14EE41534040EEFFF80F1D3F5DC0,74312CDA-0C7D-4A41-AE40-37A61367C208,13-09-2013
13860,4290 Wellington Avenue,,Watford,14,WA3,0xE6100000010C1A26F96467DB4940DCA52B8AD5FAD8BF,1A4C0A8E-7487-4B9C-8B66-02D744E5F155,03-04-2014
13861,5785 Ygnacio Valley Road,,Redwood City,9,94063,0xE6100000010CDC0A726DC8BF4240CF63612126995EC0,D4E7FD24-30CE-4535-BA92-5411F1F9ACAC,23-02-2014
13862,1860 Holiday Hill Dr.,,Sunbury,77,3429,0xE6100000010C9ACB0120A1C742C0F8BDA4DAF91A6240,EDBF1146-5D80-43E6-B139-817C9AD7CBCD,23-11-2013
13863,3146 Cougar Way,,West Covina,9,91791,0xE6100000010C4C45AD29C3084140845F7D48AE7D5DC0,018FF4EF-F04F-4856-A1E4-B7614BED43AA,04-01-2014
13864,6182 Almond Avenue,,West Sussex,14,RH15 9UD,0xE6100000010C00000000000000000000000000000000,A4C211A1-7262-41A5-BD29-00D5192F4F32,16-10-2013
13865,4895 Browse St,,Langford,7,V9,0xE6100000010CBD1C1688C0304840F2077EBDB4DD5EC0,937EE6E8-BAF8-46F2-821A-5CD7E91AFA2A,24-09-2013
13866,4315 Glenside Ct.,,Silverwater,50,2264,0xE6100000010C30A938EB9F8C40C0439CA9D76CF26240,846B5801-1972-40BF-A430-B595D3075B49,26-04-2014
13867,1264 Eureka Lane,,San Gabriel,9,91776,0xE6100000010CE7FD2C40891141408F0E96DCD9875DC0,37B6A352-CDCE-47F4-BBFF-BD9CBC643F46,01-04-2013
13868,"7, rue de Maubeuge",,Drancy,179,93700,0xE6100000010C77AC30CCB77D4840EA04397912910340,1E1CD023-9F46-45C1-99FA-C55F1ADBDA73,21-12-2013
13869,5923 Hazelwood Lane,,Puyallup,79,98371,0xE6100000010CAFFDA0C98AA047402AB29A9D019F5EC0,E475C465-1C95-4306-A872-4858C2FD892C,14-07-2012
13870,415 Courthouse Drive,,Beaverton,58,97005,0xE6100000010CC3025EF059C546407BE6E1C033B05EC0,90F74644-A901-4ACD-94C4-FB62776833C5,13-02-2014
13871,"1416, place de la Concorde",,Chatou,164,78400,0xE6100000010C642317A6FE6E4840391C167A1E360140,5A5A02D7-43EA-4412-8BFB-8F813AEA76AE,21-12-2013
13872,8568 Rolando Ave.,,York,14,YO15,0xE6100000010C6E35E1BB2BFE4A40C7015F56E14EF1BF,48845992-6EF8-4D67-95FD-E343E4B6E8F5,17-07-2013
13873,115 Pine Creek Way,,Lynnwood,79,98036,0xE6100000010C949FD8F064EF47408A89971242865EC0,F05E9D42-9FC1-437A-9802-DBF6376BCFB9,31-10-2013
13874,6991 Mauna Kea Court,,Newport Beach,9,92625,0xE6100000010CB94B066AACCB4040E6F17CDD14825DC0,51E0985D-13DF-4BB0-88BD-4DDCC60F0945,02-04-2014
13875,7280 Greendell Pl,,Peterborough,14,PB12,0xE6100000010C2C84229299404A408520E05C6A01D0BF,D9BD63BC-32AC-4D47-BD2E-92333C4B7908,08-07-2013
13876,Celler Weg 2949,,Hamburg,20,20354,0xE6100000010C41C60305BEBD4A408EFA7DE5D7FF2340,621E3021-BB78-4A8C-BF32-0BF7E414DB75,28-03-2014
13877,4814 Ward Street,,Port Hammond,7,V6B 3P7,0xE6100000010C515904B09DA1484067372F0A8AC55EC0,8DD568B5-B1B4-440F-A70D-C5FC6A28196A,26-01-2014
13878,4601 Sundance Drive,,Redwood City,9,94063,0xE6100000010CE1E4A23A06BA4240B601B38277825EC0,CD4D8C5A-E075-4CAC-9947-AC040435C310,20-01-2013
13879,Räuscherweg 124,,Stuttgart,70,70511,0xE6100000010C00000000000000000000000000000000,C0A88D92-FB7B-4762-A454-BD694EBD8124,06-09-2013
13880,2678 Village Pl,,Beverly Hills,9,90210,0xE6100000010CA7CA5DA538074140AB422E4499945DC0,2338A414-69E6-4891-8931-9EC8181B7B58,01-01-2014
13881,5896 Mt. Dell,,Hobart,71,7001,0xE6100000010C64CDB7402E7045C0233F4E18CD6D6240,63CC5543-1988-49F6-AA81-9C254638F5F2,01-01-2013
13882,2719 Little Dr,,Milwaukie,58,97222,0xE6100000010C255720C232BF4640EE108D122AA05EC0,6AC85991-752C-4041-9ACA-C97712EC89BE,14-01-2014
13883,1050 Creed Ave,,Lebanon,58,97355,0xE6100000010C69478162793E46402BBA9DC598A95EC0,F48EE27D-1849-4370-9E02-66D50D1485CA,22-09-2011
13884,"3338, chaussée de Tournai",,Colomiers,117,31770,0xE6100000010C1D7FC9FF0DCC4540FB583CDCBA3FF53F,AFEADE40-9ABA-42D4-A1DF-4313BA8E3687,21-12-2013
13885,"775, rue de Courtaboeuf",,Paris,161,75013,0xE6100000010CD56EC296676E484022436C661AE30240,7F0A04AA-903A-4C09-99F3-D3AA09B0F399,21-12-2013
13886,4000 Krueger Drive,,Burbank,9,91502,0xE6100000010C0CE55BB9151241400C61CB457E8B5DC0,FE688CEB-4C07-479C-8960-15625C9B839C,03-08-2011
13887,5241 St. Andrews Way,,York,14,YO15,0xE6100000010CC8478F528DFF4A403E0732F66A5AF1BF,2CF2363E-D594-4CE5-A377-3EB876C60284,02-08-2011
13888,8446 San Gabriel,,Vancouver,7,V7L 4J4,0xE6100000010C8826A247CDB048409A541165E1B95EC0,16D94E32-CC2A-4566-AD06-2B85584188AF,25-09-2012
13889,9941 Graham Ave.,,Vancouver,7,V7L 4J4,0xE6100000010C2751065012A648405D392C0BABBA5EC0,F6A05B19-B097-4A8F-B728-DD48514871FB,13-06-2012
13890,3400 Folson Drive,,Royal Oak,7,V8X,0xE6100000010CA8426E87D53C4840F4FAF16C57DD5EC0,1E9EC96C-40ED-40C8-816C-4756954A5EB9,05-07-2013
13891,8420 Dayton Court,,Melbourne,77,3000,0xE6100000010CBE061B26F7E942C0FF7C1D77941B6240,D34F29CD-A8EB-424C-A9D0-C774B024A3AB,02-04-2013
13892,7805 Roslyn Drive,,Woodland Hills,9,91364,0xE6100000010C9F202A19DA11414078F651A48D9F5DC0,E416B7C6-B2FA-4FA2-B984-EB1CC98AADF6,21-10-2012
13893,6062 Sudden Loop,,Newcastle,50,2300,0xE6100000010C9331DB9B357840C0D145F19873F86240,FA88DF8A-59F3-41B2-AAFA-0189673E0FEA,12-07-2013
13894,4173 Wheel Ave.,,Lemon Grove,9,91945,0xE6100000010CD698246F626040408B66D40481445DC0,C686D3F7-BB66-40A0-8294-544A6116D795,07-09-2011
13895,6177 Arleda Lane,,Grossmont,9,91941,0xE6100000010C87BC74FA675D404092036A66CB385DC0,F68301C4-33E2-44E4-8FB1-01FC1FF7662F,01-12-2013
13896,Heideweg 6446,,Salzgitter,19,38231,0xE6100000010C00000000000000000000000000000000,A130A9AC-53F2-41A5-A681-A9428CCA7165,14-07-2011
13897,8673 Mt. Wilson Way,,Warrnambool,77,3280,0xE6100000010C0D7B4D83750643C015B621D309CD6140,4997F0CF-A710-4057-94F3-403F69625766,17-11-2013
13898,5455 Via Romero,,Mill Valley,9,94941,0xE6100000010C1A63786B0CEC424062FC0B463F9A5EC0,2DB4B797-9E37-4404-9330-00C34D4DD42D,10-11-2012
13899,Charlottenstr 29,,Hamburg,20,20354,0xE6100000010CFBADAEB4CACD4A40A6C52CA9AAE02340,78D571A9-5806-4E59-931A-B900025C3B99,18-08-2013
13900,369 Peabody Road,,Gold Coast,64,4217,0xE6100000010C4BD3956226FF3BC0C331A85C802F6340,2CEF4F18-2CAB-4D27-A882-B5B9B8F8103C,18-09-2013
13901,9900 Clearbrook Drive,,Seattle,79,98104,0xE6100000010C122F1FE587C64740899A4C1D629B5EC0,30A4B480-78DE-4A5F-A0E5-4E18A0DAAC5F,14-04-2014
13902,3586 Orchid Ct.,,Sunbury,77,3429,0xE6100000010C9ACB0120A1C742C0846C90FA2C126240,23616C19-2432-40A8-A929-0B48ADAC7E29,05-12-2013
13903,7114 SeaView Court,,Sunbury,77,3429,0xE6100000010CAA2B531926C742C0AAE7756B32186240,C05E8A1C-F60D-45CE-B792-E8689338ACB7,07-04-2012
13904,5068 N Francisco Way,,Royal Oak,7,V8X,0xE6100000010C8FC96B8FC43448406CA7AD5AD0D75EC0,EE3D1C8D-F4E5-4F49-9D72-539038086098,28-06-2014
13905,4855 James Court,,Beverly Hills,9,90210,0xE6100000010C6CEB8056550D4140AB422E4499945DC0,67B420AA-A7AE-4D6D-9E59-B2F9DC148267,04-02-2014
13906,Postfach 66 07 00,,München,20,80074,0xE6100000010C00000000000000000000000000000000,A88297E9-6B8E-43CC-9E56-D93FE72B72C0,13-09-2013
13907,2932 Manuel,,Santa Monica,9,90401,0xE6100000010CAFE983A776FC4040D19503C4E69E5DC0,A1955906-D746-4F36-B41E-996AA56926C7,05-09-2012
13908,2973 Cardinal Drive,,Mill Valley,9,94941,0xE6100000010C10C3F3F5D6F2424034A44289A4AE5EC0,9D158D93-CA61-4AF5-8BA9-B133A0A117A3,25-03-2014
13909,Essener Straße 1,,Erlangen,8,91054,0xE6100000010C9FBC3710CCC64840CFB3A413E30D2640,B595B7C5-FE3E-45CD-9F5C-246D2CE54105,11-09-2013
13910,189 Richview Dr,,Haney,7,V2W 1W2,0xE6100000010C8D1ADEB1BE9D484078AB247681A25EC0,4452742E-F974-4B11-A2B0-25D7D68B8D9D,05-09-2013
13911,"34, avenue des Laurentides",,Dunkerque,145,59140,0xE6100000010C39EC7D8160894940DFD5FBF902D00240,0E0A132D-8514-460B-8053-73657787FF32,21-12-2013
13912,9137 San Remo Ct.,,North Sydney,50,2055,0xE6100000010C9ACCF6A7ECF040C0DB56650F49E16240,D7F84CAE-AC5B-4A71-9E2A-262D58BA0FCB,10-03-2013
13913,8592 Camelback Ct.,,Warrnambool,77,3280,0xE6100000010CA9F7690C680843C0A0948BBA0DD26140,4158698A-9937-4B8D-AFF6-3735714BC713,06-07-2013
13914,5203 Foothill Way,,Hobart,71,7001,0xE6100000010C64CDB7402E7045C089CA4142546D6240,AA921753-CD89-4614-B978-C3FD2A6EF6AE,28-04-2012
13915,1431 Corte Bonita,,Sooke,7,V0,0xE6100000010C16ECB39C45304840D471CE97ACE75EC0,913DA41B-8C0E-4F71-89AC-BC6D74F6742C,29-12-2013
13916,4635 Woodside Court,,Redwood City,9,94063,0xE6100000010C66BCA5CC31B742407AA0F69CB29A5EC0,4AC9EEB0-B8C6-44B1-A3F7-10E11CFFA02A,12-05-2014
13917,6130 Alderwood Lane,,San Carlos,9,94070,0xE6100000010C7A03ED6E94C44240A8A85D5EA4995EC0,A28F2D23-BFB8-4DB7-93CA-DF859B298EEE,18-04-2014
13918,4612 A St.,,London,14,SE1 8HL,0xE6100000010C0AD4C7A2A4BD4940171B076E76E4BABF,128FD0F2-B329-42AE-A404-15914EE303BE,19-07-2013
13919,2245 Fairfield Ave,,Daly City,9,94015,0xE6100000010C7416B512C2D0424052AD2A9D309E5EC0,97777A38-EB12-4CA8-B2A1-B020E4735B36,13-01-2014
13920,3994 Pinecrest Court,,Renton,79,98055,0xE6100000010C151F1B791BBC474072C3880E24815EC0,84EBD54E-81DB-43AC-9DBE-AD99C1B7231B,06-08-2013
13921,5927 Seaview Avenue,,Silverwater,50,2264,0xE6100000010CF6FEA1123A9740C04F2EA7A0F8F06240,1A8050D2-D867-410D-8873-EE9EC25292E9,12-03-2013
13922,5022 Euclid Ave.,,Lebanon,58,97355,0xE6100000010C38A2CFBE313C464078691F5662B55EC0,3720CC7A-38F2-443D-B6E1-F8B36794F371,27-04-2014
13923,6557 Rose St.,,West Covina,9,91791,0xE6100000010C10A856AA040741402413161074815DC0,D8246004-A3C8-426D-A285-F2D368F34A64,22-05-2014
13924,3319 North 90th St,,Burien,79,98168,0xE6100000010C82611C8E6CB447400E6C3972528A5EC0,231BD0D5-22E5-459F-AA98-9A793130C88B,12-10-2011
13925,6090 San Francisco,,San Carlos,9,94070,0xE6100000010C1D32A4528AB94240FDBEC1D608915EC0,1395AC3E-3758-44BA-AF51-73F93CF2538A,11-02-2014
13926,1258 Steven Way,,Tacoma,79,98403,0xE6100000010CE5C55E78B9A7474044E9A419C8A65EC0,7B0ED74D-5E46-4F97-A093-6BCFF2F3AADF,07-07-2013
13927,"5757, avenue de l´ Union Centrale",,Metz,143,57000,0xE6100000010C0B054F96EE8B4840EC26935DCDB71840,5954DBF7-FF50-45AD-B545-7FC4F4DA88C9,21-12-2013
13928,535 La Salle Street,,Concord,9,94519,0xE6100000010C1B2977795CFB424002C01324668E5EC0,F9301D47-D41A-47B1-BEF8-0DF3E49CEE24,14-11-2011
13929,9120 Springfield Drive,,La Jolla,9,92806,0xE6100000010CC75916D3F6EA404019BAF00409725DC0,FBA95941-7380-4053-BF38-1B0DCD602549,23-02-2012
13930,3463 Bel Air Dr.,,North Sydney,50,2055,0xE6100000010C70FDA00843E840C060399A370FE86240,51B2FDF0-78F1-408D-A2EE-DA88164ED6DF,11-11-2013
13931,149 Valley Blvd.,,El Cajon,9,92020,0xE6100000010C2A4341DA71674040D2782E801E3D5DC0,A860150F-29E2-4AF4-ADEE-0EF914202C91,30-09-2013
13932,3099 Corte Segundo,,Port Orchard,79,98366,0xE6100000010C359A913DE2BF47400547B9D092AE5EC0,AC8E4033-0D7B-4E9D-BA49-50E5F98A0D00,07-05-2014
13933,4240 El Campo Ct,,London,14,SW1P 2NU,0xE6100000010C44F886601CC3494057D9A619238DC1BF,09284EC0-0183-4FD3-9282-319204935679,28-01-2014
13934,1685 Rose Dr.,,Vancouver,7,V7L 4J4,0xE6100000010C7217EEB970A54840E94F10B9D8C85EC0,B514878D-3868-4525-B718-FCC94C976445,03-08-2013
13935,9040 Pierce,,Cheltenham,14,GL50,0xE6100000010C4B0386A8F2F449406A31693E1A9E00C0,DB8AE8CC-FFD5-4362-8064-6569C4DCAC09,11-12-2013
13936,"27, place de Brazaville",,Orleans,131,45000,0xE6100000010C1ACE874A48F8474063E79DF23C90FE3F,4A2B897C-BD44-4320-959F-35E4A6639F4E,21-12-2013
13937,2499 Wilke Drive,,Torrance,9,90505,0xE6100000010C2A55DDB405E9404063F0B6367A965DC0,E7F826B7-7767-4A44-BC0E-13EED6024498,07-05-2012
13938,8328 Melinda Court,,Milton Keynes,14,MK8 8ZD,0xE6100000010CBC16807CBC064A40EB1B9660FE49E7BF,B1E29312-AAB3-49C6-8494-F6B0AA934DE5,09-08-2013
13939,8422 Castle Rock,,Burbank,9,91502,0xE6100000010C69FA9FB27516414027ACC38FE89C5DC0,F6922AF7-0D06-403A-AE95-8B77AB4AD181,13-01-2014
13940,617 Sweeney Road,,Port Orchard,79,98366,0xE6100000010CAA6B858046BF47400A4508B15BAF5EC0,98FFF4D2-1EB1-4CC6-BEF9-774F79F273E4,07-02-2014
13941,8387 B Way,,Gloucestershire,14,GL7 1RY,0xE6100000010C186DA1B4D3D74940603D0EEB238FFFBF,6DCFCBA0-979F-42E6-86B1-9A319C0EC176,29-09-2013
13942,5276 Whitehall Drive,,Los Angeles,9,90012,0xE6100000010C28507CA8820A4140A48ABEAF288F5DC0,E63D190A-EA3A-434D-93CB-522C106884A9,19-05-2012
13943,6584 Oak Leaf Ct,,Matraville,50,2036,0xE6100000010C7F109E98C4FB40C0421AEC60A7E56240,EB27594A-3851-47A4-A205-27547895D06A,11-09-2012
13944,9467 Morning Glory Dr,,Royal Oak,7,V8X,0xE6100000010CA8426E87D53C48406CA7AD5AD0D75EC0,448D1482-BDCE-47E8-8E2C-C689C89250ED,27-05-2014
13945,6344 St Paul Way,,Tacoma,79,98403,0xE6100000010C93EB4C4EA6AA47407873931029965EC0,CE8AB847-84CD-463F-890A-ABFABB8C4B62,08-10-2011
13946,"3869, rue Villedo",,Orly,180,94310,0xE6100000010C3129E813B65F484009F1181BCE240340,3739CA07-6942-445B-8009-788E95515710,21-12-2013
13947,4167 Deercreek Ln,,Spring Valley,9,91977,0xE6100000010C9205D407EE614040A4DEA33286425DC0,4885721B-C79B-4942-8E2D-1B9AC55E5AEA,27-05-2013
13948,5536 Yolanda Circle,,Bendigo,77,3550,0xE6100000010C9BE788D5D85A42C091CF27A5E7026240,976BF251-A740-418C-8BAF-020504A75458,08-08-2013
13949,5317 Mission Drive,,Corvallis,58,97330,0xE6100000010C23E25487214D46403F3D03E09ADC5EC0,B01BC3EC-C781-46B4-BF54-AEC5C7F413B1,02-10-2011
13950,3394 Near Drive,,Lebanon,58,97355,0xE6100000010C69478162793E46405C9F73A086AD5EC0,BC9D63E1-E67B-4F74-BD0F-0FB843493D59,05-04-2014
13951,7418 Jumping St.,,Rockhampton,64,4700,0xE6100000010CFE070608B35F37C0E0668C2768D46240,9C8D9527-D7F9-42CE-A991-FB9D78FB8CB3,02-06-2011
13952,3435 San Simeon,,Woodland Hills,9,91364,0xE6100000010CDE3556A8281A4140A13B0B3659A35DC0,64F8B3F8-3641-4F68-80EC-C385DAA0983A,16-10-2013
13953,"8733bis, rue des Peupliers",,Paris La Defense,178,92081,0xE6100000010C00000000000000000000000000000000,3C90ACEB-0C1F-49F6-9721-06CBAD914ED2,21-12-2013
13954,5958 Meadow Glen Way,,Spokane,79,99202,0xE6100000010CF85061C47DD5474075FE598981545DC0,F31449C8-3BB6-4770-9EDF-EB90BF34E72E,28-01-2014
13955,9162 Gem Court,,Sunbury,77,3429,0xE6100000010CEBAB98FE39C542C0A2DFCE8EE1156240,54870C3D-8AE1-4B2F-8284-F1EAB5C1C1B1,16-01-2014
13956,658 Coastal Blvd,,Geelong,77,3220,0xE6100000010C3283132CD60E43C0D338F2A7FE0B6240,3D0184EC-263E-4C37-B449-F00E98D5E332,11-05-2012
13957,4060 Roundtree Court,,London,14,W1X3SE,0xE6100000010C83E41C1315C6494009E2AF35BC40C0BF,BB33CC52-7308-4BB2-9A06-610737404825,01-07-2013
13958,4116 Hummingbird Ct,,Warrington,14,WA1,0xE6100000010CBE0DE9374CB44A40DCE7D4EC989204C0,0118AD41-3875-421C-987E-8C5B2D816942,02-06-2013
13959,9593 Delaware Dr.,,Burbank,9,91502,0xE6100000010CC37E32A9951C41401B2D273D6C9E5DC0,9CD23E13-0BFF-4357-879E-F510091DEFE1,14-09-2013
13960,9089 San Jose Ave,,Columbus,55,43215,0xE6100000010C30BCA2E265FD434029968216D7C754C0,BD646E9D-EADF-4899-91DB-647D8DCF2A30,28-04-2014
13961,2987 Wiget Lane,,Goulburn,50,2580,0xE6100000010C6E10DC9D7F5341C02E2E1EEECCB06240,5DD64F6B-4ABD-4A7A-9C8E-33C200A71A7A,16-06-2011
13962,8521 Knewal Rd,,Newport Beach,9,92625,0xE6100000010CCADCF7FB1FD240400313F910CD7C5DC0,22AF05D8-EC53-4BF8-B7C1-45CF164969DD,23-07-2013
13963,6097 Mt. McKinley Ct.,,Bendigo,77,3550,0xE6100000010C0A49438AE76142C080EF3B4EE8086240,DB227914-6CEA-40D8-A726-12C9181E29E2,26-07-2013
13964,4890 Heron Ct,,National City,9,91950,0xE6100000010C599674E0D6524040CA4BAF63DA4B5DC0,DB116A1E-5589-4CA5-8E97-DD1506A7B297,16-03-2014
13965,Auf Der Steige 6000,,München,53,80074,0xE6100000010C00000000000000000000000000000000,721089EC-049A-4DA0-A341-DD5EA0DEE008,21-12-2013
13966,Höhenstr 9419,,Duesseldorf,19,40605,0xE6100000010C00000000000000000000000000000000,AAD1057E-3DD1-475B-8090-3A0122EFAEEA,03-04-2014
13967,6272 Maywood Ln,,Beverly Hills,9,90210,0xE6100000010C58CF622C180841404ABB5060A99A5DC0,5F6351FD-BE66-4665-A756-C2436979B6B1,19-09-2012
13968,9549 Roxbury Drive,,Imperial Beach,9,91932,0xE6100000010C5CC28B46AB4A404022B680BF12525DC0,695CE62B-C69F-4843-823A-AEBBCC2993E3,16-08-2013
13969,6171 Golf Club Rd,,Fremont,9,94536,0xE6100000010CA31C74D063C34240DDAC7EB78A7C5EC0,0A2F67FB-E02C-4D19-83CC-613B96466A9D,15-08-2013
13970,1085 Greenbelt Way,Unit B-105,Los Angeles,9,90012,0xE6100000010C8EAC2FD8E4074140C8679AC1C0995DC0,A97E4AF7-9F35-42A3-8B0C-B759CD3534FC,07-10-2013
13971,9027 Lancelot Dr,,London,14,W1Y 3RA,0xE6100000010C0BB896C32BBE4940723DC133FC41C0BF,03D19763-F43E-4AA2-8BE6-6BAF72F32CF2,03-08-2013
13972,618 Oak Street,,Langley,7,V3A 4R2,0xE6100000010CCB43C4F93B8648402B7C048E9FAA5EC0,E1E22533-40AE-411D-8E0E-8751AFDA21E3,30-12-2012
13973,5785 American Beauty Dr,,Glendale,9,91203,0xE6100000010C509C4ECFBE0E4140CA76E0C2A5855DC0,9BD9ED88-DD32-448F-8DAB-2AA1E57E7218,02-08-2013
13974,5571 Crawford,,Everett,79,98201,0xE6100000010CAAEB437803FB4740110DF634788E5EC0,E38404E6-D2A3-4531-A596-0C77A3842680,26-03-2012
13975,6827 Glaze Dr.,,Calgary,1,T2P 2G8,0xE6100000010CE4FAB110968B49403FE1A610E37D5CC0,C54207F5-5FD8-4D67-8706-F776AB140D86,18-11-2011
13976,3648 El Dorado,,Grossmont,9,91941,0xE6100000010C94139D63F46440405BDA320046465DC0,96EA4081-81A2-4D06-A6B5-689D3D913E4F,04-11-2013
13977,Postfach 66 00 77,,Münster,70,48001,0xE6100000010C00000000000000000000000000000000,D7A5F5E9-2E00-4199-AC98-0E3F82033571,20-02-2012
13978,9135 Rockford Dr.,,Goulburn,50,2580,0xE6100000010C04F306FCDD4841C0072DEBF24BBC6240,5C693BEF-C6E3-4445-BFB4-8E17BB619D38,14-04-2012
13979,3689 Sun Tree Lane,,Bury,14,PE17,0xE6100000010C962A39F791C24A409F2D4512236702C0,C6FC8951-7275-4D67-98D1-1A37EAE804FB,15-08-2013
13980,"30, allée des Princes",,Bobigny,179,93000,0xE6100000010CD67266B0646B4840608D332F657E0340,88DE9F59-827A-4D8C-B1E7-777FE18895F8,21-12-2013
13981,2860 Mt. Tank Circle,,Maidenhead,14,SL67RJ,0xE6100000010C3589C76798CC4940BF9253E17C7DE7BF,EC708EDC-1054-4983-A222-81CE4BCACD74,07-07-2013
13982,1276 Quartermaster,,Matraville,50,2036,0xE6100000010CE48E003BFC0041C0B22745507EEA6240,7E45DF42-778E-40CB-8CA4-D52B21DBAE98,20-01-2013
13983,7967 Panoramic Ave.,,Bellingham,79,98225,0xE6100000010C29DBA460A0604840A476B72191A55EC0,D8B3C778-9548-4EBE-9D3E-EFC2DA0EE377,29-03-2014
13984,Krönerweg 96,,Essen,20,45001,0xE6100000010C00000000000000000000000000000000,ED0FC912-5497-4929-A764-10CA0C2762A4,14-05-2014
13985,6212 C Olivera Rd,,Port Hammond,7,V6B 3P7,0xE6100000010C85C546E107A64840F74170F2C7CF5EC0,DD4EB46C-02C9-4316-AAA2-35025A84364A,12-04-2014
13986,5673 Arlington Circle,,Newcastle,50,2300,0xE6100000010C6A103C06BD7A40C086B7B9FF38006340,1CE4029C-DEE7-4FA5-9649-99C2C910FD1B,29-03-2014
13987,9416 Browse Ct,,Novato,9,94947,0xE6100000010C3E86C72EBC11434098EEE03C50A45EC0,E37976B7-801C-46AB-9264-7B25B50C0D6D,31-10-2012
13988,8160 Star Tree Court,,Perth,66,6006,0xE6100000010CA706BBF307F63FC0BB02B5C343EF5C40,97558080-4B88-4C5A-ABAB-5214D67534D2,11-03-2013
13989,912 Valley Blvd.,,Chula Vista,9,91910,0xE6100000010C90E95CCAF54D4040C00AE090DD445DC0,F91AACA5-3F04-4C35-88BF-308B3B49E4EA,27-12-2013
13990,7026 Trail Way,,Wollongong,50,2500,0xE6100000010C777A2EC5F73241C015BFB25E10D56240,2B73C423-9924-4F7B-B86A-95516523EF44,29-07-2013
13991,939 Vista Del Diablo,,York,14,YO15,0xE6100000010C5C6394B49F014B4036AFB6C3BF5BF1BF,F4AB61A4-9DF0-4355-8F8E-00861C458103,01-08-2012
13992,544 Magda Way,,London,14,W1N 9FA,0xE6100000010C2FA914A988BB4940AD4FF52DBC45C0BF,43B1E4EE-3D3A-47CA-8C11-FEB3744BB6B2,07-03-2013
13993,8775 Boulevard,,Corvallis,58,97330,0xE6100000010C9F0AF6ACD852464080BBD525B7D45EC0,29D34A82-D326-46E2-8023-A3B160D09F6E,26-07-2013
13994,5144 Via Bonita,,Ballard,79,98107,0xE6100000010CD3A2152521D647404E5EA0DEE3A15EC0,08B13744-1559-4B48-A4FD-2A138B104D43,06-01-2014
13995,5000 Brown Dr.,,London,14,SW1P 2NU,0xE6100000010C2362EA9233BB4940717C340D3D8CC1BF,D37B78A6-53DB-4946-9B81-EC57B3660D09,05-04-2014
13996,9803 Holiday Hill Dr,,Burbank,9,91502,0xE6100000010C821A86A8051D414092234477478F5DC0,144A5C01-5237-445C-B7A8-6A1A521F38E8,28-09-2013
13997,7638 Diokmo Ct.,,London,14,W1N 9FA,0xE6100000010CC8A1D31B37BA494009E2AF35BC40C0BF,88FC7FD8-2885-46DD-AEE3-BA4E09C25DFA,01-05-2013
13998,545 Los Gatos Court,,Brisbane,64,4000,0xE6100000010CBC966B6B6F793BC047FA6CB3A4236340,F10D1BB4-C439-45A3-B7ED-BABE2F17AA81,24-03-2014
13999,6425 Adelia Court,,Burien,79,98168,0xE6100000010C7B18C90267C247406B211F4B3C8E5EC0,22680C4C-7FFC-407F-8FF7-E99CA05B79B9,05-04-2014
14000,Nollendorfplatz 5,,Hof,8,95010,0xE6100000010C70C2D451DB32494049C3E9DC10DA2740,7EDA2C59-9B68-4E58-9B99-96E7B7095F4C,20-02-2014
14001,4487 Coldwater Drive,,Geelong,77,3220,0xE6100000010C5081EAB4111A43C0841DEC6213116240,2028D5FB-BEF1-480C-A73C-69501300C761,22-07-2011
14002,6027 Lisa Ann Street,,Lakewood,9,90712,0xE6100000010CA1D7F998D0E740404F70622D2B905DC0,C2317F21-AAE8-4CA1-92B6-8C2E8B36F763,03-08-2013
14003,5560 Hanover St.,,Santa Cruz,9,95062,0xE6100000010C8FF425D29B7C424045C380DB067C5EC0,CA78E938-EF7D-4089-994E-7CF2C39AE90E,29-10-2013
14004,3169 Estela,,Melbourne,77,3000,0xE6100000010CBEDE9EC4BCE142C0D13C72CA64246240,706C09E3-B3A1-487C-B720-C567E13F98E8,17-10-2012
14005,8590 High Maple Court,,Cranbourne,77,3977,0xE6100000010CC9B9CD3C151643C025547861A8216240,AFCBA2C3-5AEF-4D94-8902-CC5C9A0AEFA3,06-05-2014
14006,4895 Browse St,,Birmingham,14,B29 6SL,0xE6100000010C5B2D69FFED384A40565A304FB519FFBF,4D350DB5-E797-49BD-899C-25F5394AD76B,24-02-2014
14007,1287 Youngsdale Drive,,Concord,9,94519,0xE6100000010CE0939059650643403887548EB38A5EC0,149FA427-964B-48FB-9089-34E01ADADA56,28-09-2013
14008,9618 San Rafael,,Melbourne,77,3000,0xE6100000010C79FA00DD40E142C0992F07B242196240,6686D75F-7FD3-4392-9869-1BF80E4A34E2,25-11-2011
14009,2569 Webster Drive,,Lebanon,58,97355,0xE6100000010CA1CDA964BE444640C9948F3707BE5EC0,2A75CEA0-DEC8-4A77-9F37-5B685D1C584B,02-02-2012
14010,9052 Madhatter Lane,,Hervey Bay,64,4655,0xE6100000010CDA053577EA5439C087DB10AA13166340,E6150530-B236-47AB-85EF-B911DAA97DE6,28-01-2014
14011,Lieblingsweg 234,,Sulzbach Taunus,70,66272,0xE6100000010C00000000000000000000000000000000,D7E660AA-16FF-4587-A469-B1638E03ED6C,25-02-2014
14012,Buergermeister-ulrich-str 5,,Neunkirchen,70,66578,0xE6100000010C011CD86CBAAD4840B2DDCC9F706E1C40,F883FDB7-F892-4CC6-A728-4CA8FD26D41C,16-02-2014
14013,9174 Jill Ave,,Rhodes,50,2138,0xE6100000010C4AD00E6A4BEF40C02249BB471EE86240,BB6E105E-D18F-429C-BBC2-742DDA11D41E,18-02-2012
14014,9697 Central Ave,,Sydney,50,1002,0xE6100000010CBE5A9E9BA7EA40C02D9E319E03EA6240,027BF597-686F-4DDD-9F99-6BB195655311,06-05-2013
14015,Unter Linden 644,,Saarlouis,70,66740,0xE6100000010C1F080F34CEA2484072856E55D6041B40,3904F683-2995-4071-B155-AC3B5FA488AC,17-05-2014
14016,8510 G St.,,Salem,58,97301,0xE6100000010CFF6C7D18397D46406288EE3DFBBC5EC0,F4114144-FD93-4BF6-A07D-BF83724FD08B,30-03-2012
14017,1161 Daffodil Dr.,,Milton Keynes,14,MK8 8DF,0xE6100000010CFAC3AB7D6AFB49406A0366E2EF6EE9BF,CDC52B38-8058-40E7-B47E-6BDACF85138C,20-04-2012
14018,1969 Meadowvale Court,,Lincoln Acres,9,91950,0xE6100000010C5AB997FE9E5B40401A0271DC9A495DC0,F44F6881-CDCD-4BC2-9ECD-F6FC497833D3,26-01-2014
14019,2391 St. Peter Court,,Matraville,50,2036,0xE6100000010C821A471CF1FD40C066E46991E1ED6240,1EB5C575-7863-49B8-8A07-18C8C1D0CB1B,08-06-2011
14020,6374 Las Palmas,,San Carlos,9,94070,0xE6100000010CE42028F2FABA4240F71532CD61935EC0,0ED7E09B-7918-4872-BB05-48EBA543743D,16-04-2014
14021,3612 Vista Place,,Colma,9,94014,0xE6100000010C7C19E949F5D342407848CC7CE7A35EC0,3872078C-6D12-4732-B6F2-BAB1F4EF2C8D,21-11-2012
14022,"28, place du Tertre",,Les Ulis,177,91940,0xE6100000010C20575233F95B48405EAB96D1E3520140,47D124E1-F788-4D01-AEB2-7C4347384D7F,21-12-2013
14023,302 Camelback Ct.,,London,14,C2H 7AU,0xE6100000010C51F39E2DB8C84940A24F467A914BC0BF,7735E309-7306-4B2A-ABEF-83BB8016A5C8,08-05-2014
14024,2742 Cincerto Circle,,Sooke,7,V0,0xE6100000010C0692F812A72F4840542F52F8F7F15EC0,4AD5B8FB-3E3A-409B-B893-27EE508B1DFA,19-10-2013
14025,"905, boulevard d´Albi",,Croix,145,59170,0xE6100000010C245C3A90764E4940FF8841072F340940,4FD944DA-6473-4A45-8058-53B7310D1090,21-12-2013
14026,4746 Clear Court,# 45,Sunbury,77,3429,0xE6100000010C0BCB765579CB42C0F8BDA4DAF91A6240,910B2964-9BEA-4CBC-AD52-AF39FFCFB68C,01-02-2013
14027,4024 Calhoun Court,,Redmond,79,98052,0xE6100000010C6E55A11948D447401AD0FC2EB48A5EC0,193E80D5-0D6F-430D-B55C-27ACF1FFC255,01-12-2013
14028,2674 Ridge Circle,,Townsville,64,4810,0xE6100000010CF4C2E0D7D84133C0CFA946C608566240,5A8DBFBE-D26D-4C55-8BFF-11B446ED6211,19-12-2011
14029,8937 Two Bay Road,,El Cajon,9,92020,0xE6100000010CFBBD872B686240400337DD3D21375DC0,C813C341-796C-4E0B-819C-B98F047B29F9,06-10-2013
14030,Rotthäuser Weg 15,,Frankfurt,19,60323,0xE6100000010CA081E50EF90D494026DD3EB02A5A2140,5861CFCE-D67A-4357-8032-5A234CA149F4,14-11-2011
14031,3424 Rambling Lane,,Langley,7,V3A 4R2,0xE6100000010C02A7CDAC1E88484042405199D6A95EC0,CF11936D-9D33-4FA5-9449-48A497AA024C,23-08-2013
14032,152 Scenic Ave.,,Findon,66,5023,0xE6100000010C11D02A51487441C0A71A313F9D4D6140,04DC63CB-9B50-4116-B963-888DC2F836AD,29-07-2013
14033,Hochstr 8444,,Kassel,19,34117,0xE6100000010C7F6414CE11AD4940C1C136FEADFD2240,C27DFD3D-18A6-4E7F-810F-8887D9FCF2BF,12-01-2014
14034,9819 Anchor Court,,Berkeley,9,94704,0xE6100000010C883549329FEC424099EED90371965EC0,825019CC-C77A-44BF-B9D7-9DE169376923,08-12-2011
14035,8212 String Dr,,Bellingham,79,98225,0xE6100000010CE25CC5373E664840278345E5DCA05EC0,C1220C0E-F5C0-4A6F-8E90-027CBA7309EC,01-11-2013
14036,1893 Cranberry Way,,Berks,14,SL4 1RH,0xE6100000010CBBC7DCAE21BD4940DB421CC82D81E3BF,0105E56D-E0EE-473A-8DB8-067B69BC50B1,01-05-2013
14037,1542 Orangewood Dr,,Olympia,79,98501,0xE6100000010C06A324DEDF7A4740C00ECBBFADB15EC0,3B9BED4F-1742-4F07-8FBF-51F02336A0C4,30-05-2012
14038,5963 Meadow Lane,,Rockhampton,64,4700,0xE6100000010CD326A533146E37C0D7F5243338CC6240,6FF6CC69-D062-4DDE-9755-D9FF38779AC8,08-01-2012
14039,"127, rue Lauriston",,Colomiers,117,31770,0xE6100000010C2DE05858F6CF4540F21C34558E3DF53F,64B7F7F0-40FE-48F7-BD6F-8C14CF9C3A81,21-12-2013
14040,6161 Teakwood Dr.,,York,14,YO15,0xE6100000010C896CEB7F50024B407C343F8BFC51F1BF,7079B2D3-6D3F-4385-A3C7-6D17B6394104,23-01-2014
14041,Residenz Straße 4324,,Berlin,53,14197,0xE6100000010C8F17C7CE18444A4072DF61D64AAE2A40,6E4FC51C-FF3C-4B51-85B5-ABC9DDC59407,29-12-2013
14042,2823 Pheasant Court,,Colma,9,94014,0xE6100000010C762C6ADEBED9424073EBEC40119C5EC0,376F4455-3378-4BC3-9B2E-92A1564A9A4B,06-01-2014
14043,Auf den Kuhlen Straße 3619,,Bonn,53,53131,0xE6100000010C9D5E8056EE62494067BFD51E24681C40,C8EA3A8E-C925-49A2-B010-05096580E032,02-11-2013
14044,4064 Regina Lane,,Oregon City,58,97045,0xE6100000010C8A48F1479DB046404BADCBEE29995EC0,26EBD0BB-E78D-47C2-908A-F56D01C4B3C2,20-01-2014
14045,8221 Anchor Ave.,,Cloverdale,66,6105,0xE6100000010CE634EFACB1F93FC0DF1BA56A04055D40,895D2FBA-03DE-450A-A7B8-A16D1B4C5525,03-07-2013
14046,7268 Norcross Lane,,Shawnee,7,V9B 2C3,0xE6100000010C6831FE3D283548401BF2107944DA5EC0,5FA03291-5C6D-4CFD-8084-F8AA89EED29F,04-07-2013
14047,Nonnendamm 6599,,Paderborn,20,33041,0xE6100000010C00000000000000000000000000000000,270EA628-1922-47A1-9A31-9D16FC96B1C3,08-10-2012
14048,8764 Pacific,,Shawnee,7,V9B 2C3,0xE6100000010CFAD4FFF7C635484039CCDF0E38DE5EC0,FD21FA03-1A4D-470D-8B4D-5A825AAF5B5A,22-04-2014
14049,Kappellweg 664,,Werne,53,59368,0xE6100000010C7679890ACBDA4940D571EFB304821E40,24A595A8-6EC1-4E46-ACF0-DFA739D17694,02-03-2013
14050,Klara Straße 8463,,Essen,20,45001,0xE6100000010C39973126CDB44940100E949BC6FE1B40,0E92AC5C-B97D-4D55-B0A2-FB0F461D1451,07-08-2013
14051,Charlottenstr 358,,Darmstadt,19,64283,0xE6100000010CF283A0C8CBF54840DDB81589DC4C2140,9C597D2F-48AB-4C7C-900F-C28ED17DDFF6,30-06-2013
14052,8901 Fourth Street,,National City,9,91950,0xE6100000010C9ED34CBE00594040BFF2118ABE445DC0,2486E776-25E4-4A98-AE01-D3F7589074C5,30-10-2013
14053,5524 Virgil St,,Coffs Harbour,50,2450,0xE6100000010C3E85C824A6283EC0001D66AF051C6340,3F5E4097-4F24-4887-BDD6-93CA5BC7A00C,08-09-2013
14054,Parkstr 851,,Bottrop,53,46236,0xE6100000010CC78A70A0ABC64940876D61E510AE1B40,A2EBA12C-C5D3-4EBA-889A-0563B83AB0CE,30-07-2012
14055,9969 Coldwater Drive,,Caloundra,64,4551,0xE6100000010C666E23D84CC73AC0EBB40CE362266340,9213422D-5E1A-4B6A-9988-2E05AAD1AECB,05-10-2011
14056,7605 Mount Dr.,,Coffs Harbour,50,2450,0xE6100000010C0708DB88E0273EC06B6AF4B68D1A6340,3B84ADCE-6B33-4235-9940-80943417CED6,06-07-2011
14057,5137 Pheasant Court,,Issaquah,79,98027,0xE6100000010C9D251A4E38C04740E700A232AA775EC0,9C185EC1-2F0B-40D3-9798-8ECEA3D87121,04-06-2013
14058,4924 Mariposa,,Bremerton,79,98312,0xE6100000010C34D21B0666CE4740CAA77F47B6AA5EC0,CE4404B3-8370-4D15-981E-A824F626CFD5,28-05-2014
14059,9681 VistaView Way,,Burbank,9,91502,0xE6100000010C3927A5B425154140C46C7566AA9D5DC0,DDE10CB9-8491-47B5-BF58-A8FCB0862FF8,27-10-2013
14060,3001 Mt. Etna,,Bellingham,79,98225,0xE6100000010C04DA39D1E15C4840C27C7E0337A35EC0,FF0D8614-DE1D-4A0C-B6D2-409F40F42CD0,11-05-2014
14061,7023 Stallion Way,,Brisbane,64,4000,0xE6100000010C40B6175F8B7B3BC0F83E9E1F9A256340,EBBE5E6B-3FB9-4EEB-A324-559028AA88E7,24-05-2013
14062,5741 Glen Wood Dr.,,Goulburn,50,2580,0xE6100000010C4E4FCCC7894741C02E2E1EEECCB06240,A838B4F4-BEEA-4393-94B6-F47AC5F53040,06-03-2013
14063,5697 Jacqueline Way,,West Covina,9,91791,0xE6100000010CD789D948F10A4140C0B668706F7E5DC0,1A04F098-15B9-4513-A146-F0AE2D94793F,13-05-2014
14064,3945 Cedar St.,,Rockhampton,64,4700,0xE6100000010CFE070608B35F37C0D86B6207DAD56240,8CB22A38-F000-4AAF-BB91-2F5944940E84,20-01-2012
14065,3576 Court St.,,Burbank,9,91502,0xE6100000010C55D83CADF5194140E9E3F54D09905DC0,979F4090-B67C-4771-8704-A145FAE61474,01-03-2014
14066,Conesweg 1234,,Ingolstadt,8,85049,0xE6100000010CDB041C62CB5A4840BDC39610F1B02640,A32D5321-72CB-46DF-9D4C-24A86871BCDB,20-09-2012
14067,6979 Harvard Drive,,Puyallup,79,98371,0xE6100000010C555FAB981095474014616DC30B945EC0,DA3A598A-6309-4A20-80D0-2F0797E05212,13-09-2011
14068,1005 Matterhorn Ct.,,Cambridge,14,CB4 4BZ,0xE6100000010CC445A75A5C1D4A404E4FB4B20F74BC3F,02A55FE1-7221-48CD-93A6-26FA2FB70546,03-11-2013
14069,5565 Logan Court,,Imperial Beach,9,91932,0xE6100000010C9F0822C32B4D4040D521C593553F5DC0,633DE9EA-0B1D-4356-8935-DA64DDDDAF1F,30-11-2013
14070,8769 Haven Drive,,W. Linn,58,97068,0xE6100000010C68B5981063B24640DE68E08BE3A35EC0,3DF9B8CE-5A1C-4CCA-80DE-C5B8CC26CC5D,31-08-2011
14071,"336, quai Paul Doumer",,Paris,161,75016,0xE6100000010CBE9191FF637048402C45A791870E0240,2251254E-075E-46AD-9F53-E899475BB853,21-12-2013
14072,265 Jeff Ct,,Oakland,9,94611,0xE6100000010C843B681B22E44240437F26101E885EC0,B48DD7A4-FBD8-4B4B-BE4E-7C4ED0CE1FD4,07-01-2014
14073,"3, rue de la Centenaire",,Paris,161,75003,0xE6100000010C8395CD67A66548408068238F99D80240,4B5AD662-33BC-41F9-A364-91F3C5E2EACA,21-12-2013
14074,6379 Yellowood Place,,Burbank,9,91502,0xE6100000010C821A86A8051D4140DD6459FB8C915DC0,D6921C07-3974-4D94-878F-02A9C98E0428,25-06-2014
14075,6894 Oeffler Ln.,,Birmingham,14,B29 6SL,0xE6100000010C5E6F9672F13A4A4066C11CC3471FFFBF,20C7DB21-AE3E-4CCC-8FC8-A719C6535DF7,18-07-2013
14076,8128 Honey Trail Lane,,Newton,7,V2M1P1,0xE6100000010CCA4788D92EEC4A40DAEFB1B279A65EC0,6E79DD1A-B4AF-4ACC-B27E-A9B73C67E1B1,14-11-2013
14077,4497 Near Dr,,San Carlos,9,94070,0xE6100000010C68A3061157BE42401F8DA802359B5EC0,8F691EC1-5C94-4911-B5FC-27B8C6064FE9,19-05-2012
14078,9155 Red Leaf,,Bellingham,79,98225,0xE6100000010C3B86C8E5DF614840ECCDF96CC8A45EC0,E4491D08-53A6-4EF6-A559-06023D048EE9,17-03-2014
14079,"5407, rue Lauriston",,Boulogne-sur-Mer,148,62200,0xE6100000010C8DA0E305E0624940AEC0F2D78EA6F93F,EC766216-C18F-427E-A298-4280110C99AE,21-12-2013
14080,1283 Teakwood Court,,Wollongong,50,2500,0xE6100000010CC7FF2F5CD93341C0AEA3469407D66240,E51306A1-A3C3-459C-8A14-BFD6CAF29433,04-02-2013
14081,5778 Mt Tri-state Court,,Oak Bay,7,V8P,0xE6100000010C96A8E115EF3A4840456849476CCC5EC0,FA420464-5657-4646-A276-AAFEF5D3EE69,14-08-2013
14082,3348 Galindo Street,,Beaverton,58,97005,0xE6100000010C53174EFEDEBA4640D7560A2490BD5EC0,6DF296A7-D4A2-455D-8A4C-E91F4C579183,26-05-2014
14083,9682 Concord,,Springwood,50,2777,0xE6100000010CAA791F05DED840C083E9A71EF9D76240,D74DF560-A982-4363-82D2-FBC9E80F721D,27-09-2011
14084,Knaackstr 756,,Offenbach,70,63009,0xE6100000010C00000000000000000000000000000000,18E121A1-804C-4CBA-B97B-D9DFCD3A0474,28-12-2013
14085,8047 Dover Drive,,Cliffside,7,V8Y 1L1,0xE6100000010C0301DC56EB464840ED377FDB97CC5EC0,AA835835-995E-4112-9C8D-0BE3D00CE811,28-09-2011
14086,"37, place de Fontenoy",,Les Ulis,177,91940,0xE6100000010CB488A130775E48403BBB5DD2E1560140,C642E5EE-F365-42F6-814C-B969872EFDB5,21-12-2013
14087,"101, avenue de la Gare",,Roissy en Brie,163,77680,0xE6100000010C43E85561B95B4840512EE25942450540,6E3983C2-D8C9-4313-A3DF-7D300418DCA4,21-12-2013
14088,5911 Del Vista Court,,Burbank,9,91502,0xE6100000010C963CE9AD851941406EA66E7FD2935DC0,179F9840-13F0-4523-B3AD-875134D854B4,01-11-2012
14089,Königsteiner Straße 750,,Paderborn,20,33041,0xE6100000010C00000000000000000000000000000000,6A823AC9-7EAF-4EA8-AB6E-44158EFAC754,19-12-2013
14090,4283 Meaham Drive,,San Diego,9,92102,0xE6100000010CCB5F13C526564040AF0E1998723E5DC0,E9289D65-B216-4C3A-85F5-505B65FCA488,14-10-2013
14091,7233 Leticia,,N. Vancouver,7,V7L 4J4,0xE6100000010C23D6FBDC209F48400FF36ED41EC45EC0,15A0F296-F98C-4B2B-BED4-C138E1F4049C,04-05-2014
14092,8474 Carmel Drive,,Billericay,14,CM11,0xE6100000010C605A87F861C74940D6675DBF86B0DA3F,D21B5699-24EE-414C-99E2-08539FCE7995,24-01-2014
14093,7613 Orangewood Dr,,Long Beach,9,90802,0xE6100000010CD0A8006BF2E84040E33F9C39DD8C5DC0,1BD84933-EB11-4B05-B987-97E2EDE09A34,06-08-2013
14094,5520 Sierra Ridge,,East Brisbane,64,4169,0xE6100000010CD520B79ABF7D3BC007E9F2355E1F6340,7D51D41C-1DB5-42AD-B863-BE8D67C2C92A,25-12-2012
14095,9109 Pinetree Court,,Long Beach,9,90802,0xE6100000010CC6E5D47C5AE640405729E281608E5DC0,C5F32037-4B53-4F5C-8B45-4020CA9ECC95,08-02-2014
14096,"10, rue des Vendangeurs",,Saint Germain en Laye,164,78100,0xE6100000010C077BA7DE7473484001614A9EDEC90040,2E7C6EC0-A978-452D-B371-BE203061BFBF,21-12-2013
14097,466 E St.,,Burbank,9,91502,0xE6100000010CA6CD9AB0C51741407A250BD24E925DC0,1E059067-95CB-49B7-80CB-5778C967CD15,23-11-2011
14098,6973 Elena,,Shawnee,7,V9B 2C3,0xE6100000010CA446F90F4C3348403C34BED6AFD85EC0,8D3B5A59-0FAF-4780-8F5C-EA67D6C4CE20,11-12-2011
14099,3341 Teakwood Dr,,Bellflower,9,90706,0xE6100000010CDE908B6CA0F4404072E027CCD78E5DC0,3C5895D6-B3A7-49D1-8BE9-3D6B1FFE6DB2,09-05-2014
14100,5345 Willow Avenue,,Metchosin,7,V9,0xE6100000010CB4A186BF722748404074876C14EE5EC0,23601394-8963-4E74-BBB0-A2C05492B47C,10-12-2013
14101,4623 St. George Dr,,Grossmont,9,91941,0xE6100000010C73D0358A996140400915BA1908415DC0,AF9F7EA1-EA1A-43E8-A075-54315A29DA8D,25-08-2013
14102,7047 Poncho St,,Chula Vista,9,91910,0xE6100000010CCE3B2BEF0F5540401DB3EFA8603A5DC0,5F33E81E-4AF9-4DD4-AABB-BCB7E721C6E8,09-06-2012
14103,9536 Mt. Hood Circle,,Imperial Beach,9,91932,0xE6100000010C1D3ED24800494040ED3688A2D2525DC0,2835A2A6-EFB9-4100-A755-147776586630,20-05-2014
14104,9068 Bohon Circle,,Shawnee,7,V9B 2C3,0xE6100000010C72FFF59B0E324840C3503ACA0EDB5EC0,54401035-E453-4D35-AAB0-7277EAEAACC9,22-08-2013
14105,4976 Singingwood Court,,Port Macquarie,50,2444,0xE6100000010C581E62CEFE683FC0D55A2C8396206340,4F92AA13-068C-43A3-A528-71841E040EC8,21-06-2011
14106,4236 Malibu Place,,Oakland,9,94611,0xE6100000010C49FA775732E242408EEAA09FB8905EC0,27DD5E3E-E67C-4753-8697-15D458EE16A9,02-01-2014
14107,9720 Morning Glory Dr.,,Findon,66,5023,0xE6100000010CE0B08512EC6E41C0C16872B90E4E6140,54F1A48B-8027-470A-808A-2601B369490E,19-01-2012
14108,4110 Hanson Lane,,Springwood,50,2777,0xE6100000010CDD93962E29DA40C0146A9E8074D86240,AFEA855C-2BE7-4322-A814-1DCDBB57A632,19-01-2014
14109,Im Himmelsweg 89,,Frankfurt am Main,70,60075,0xE6100000010C00000000000000000000000000000000,BDF6560D-DF27-4F34-8110-FD5C47BBF7C6,19-08-2011
14110,2100 Linton Terr,,Langley,7,V3A 4R2,0xE6100000010CA5802F46A28A484059049EA40DA95EC0,626178C6-D022-4A0C-83D9-8E8C3AD3B3B0,26-05-2014
14111,2141 Banking Road,,Edmonds,79,98020,0xE6100000010CD0352B456CE64740ADC92531A89C5EC0,F744ED6D-3950-47CF-81C1-DEE832AFA861,03-01-2014
14112,"625, rue Basse-du-Rocher",,Colombes,178,92700,0xE6100000010C0EE6566FBD7B48408DDF33B0B7FB0140,48F5D1F7-4C08-4211-A063-19385212DA24,21-12-2013
14113,3128 Second Street,,Santa Monica,9,90401,0xE6100000010CDEBF156B01FB4040AC825A4D8C955DC0,8CA943CA-FFF0-4AA9-85FD-FBC219ACD6BF,15-05-2014
14114,Marienplatz 52,,Hamburg,20,20354,0xE6100000010C8DE4A816D8D14A40DAAB77720C032440,8313E129-3CB7-44DD-A6FD-0C849D035CA4,06-07-2013
14115,"363, rue Jean Mermoz",,Paris,161,75019,0xE6100000010CF4D32350827148409F6CD45044790240,3AE206D2-CAA1-42B8-B491-3A60FFE6C7A3,21-12-2013
14116,4663 High Maple Court,,Oakland,9,94611,0xE6100000010C94B20DC244EF42408172CE1649925EC0,EE309B1F-1DB8-47F8-A5F7-C214AECEA9B2,29-10-2013
14117,7867 F Mt Hood Circle,,Esher-Molesey,14,EM15,0xE6100000010C00000000000000000000000000000000,3B1CF912-48AD-470A-A131-BA05D2F3DC75,05-03-2014
14118,"84, avenue des Ternes",,Tremblay-en-France,179,93290,0xE6100000010CEE9A8622E17D484093A8D8B958780440,3525FA98-9CD4-4CC2-9C74-3E5F4E29F653,21-12-2013
14119,9363 Vista Bonita,# 123,Cliffside,7,V8Y 1L1,0xE6100000010C61EED662D04348408DA167F18ADF5EC0,83594FC7-7A4B-478D-94BC-D768D7EC72AC,13-06-2013
14120,6296 Elmonte Drive,,Esher-Molesey,14,EM15,0xE6100000010C00000000000000000000000000000000,D0634833-C9FC-4DCF-A5E4-34AF66D26EB0,28-06-2012
14121,5477 Oak Leaf Ct,,Yakima,79,98901,0xE6100000010C3182F86DCD494740D60B6DAB930E5EC0,38557690-3F57-4A5D-88DC-2522C8A71BD7,06-09-2013
14122,6898 Holiday Hills,,Beaverton,58,97005,0xE6100000010C7310FE4E5DBE4640039505BEFDBB5EC0,F56FFCE8-BB7A-4A2F-BD48-CB2868DCDC70,25-08-2013
14123,6030 Double Court,,South Melbourne,77,3205,0xE6100000010C0BFC190EF6EE42C0C5F40FBD791B6240,8115B6E4-A2C1-4832-B941-1C8B9F5A8832,06-02-2014
14124,7227 Frame Ln,,Salem,58,97301,0xE6100000010CFF6C7D18397D4640789F2C1542B85EC0,FDEBBC88-D29E-467B-8092-040C04D2A17F,23-02-2014
14125,"82, avenue des Ternes",,Metz,143,57000,0xE6100000010C0CF0426F37924840C11E223D66BF1840,B69A677C-9BF0-4F4D-8CBB-BF6B6FBE6FEE,21-12-2013
14126,"83, rue Jean Mermoz",,Paris,161,75003,0xE6100000010C81357526206848409F6CD45044790240,804F78F6-63F4-4ADF-84B0-2E925FC29D02,21-12-2013
14127,8254 North Ridge Drive,,San Diego,9,92102,0xE6100000010CA5069F9A035C40400375B142704D5DC0,5F488729-73C4-4DEC-9163-BA2AA1C8B558,17-12-2013
14128,4877 Limewood Place,,Hobart,71,7001,0xE6100000010C712DF077C36545C0E1B35AEE456E6240,01FF9398-F4FF-4598-A757-1E7169EC3315,08-12-2012
14129,9790 Deer Creek Lane,,Metchosin,7,V9,0xE6100000010C12D57B9F422E484025DB5E7150DA5EC0,C8C32D21-EE99-4219-8EE6-EB8B44DD89B5,04-04-2013
14130,9322 Sunshine,,Spokane,79,99202,0xE6100000010C7AB5974452D7474075FE598981545DC0,D9445CA6-EE8D-454C-9C70-A60914ECF68E,10-09-2013
14131,Kappellweg 613,,Essen,20,45001,0xE6100000010C00000000000000000000000000000000,7714C3E8-B8C6-4043-B175-DAA542782F55,08-02-2014
14132,5323 Stanford St,,Rhodes,50,2138,0xE6100000010CCD8BB93310E740C05FC72BA2EEDE6240,A34F1233-852E-423C-8AE2-466314871A61,02-10-2013
14133,Wolfgangstraße 10,,Erlangen,8,91054,0xE6100000010C73240CE7C3D44840F08BC13246112640,72DFBA94-802C-487C-AF44-91931C495561,18-05-2014
14134,4490 Chablis Court,,Redmond,79,98052,0xE6100000010C2FBF3E9F80D547409C4FAA7FD48D5EC0,6FCC984F-46B6-4511-916E-DBD718E89788,22-01-2014
14135,Wolfgangstraße 68,,Sulzbach Taunus,70,66272,0xE6100000010C00000000000000000000000000000000,0F31A3B7-8A57-4DFF-9985-850024EF4061,12-08-2013
14136,4277 Banana Court,,Burien,79,98168,0xE6100000010C2648A3548ABD474024EA3B7731995EC0,99985619-B8AD-4976-A57D-8DC1F4472412,11-04-2014
14137,2354 Crown Ct,,Bremerton,79,98312,0xE6100000010CC255B0E69DCF474046FBA6C8DAB85EC0,668B85A3-8363-41B3-977F-8DF7A74A7BF7,09-12-2013
14138,5050 Riverside Drive,,Langley,7,V3A 4R2,0xE6100000010C6E1D2693BF88484056D91DDD20A55EC0,96DF4FEE-5DF4-488D-A5E4-E0C874CC1AAD,06-05-2014
14139,Buergermeister-ulrich-str 500,,Neunkirchen,70,66578,0xE6100000010CDDBA6D7D41B048403761240A45741C40,F7E71662-F0EB-4500-868E-23372FF592C5,30-08-2013
14140,4628 Mountain View Place,,Newport Beach,9,92625,0xE6100000010C103E782883C640401D83823DBB705DC0,2B638067-8BC3-4433-8BE9-EE85EC5D12FC,12-01-2014
14141,7578 Sierra Road,#905,Edmonds,79,98020,0xE6100000010C83C29A597BE947406A1784B42C975EC0,AAA4630C-4D7E-4554-B267-C4033BAF5966,04-07-2013
14142,"783, cours Mirabeau",,Chatou,164,78400,0xE6100000010C0379F720837B484046D3F808B4400140,30227F04-9045-49E0-9583-CB9227E5437E,21-12-2013
14143,2024 Belle Dr,,Sydney,50,1002,0xE6100000010CDC56C10CA0F440C003EA5ACCA8E56240,2DA3ECF5-4FC2-4B19-88E9-D1F8F48965A7,18-07-2013
14144,3519 Brookside Drive,,Fremont,9,94536,0xE6100000010C1D0123B3E8C2424097CA37B478875EC0,CD1ECE3B-456B-4CE5-B449-3F85361D5394,27-05-2014
14145,8595 Central Avenue,# 228,Wollongong,50,2500,0xE6100000010C28F52C2E163241C0F95E389A71D86240,E9FB3DBD-4B9F-401D-8055-5C9A56957604,07-12-2012
14146,6978 Hoke Dr,,Issaquah,79,98027,0xE6100000010CA3C2ACA642C34740DEB397C07F865EC0,BED7D663-DC91-4754-8649-377F9EE7130C,13-09-2013
14147,1383 Button Court,,Westminster,7,V3L 1E7,0xE6100000010CE7067983B0A24840462DDED693BB5EC0,96CC6771-60B9-4757-9653-E3BA950A4C03,18-06-2013
14148,5096 Flamingo Dr,,Palo Alto,9,94303,0xE6100000010C2F87E9F417BF4240E8844D05C77B5EC0,A97E85F7-ADD4-4DA2-A931-42593EDBA9D1,17-09-2013
14149,5423 Los Gatos Ct.,,North Sydney,50,2055,0xE6100000010C4C9ED4E40EF040C03105998838E36240,8177B4CF-6D99-4A3E-BED4-56DD43544064,11-09-2011
14150,Berliner Platz 1,,Mühlheim,20,63151,0xE6100000010C00000000000000000000000000000000,5FCEF488-FAC1-400A-A703-37FC28DF4E15,30-10-2012
14151,9754 Hilltop Dr,,Lynnwood,79,98036,0xE6100000010C7AF4CCC2FDE44740638697DFDD8E5EC0,008A2F97-EE33-4E74-AD9E-60F27454D9F8,01-11-2013
14152,Pascalstr 756,,Paderborn,20,33041,0xE6100000010C00000000000000000000000000000000,8F6920B9-42FF-4471-BE6B-FCC352B34A8A,14-06-2014
14153,6377 East Avenue,,Newton,7,V2M1P1,0xE6100000010CB7EDA73DFCF94A40EED733000CA85EC0,C2B75551-9A42-48EE-93EB-9ED1BF68E928,01-07-2013
14154,857 Alum Rock Drive,,Lavender Bay,50,2060,0xE6100000010C52A3F0DBC8E740C0967F95D133E06240,A4402ADB-209C-4CB1-9447-11C586D4E817,16-03-2013
14155,3947 Vista Valley Rd,,Lake Oswego,58,97034,0xE6100000010CC872AC35EDAF4640373EEA5EC3A35EC0,EB9719A8-1EC4-47ED-A012-13E0728C5CCC,25-02-2014
14156,824 El Campo Ct,,Beverly Hills,9,90210,0xE6100000010C28851CBD22124140E291B2475B955DC0,B06AA976-460E-4CC7-9A2C-38A00DE75B7D,06-05-2014
14157,8646 Pleasant Circle,,Spokane,79,99202,0xE6100000010CE487F4C3D4D1474005522FA7FF4F5DC0,04FD09F7-4EA1-465A-B172-9CB756B719DD,12-11-2011
14158,8432 Sierra Madre,#914,Beverly Hills,9,90210,0xE6100000010CD0029AF9B2114140E933737CB9A05DC0,A0C227AE-17B3-40D2-B1E3-FAAFF1CFBEAC,17-05-2014
14159,4039 Elkwood Dr.,,Ballard,79,98107,0xE6100000010CB30E005CBDD647409E778043D79A5EC0,6210DC77-0A0E-43C5-9B0E-60D756DB1927,18-11-2013
14160,6550 Mallard Dr,,Newcastle upon Tyne,14,NT20,0xE6100000010C66A69C9F2D7D4B40802AB93F2FD0F9BF,A09F4786-C948-4A7B-8E15-5B73637215A3,23-05-2014
14161,4882 Darlene Drive,,Goulburn,50,2580,0xE6100000010CE4858A2EFB4741C01EA3844F27B46240,EF37A33C-296D-413F-9694-413D6FAC096E,24-03-2013
14162,2171 H Stagecoach Rd,#77,Burbank,9,91502,0xE6100000010CA95E4CB3051641403FAAFC34E1995DC0,39357F0B-EBEB-4A01-A5EB-5D51E1752640,21-07-2013
14163,2583 Cypress Ave.,,Bremerton,79,98312,0xE6100000010CA8390CE2DEC54740E17F2157FFBB5EC0,C5450354-D396-4F7D-B572-E4717AC75B2B,28-12-2012
14164,8093 Landing Court,,Melbourne,77,3000,0xE6100000010C21385232A4E442C081A50B73B9196240,3730FA7C-D2F9-4C97-BBD0-D34E83EB7E0F,30-12-2012
14165,5581 Stanford Street,,Colma,9,94014,0xE6100000010CDC6A5F6743D94240EEA025FB09A75EC0,589AA2B8-7A49-42BA-B1C4-5AAE6116B52C,10-05-2014
14166,Curieweg 294,,Ingolstadt,8,85049,0xE6100000010CAA853FD248624840BC67F66B22AB2640,6D541E6C-9D10-4FDA-9273-41D1EEB0B757,02-11-2013
14167,7832 Landing Dr,,Langley,7,V3A 4R2,0xE6100000010C5FCD6B139B8548402472EA206BA05EC0,A96219D7-5CA0-415E-BD65-4C49315911C5,15-07-2013
14168,6233 Serpentine,,Sunbury,77,3429,0xE6100000010C392CDEE34DC342C05D1147FC6A156240,8508A06B-DECB-4212-BBFB-1666D12938A4,17-01-2013
14169,9073 String Drive,,Portland,58,97205,0xE6100000010C0E68E06C99C54640CF28859085AD5EC0,051A472C-6899-46BD-9258-ABAFAE4BF5B4,20-09-2013
14170,2278 Rosa,,Concord,9,94519,0xE6100000010C237B987AC7F8424086C2A32904865EC0,02BB1B50-4C4D-4BB6-9D2C-8E14145CFBCA,11-02-2014
14171,3774 Margo Drive,,Redwood City,9,94063,0xE6100000010C1D95CCFA9FB742401548627AA28C5EC0,2AD96A54-F1A8-4C78-9525-94BC4DCE0FF0,18-08-2013
14172,7232 Bales Court,,Colma,9,94014,0xE6100000010CA3FACA0D16DE4240199ADC5EFC9F5EC0,8B9D372C-E583-4F7B-97C0-7BA1BE707943,23-09-2013
14173,960 Pansy Dr.,,Seaford,77,3198,0xE6100000010C019AA42E101343C05C9DBDDEB4286240,7B274CCC-5A15-4D3A-8A1A-68B940419F95,15-02-2013
14174,1637 San Carlos Ave,,Langford,7,V9,0xE6100000010CF5E0C334E0404840B064C7EAC0D95EC0,E745D4B7-5517-41F6-8035-1F5456786862,05-01-2012
14175,8005 Ranchhand Court,,San Gabriel,9,91776,0xE6100000010CAC7749CE4C0C4140886BEA50248D5DC0,2B81055C-ED68-4DBC-8795-B1D702C1BC11,27-08-2013
14176,"22, rue du Puits Dixme",,Pantin,179,93500,0xE6100000010CCDFBA0E6C37B4840034999FE16450340,5531DEF9-23E7-4017-BC25-FF84E51EEFDC,21-12-2013
14177,2665 B Wildbrook Ct,,Torrance,9,90505,0xE6100000010CBB7F84974AE74040ABFFDA17919F5DC0,A8E02FC1-99D6-408C-A2E1-715834265313,13-12-2013
14178,9287 Pecan Pl,,Bellingham,79,98225,0xE6100000010C29DBA460A0604840E4EDDCD505995EC0,AF7E7C3F-4588-441F-9596-9E522460C8D7,07-02-2014
14179,Nollendorfplatz 48,,Duesseldorf,19,40605,0xE6100000010C00000000000000000000000000000000,8AFA3A6B-DEB0-434E-AEC2-3C3C6B1C097E,19-04-2014
14180,"1111, rue de Longchamp",,Colomiers,117,31770,0xE6100000010C2DE05858F6CF4540E9E02BCE613BF53F,6E612FC6-8CE4-4802-81D5-9DF4056F5178,21-12-2013
14181,4201 San Carlos,,National City,9,91950,0xE6100000010C29FA76BA87594040BA6EF4CD1B455DC0,B16D0341-26E5-4183-B1B4-A14CC3500819,08-03-2014
14182,3733 Water Street,,Sooke,7,V0,0xE6100000010C8C5D9A7F952B4840F3CB72AED2EC5EC0,A36D4C1A-3CC2-4276-AAC9-D82D93BF753D,06-01-2012
14183,3426 Serrana Ct,,Geelong,77,3220,0xE6100000010C5414540E650C43C08B9299AB4C086240,00BC7994-E0DD-487E-A5E3-2F8179CD87BA,15-07-2013
14184,8675 Line Court,,Berkshire,14,RG11 5TP,0xE6100000010C00000000000000000000000000000000,DE7F4610-16E8-4E45-8192-4D899AE923F9,17-03-2014
14185,3212 Yellowood Lane,,Spokane,79,99202,0xE6100000010C41AFF7EF6BDD474075FE598981545DC0,4C97A78E-1BF6-4C8B-B7A5-094A9B05FE3B,29-01-2014
14186,1290 Arguello Blvd.,,Yakima,79,98901,0xE6100000010CBBD8059153594740A0CD4376A8115EC0,615EBEA8-889E-4B58-A1B3-263528EFEB90,18-07-2013
14187,"1861, boulevard Beau Marchais",,Chatou,164,78400,0xE6100000010C0379F720837B4840D25A935BF83A0140,AA4BD5C9-2A0B-41A3-B6EA-2EE89327367F,21-12-2013
14188,133 Westwood Way,,Rockhampton,64,4700,0xE6100000010C407B49C3AF6837C00B62B647F6D26240,40D4E336-EACE-4318-AD52-C75CB74EF106,05-11-2012
14189,2317 Glen Road,,Renton,79,98055,0xE6100000010C2D4F32F5A3B647405BABE357C8905EC0,C49AA5DF-B70A-4156-9768-FB7BAD83BDEB,10-06-2013
14190,3655 Sodaro Dr.,,London,14,W10 6BL,0xE6100000010C7CBCA8FB63BA49408D835B4CD708CCBF,277FEC08-399A-4E27-80B0-FC3094C10C59,08-11-2012
14191,5267 Mt. Tri-state Court,,Glendale,9,91203,0xE6100000010C0D5AB9A96D14414059F4CB27D0975DC0,26EE9CF8-4E14-4722-AD5D-2950298812A6,01-03-2014
14192,3853 Wildcat Circle,Unit 13c12,York,14,YO15,0xE6100000010C72072EC3B7FA4A40642CCDF3FA55F1BF,461BFBA3-FDF8-4992-9295-3E1054A9119F,29-07-2012
14193,7057 Striped Maple Court,,Victoria,7,V8V,0xE6100000010C8C96817396354840D618A36610CD5EC0,8CF39D51-78FC-4D00-BCBF-E703940D4E52,01-05-2014
14194,3401 Meadow Lane,,Bellflower,9,90706,0xE6100000010C275A1FAD8DEE40405E7BEAF609885DC0,18F00F50-7520-454F-935E-C1C47501B0B7,18-02-2014
14195,"17, rue de la Centenaire",,Olympia,79,98501,0xE6100000010CA2F64F93E38047402FC92A1D1BB05EC0,3E3C960D-2733-4495-BB07-BA64D3013625,09-04-2014
14196,9906 Oak Grove Road,,Bendigo,77,3550,0xE6100000010C70A25DA5F66042C09FEA73E5FB076240,B67B480D-118C-41C5-BEF1-757D0B7FA473,12-01-2014
14197,9436 Oakmead,,St. Leonards,50,2065,0xE6100000010C4A2CD8480AEE40C0896B0AB58DEB6240,AD341311-F5FB-454C-B036-10C329B6A5F3,29-07-2011
14198,4667 Cook Pk,,Royal Oak,7,V8X,0xE6100000010C3EC86F47CC4148404CA4D9304AE15EC0,A562AC00-E9BF-4BFD-B355-F59B8963020E,08-07-2013
14199,6416 Teakwood Drive,,Beverly Hills,9,90210,0xE6100000010C898E26CBE11341409255A13953925DC0,4CDDCCE1-90F8-49CE-9721-88271AF21166,23-03-2014
14200,2785 Snow Drive,,Shawnee,7,V9B 2C3,0xE6100000010C188013B0373D4840BD807D3A1FE65EC0,E94334F8-7B4C-4522-8A82-559FD0B10761,12-07-2013
14201,7444 Cherokee Drive,,Daly City,9,94015,0xE6100000010CF565E78A3DD142402CA128AEE4A25EC0,30E4074F-4631-420F-9153-086236DF28ED,29-04-2014
14202,4138 Shore Rd.,,Roncq,145,59223,0xE6100000010C49752DB3735A4940BE3A4620FEF40840,1A9487C9-DE79-4CC7-B8D2-277B37FD91E8,21-12-2013
14203,9039 Blocking Ct.,,East Brisbane,64,4169,0xE6100000010CF13C3461577C3BC0835D24E62E286340,546ACB15-FA91-4844-9FF1-D5935F0E8FC2,24-10-2013
14204,8512 Arrowwood Circle,,Los Angeles,9,90012,0xE6100000010CC0C0334BF20A4140228324D86D915DC0,F8E531F3-5DBA-456E-939A-C17BCDF3A76F,28-05-2014
14205,6336 La Orinda Pl,,Burlingame,9,94010,0xE6100000010CDC5317FB27CC4240724A1FB01D9F5EC0,073583A6-EA49-47A7-83D3-0B86576ED050,02-11-2013
14206,6122 Orange St,,Port Hammond,7,V6B 3P7,0xE6100000010CBA76C7CA4AA748408C25FE681DC75EC0,07E2B64F-D866-414D-8C18-D7CEFF774938,31-07-2013
14207,7545 Stanford Way,,Malabar,50,2036,0xE6100000010C1D9CE479B9F840C0879335E36DEC6240,F06CBE32-9AF8-49B9-A859-E38AA40F58D4,01-09-2013
14208,1544 Quiz Street,,Royal Oak,7,V8X,0xE6100000010CBDD46E0FB23E48406CA90CFAB4D05EC0,B3C957D3-8E44-4BD7-BC75-132EE3EEF95C,17-12-2013
14209,4240 El Campo Ct,,Lincoln Acres,9,91950,0xE6100000010CA346B7D55D5A40405125B646DC425DC0,C3943583-4841-47C7-B5EB-FC7341926057,23-12-2013
14210,4708 Biscayne Court,,Melton,77,3337,0xE6100000010C5DE51184D5D342C01BE176B1A80F6240,1617F402-903A-41E5-9A4F-AC7B270246D0,20-10-2013
14211,Am Gallberg 22,,Grevenbroich,8,41485,0xE6100000010C00000000000000000000000000000000,620D35C9-FA60-4624-92D0-2F2BB8D567F7,22-05-2014
14212,2572 Hill Dr,# 2,Edmonds,79,98020,0xE6100000010C2738BA0B27ED47407E83C53AFE8C5EC0,6B67761B-2E60-43F7-BBBE-6911A43D89AC,19-04-2014
14213,5522 Deer Ridge Way,,Berkeley,9,94704,0xE6100000010CF0FF7EF12AEB42405C8E9CD14F935EC0,E110D678-48B2-43BF-B5C0-83B570FC1BBC,17-04-2014
14214,7013 Cimarron Drive,# 110,York,14,YO15,0xE6100000010C1CC7CC33E2F54A40DF4184C28759F1BF,5F79CDFE-0A2E-4EAD-9294-D82A8D94D71C,15-07-2013
14215,Lieblingsweg 543,Verkaufsabteilung,Erlangen,8,91054,0xE6100000010CD292FB996EC74840CFB3A413E30D2640,67FBA154-798F-41DF-819E-6DEF7E8A2F1E,09-09-2012
14216,9967 Malibu Place,,Downey,9,90241,0xE6100000010C8136F4E89DFE40401202A6EC39865DC0,E594A9A9-A5D5-4504-B92C-A20EF9357254,07-01-2014
14217,1463 El Verano,,Downey,9,90241,0xE6100000010C8136F4E89DFE404075958F05BD875DC0,0B1E77D5-0EBB-44F5-BFFE-D28B4A10AC7D,25-12-2011
14218,5800 Abbey Court,,Caloundra,64,4551,0xE6100000010C1E83508971C03AC0F8BA700F68256340,77B4B1B6-F23E-4305-8392-8AACDA476FAD,16-03-2013
14219,4921 St. Geemain Lane,,Redwood City,9,94063,0xE6100000010C1328341481BA4240AC9CA13705965EC0,11A052BF-24C9-4E2A-9ED5-D6031B127F1D,06-04-2014
14220,9326 Mayda Way,# 2,San Diego,9,92102,0xE6100000010CFD7DE6F89156404089B2A73171475DC0,4D65EA0D-9666-4226-B5D2-C3752D7C1374,19-12-2013
14221,Conesweg 1,,Darmstadt,19,64283,0xE6100000010CFA71A10B0DF0484015100DAA4A512140,00AF6BF9-F12B-40F0-B4D1-CBD2822D9AE1,15-12-2013
14222,5695 Laurel Drive,,Milwaukie,58,97222,0xE6100000010C25D3857725B4464033FB1068DFA45EC0,04C73D3E-3A95-4F0C-BB0A-BDD9BE42048A,06-11-2013
14223,3606 Bolton Circle,,Geelong,77,3220,0xE6100000010C5414540E650C43C035A724EBC2086240,6B8FADC3-A698-4E50-A6FA-A07966DF2800,12-08-2013
14224,1601 Crown Court,,Corvallis,58,97330,0xE6100000010C3289A4956A4B464059FABE48C5D05EC0,A237FF65-F83B-4D69-A484-0F8415E9AB89,29-09-2013
14225,"964, rue des Grands Champs",,Lille,145,59000,0xE6100000010C8020345EFB584940A9663D3B20640840,40347FA1-B262-49DA-92BE-3D60C023C952,21-12-2013
14226,879 South Royal Links,,Westminster,7,V3L 1E7,0xE6100000010CD4E630FFF2A348406EFA584012B65EC0,4E50311D-3F67-4802-818D-181F3D9C9512,19-11-2013
14227,5792 Mori Court,,Walla Walla,79,99362,0xE6100000010CA9C9CC6B24144740056F7D6C719E5DC0,45B1F6D9-0BBB-4F76-8155-61BD20AB875A,10-08-2013
14228,492 Loveridge Circle,,Los Angeles,9,90012,0xE6100000010C20B7BC1FF80341409F7B8A00B3935DC0,C5597569-6FF5-4290-B3A8-94C47803ED8A,31-12-2013
14229,279 Inverness Drive,Unit C3,Downey,9,90241,0xE6100000010C1C0CE2EDB4FA404004ACAAF58A8E5DC0,C0AC5FE2-A4F6-4733-AFC3-28440A640794,28-01-2014
14230,8355 Lighthouse Way,,West Covina,9,91791,0xE6100000010C0E1DB1A7FE0D41404497DCA1DA705DC0,7E61300F-423A-4B04-B5EA-3E80827E292E,17-11-2013
14231,7118 Elliott Dr.,,Gateshead,14,GA10,0xE6100000010C47DBC6009C804B4090C632DB6C0FF9BF,1D2CE554-D9D0-4F1B-BE17-5FD621DBB1B8,08-05-2014
14232,8396 Grand Ct,,Woodland Hills,9,91364,0xE6100000010CA9690CA1CA0E414019CE3FDC02B15DC0,03D08820-58E1-408F-901D-06AB8800BBF8,21-02-2014
14233,Bundesallee 7432,,Paderborn,53,33098,0xE6100000010C01A769FF9AD74940151967A27F862140,958D9112-3BE6-4294-88FE-5AE5447797DD,22-01-2014
14234,8483 Wilke Drive,,Cliffside,7,V8Y 1L1,0xE6100000010CB1DBD16EB5404840764394AFF6DD5EC0,87238AED-EB97-4A93-8DFB-448DB65B47C3,23-10-2013
14235,9677 Elkwood Dr,,National City,9,91950,0xE6100000010C41C8754D2F564040D06F30B45A4A5DC0,8C366D98-687B-466C-8E00-22A88C64A696,19-03-2014
14236,920 Holiday Hills Drive,,Redwood City,9,94063,0xE6100000010C0ABB9B2D62BD4240ED9DC21BF1875EC0,096DBD91-F274-4156-9F1E-13E216688B2F,18-05-2014
14237,4124 Escobar St,,Woodburn,58,97071,0xE6100000010C5525E31C6B9B4640F68D6ABFC3B45EC0,33910793-3BFD-4FD9-818C-238662286541,30-07-2013
14238,7127 Los Gatos Court,,Colma,9,94014,0xE6100000010C3213BE6D07D24240A79E621CB0A45EC0,D1343CE5-F558-41EB-B954-E26C787F96E8,19-05-2014
14239,5619 Gathering Court,,Oregon City,58,97045,0xE6100000010C0BBF6985B6AD46404B3BAC8F10A85EC0,880931F2-419F-4F0A-AAEA-92853C55445D,11-01-2014
14240,4644 St. Andrews Way,,Townsville,64,4810,0xE6100000010C04972AD0DC4033C0DF519CB2AF536240,2AEA2D1D-70AA-4BAA-8A17-D24ABEE2E215,11-09-2012
14241,1733 Thistle Circle,,Bellflower,9,90706,0xE6100000010CBFF63251C2F34040FF13BE2F938C5DC0,5563AC3C-AB98-4987-B538-77F2D07E81D3,12-05-2014
14242,"669, rue Philibert-Delorme",,Paris La Defense,178,92081,0xE6100000010C00000000000000000000000000000000,7AA19E0A-F2E2-407C-8E24-681DBF142C4A,21-12-2013
14243,3483 Flamingo Drive,,N. Vancouver,7,V7L 4J4,0xE6100000010CDD8A1EE6B3A64840201E47B174BB5EC0,30FC05BC-5C58-4A7F-8A3C-EED6B7E76899,08-10-2013
14244,9850 Martindale,,Lynnwood,79,98036,0xE6100000010CC785E38642DE47406F262354B1965EC0,9C605A05-A6AF-4D60-B3CB-B5DB120E009A,31-01-2014
14245,4510 Ten Penny Lane,,Sedro Woolley,79,98284,0xE6100000010CD1D93C1682434840A65B844F39845EC0,D8925143-21E7-415B-B7F8-7F6826FB91F3,04-04-2014
14246,4299 Vernal Drive,# 132,Burien,79,98168,0xE6100000010C82611C8E6CB44740540EE8F730875EC0,3AC4BD98-5474-4F4C-B8CE-DD564EA04C92,21-05-2014
14247,"906, rue de l´Avenir",,Colombes,178,92700,0xE6100000010C4C4ADB4E566D4840CD693858F0FE0140,8A8714D2-DBE9-4552-B7EC-A478BCFFEE1C,21-12-2013
14248,1133 Leisure Lane,,Sooke,7,V0,0xE6100000010CF6B2EB27D7284840DCD20B5D02EE5EC0,30CA09C9-851F-4635-96E5-0EA077D3FFD5,02-01-2012
14249,2187 S. Rising Ave,,London,14,W1V 5RN,0xE6100000010CCF607C4C6CC54940E818FBD72646C0BF,D78C3791-1BD0-461F-9082-6164C953B653,12-12-2012
14250,6046 Dale Pl,,Woodburn,58,97071,0xE6100000010CF29855985393464061A4D853C5BF5EC0,D9DE013F-4B14-4158-8C0E-48634460CA27,01-01-2014
14251,5578 Ruth Drive,,N. Vancouver,7,V7L 4J4,0xE6100000010C3D60BADD6EB14840256BF5120FC85EC0,AFF8424D-0266-4F28-B246-0E519911A2EB,14-02-2014
14252,746 Cast Street,,Rockhampton,64,4700,0xE6100000010C37C71A25496937C002AC6D3D97CF6240,870F60FB-4FC5-4797-AE49-48EE0A6C2FB2,13-01-2013
14253,3675 Palms Dr,,Burbank,9,91502,0xE6100000010CD6A095AE15194140C11FB6C138895DC0,48CCAA66-2BE6-4735-9C3D-653F45E60779,03-04-2014
14254,533 Beauer Lane,,Edmonds,79,98020,0xE6100000010CFE7A1B6C96E44740B55897B24E9A5EC0,A6028E21-C0A6-4A55-A6C6-DE28C2DA7EEE,09-06-2014
14255,"28, quai Paul Doumer",,Paris,161,75008,0xE6100000010C553991F6D4724840F27BAAF820800240,3B0D9909-4557-4704-85D4-8EDF045879EC,21-12-2013
14256,"530, rue des Berges",,Versailles,164,78000,0xE6100000010CA0890B386F6A484022B2DCE0CFEC0040,17AC3793-0FBF-4368-B8F5-106DCFB07609,21-12-2013
14257,8609 Camino Peral,,Puyallup,79,98371,0xE6100000010CE08C68F4759447406346871B4F9A5EC0,58CCF9B2-6084-4A94-9F26-CBCBD2D161D0,19-03-2014
14258,1306 B St.,,Metchosin,7,V9,0xE6100000010C27A23AC5063A4840F436776E2CE65EC0,ECB188ED-C220-4DBC-AC4E-D52AF6271935,08-05-2014
14259,9637 Kenneth Ct,,Woodburn,58,97071,0xE6100000010C51813DCDDB8F4640E016A9360CB05EC0,A040A5F0-B91D-41C7-A5F5-4AD82C905669,28-11-2011
14260,7466 La Vista Ave.,,Matraville,50,2036,0xE6100000010C84F2A20D3FF540C066E46991E1ED6240,7C427424-94F5-462C-A35B-674D5390AC8D,10-09-2013
14261,Postfach 66 00 77,,Poing,70,66041,0xE6100000010C00000000000000000000000000000000,CCD452FF-864D-47C3-9D55-726F32DF4DC3,13-12-2013
14262,2588 Wellington Ct,,Issaquah,79,98027,0xE6100000010C9D251A4E38C04740B8BAD5AEC97A5EC0,9194AC44-97D3-4CD9-AC02-3ACF44547AEE,14-09-2013
14263,1174 Ayers Rd,,Downey,9,90241,0xE6100000010C51743FCF71FC4040F508099BCF905DC0,C4A1154F-C275-4A9B-B181-C2D14DD2FE53,20-08-2012
14264,4833 Maine Dr.,Unit C4,Burlingame,9,94010,0xE6100000010C68D4CD0A4FC842403F727BAA518C5EC0,9E22A517-6AA2-43B4-88F9-159ADC39F655,23-09-2013
14265,487 Ash Lane,,London,14,W1Y 3RA,0xE6100000010C04773FF460C949408B8640D0264BC0BF,959E3B9D-F4A8-4F08-9C81-0D17B5F4F45B,08-02-2013
14266,4378 Westminster Place,,Port Macquarie,50,2444,0xE6100000010CA5DDB97DCC693FC01C69C3F6CD166340,6165F0B6-DC4F-405E-8BF7-3C5B723BA6E3,07-09-2011
14267,3361 Crow Street,,Burbank,9,91502,0xE6100000010C2896F3B1E51641401B2D273D6C9E5DC0,3C659C2D-CD7E-42FE-BD47-89F74F701C47,27-12-2013
14268,5424 Bel Air Drive,,Cloverdale,66,6105,0xE6100000010CE634EFACB1F93FC06C41178C4E015D40,CBFC6E6E-A346-4C91-AA8A-26924052B7A1,07-10-2013
14269,9152 L St.,,Everett,79,98201,0xE6100000010C7FF8D69EEDFF4740B7FEBA2482955EC0,86BBAC54-CC71-4E30-8581-D4FC58CD520E,26-10-2013
14270,2038 Encino Drive,,Burbank,9,91502,0xE6100000010C03E3DEA9251C41400C61CB457E8B5DC0,546F8666-5289-499B-B2C9-45F0DDAB040E,25-02-2014
14271,7015 F Mt Hood Circle,,Watford,14,WA3,0xE6100000010C369BD5E6B9DC4940D49B2D34C1FCD8BF,4A0916FF-7063-43A1-B8A6-287FEEEF1AD6,22-04-2013
14272,2786 Class Avenue,,Coffs Harbour,50,2450,0xE6100000010C85A0810DEE203EC0F777FDE362226340,F0271AE6-DAC2-4220-9FD2-B57EF6E015FB,30-01-2013
14273,3384 Malibu Place,,Walla Walla,79,99362,0xE6100000010C7CCC733C31114740B3CC1582818B5DC0,9FA5A07F-49FD-4C7B-BF45-E469BC068135,27-11-2011
14274,8043 Pheasant Court,,Brisbane,64,4000,0xE6100000010C7FF56F46C37F3BC0D1F382F1561A6340,E1380228-82F9-4E13-A07E-5E18B6BA1E31,03-01-2013
14275,4666 Lancelot Drive,,Long Beach,9,90802,0xE6100000010C8E185B3631E44040B56C10A9D6895DC0,E8E457F5-7D1A-483A-AD21-9CB4737A07EF,01-05-2014
14276,Marienplatz 31365,,Berlin,70,14197,0xE6100000010CC5492E22E62F4A4072161E85A5A32A40,93BD21F1-BD25-4853-ABC2-026A0442BA13,24-07-2013
14277,2235 Craig Drive,,El Cajon,9,92020,0xE6100000010CB522076106674040FAA07828DE3D5DC0,F67288E3-419C-44A4-A9F6-8EB7AF871D1A,02-11-2013
14278,9111 Rambling Rose Ave,,Runcorn,14,TY31,0xE6100000010CFCA17CC9DAB34A4013D0DD68D4A305C0,8DC39610-8128-41A2-AF65-F29F86CFD190,15-09-2013
14279,6935 Candle Dr,,Hervey Bay,64,4655,0xE6100000010CAB943BF3285839C087DB10AA13166340,555EE16C-4AC7-4675-834D-BAE33ACE4E03,31-07-2011
14280,6721 Baldwin Dr,,Langley,7,V3A 4R2,0xE6100000010C31E7B6ABB0944840A45A9E33E7B05EC0,C8893071-66B3-4400-B89B-9F51F3020D10,26-05-2014
14281,4799 Buena Vista,,Gateshead,14,GA10,0xE6100000010CD446C75990854B40AEA85D5406A0F9BF,0250CB7E-7332-46B3-B730-3AB2069A1DB9,15-04-2014
14282,"64, rue des Grands Champs",,Colomiers,117,31770,0xE6100000010C59D7812814D1454012C3A78A4B3AF53F,325EFBB5-C26B-4D15-900B-12C54A04EF67,21-12-2013
14283,4839 Ramsey Circle,,Victoria,7,V8V,0xE6100000010C93FCC83D023048408EE62C69CDE05EC0,F18DEB30-E7FD-4321-B81A-0C6FDF3E91A3,21-11-2013
14284,4909 Vine Lane,,Woolston,14,WA1 4SY,0xE6100000010C2838C33C19BB4A40485AC5CFAA1E04C0,52BB0636-2C32-4DFF-8363-F43E728EBA94,24-09-2012
14285,6121 Pebble Glen Drive,,Colma,9,94014,0xE6100000010CA3FACA0D16DE4240BF4A8F5B41A65EC0,EA48AE2C-707D-4636-9AA4-BCA9B9A22662,23-02-2014
14286,7362 Arguello Blvd.,,Woodburn,58,97071,0xE6100000010CB9D20ED6478F4640EEB5554256B65EC0,2078796E-B68F-460F-A66E-659F154EBE8C,19-05-2014
14287,9430 Thornhill Place,,Concord,9,94519,0xE6100000010C6279F47CCEF7424010EA2D91E4825EC0,CB401005-C122-4E6E-9D14-423E9F1CA11B,11-03-2014
14288,Buergermeister-ulrich-str 5000,,München,53,80074,0xE6100000010C00000000000000000000000000000000,7DF62649-F8B0-483A-984B-0177AED333F2,21-09-2013
14289,2062 Woodruff Lane,,Glendale,9,91203,0xE6100000010CB2A08E8B0E104140C4D04F20F28A5DC0,9C1F9B15-1160-4E98-9D90-16D070BD6885,26-04-2014
14290,5520 Massolo Drive,,Palo Alto,9,94303,0xE6100000010C7B75C43897B342403FB29D18B8865EC0,6E655A89-7A27-489D-AF2A-DEBF38E8205C,08-01-2014
14291,Hansaallee 5589,,Bottrop,53,46236,0xE6100000010C83757EC22EBF49407BF04FB27DB11B40,B291355E-1AD5-4815-B3A5-265BFEC83686,06-01-2014
14292,"376, rue de Terre Neuve",,Versailles,164,78000,0xE6100000010CF01EC0B52E6E48400D05AF410DF50040,03FBD077-4E5F-4523-8B74-10D556FF8BAF,21-12-2013
14293,8297 Dos Encinas,,W. Linn,58,97068,0xE6100000010C72F681A9F7B24640959DF17B07A75EC0,F7FA5B35-7BD7-4BC7-9DFA-F8B4E38E7C71,17-06-2013
14294,3168 Limewood Pl.,,Chula Vista,9,91910,0xE6100000010C9C1B78BD604E404096AD0E8E1F3E5DC0,7D745E97-9517-4CFA-9B57-B8F5B5651DE9,14-01-2014
14295,7575 Brown Dr,,Spokane,79,99202,0xE6100000010CB4BB379938D147402A36E84780515DC0,62A62723-F665-474C-86B5-CF06E071854E,09-10-2013
14296,5703 Rose Dr,,Berks,14,SL4 1RH,0xE6100000010CBBC7DCAE21BD4940699A7FCDAD80E3BF,1B82320B-FB37-4FF6-8CDA-D57BF175307F,20-10-2012
14297,2489 Teakwood Drive,,Tacoma,79,98403,0xE6100000010C0BDEA73ACFA54740AB6ED7599EA65EC0,CE19FB5C-9687-42E6-A6FE-7F865CA91F88,23-06-2013
14298,8096 Mt. Washington Way,,Hervey Bay,64,4655,0xE6100000010C55E9665E445439C0B336C5E352216340,E918B382-B102-41BD-AB58-D73F5956BFFE,24-07-2013
14299,2022 Highridge Court,,Oregon City,58,97045,0xE6100000010C0DAC5A00E9A74640C0D830034D9C5EC0,33B892CE-018A-4262-82CD-ABE3986C128F,25-01-2014
14300,3521 Fourth St.,#607,London,14,W1X3SE,0xE6100000010C51F39E2DB8C8494044ABB5DF2641C0BF,23CD91FD-FF4D-414B-B629-A272F1683ED7,24-05-2013
14301,Parkstr 4246,,Salzgitter,19,38231,0xE6100000010C9A9BC4A01D154A4049C2533DDAB52440,F267C103-CB9F-4410-A372-D0722FC0F984,22-03-2014
14302,6975 Ridgewood Drive,,Glendale,9,91203,0xE6100000010CF7F8635EEE104140DD60B2D3AC885DC0,D623C667-208E-4FFA-9180-2347301AD588,17-07-2013
14303,5053 Sea Point Way,,Lakewood,9,90712,0xE6100000010C6358FC64E1ED4040ED3B2408F3935DC0,2B686212-AA49-4E25-9848-87EAC5296E73,21-01-2013
14304,"44, rue du Départ",,Roubaix,145,59100,0xE6100000010C92A87C0A67594940E2C7703B1D7B0940,8D09D0E9-70D9-407F-B374-4D412AC601DD,21-12-2013
14305,5093 Greer Ave,,Concord,9,94519,0xE6100000010C861E9F1ED6F342409F71F596237D5EC0,DC9646C0-53B7-40F4-AD19-2431CD9F0289,05-11-2012
14306,"30, route de Marseille",,Dunkerque,145,59140,0xE6100000010C17397B46568B49407A503435C0C90240,06B37D98-0C1C-447A-946F-7A14DB7AE558,21-12-2013
14307,"29, rue Jean Mermoz",,Metz,143,57000,0xE6100000010C6C85403479934840BEAD46A378B11840,146D4A75-830A-4C67-BA28-B1A4089D142C,21-12-2013
14308,6375 Freda Drive,,Victoria,7,V8V,0xE6100000010C5352242435364840DE37DA9AF5D45EC0,97FEFA6F-0DE7-4FA4-87F5-55450E49015F,03-07-2012
14309,1519 Birch Bark Road,,Chula Vista,9,91910,0xE6100000010CAB471B70E2504040A367B1939B4B5DC0,88A028A3-957A-4622-88BB-D281D04CA55D,08-06-2014
14310,5473 Sunshine,,North Sydney,50,2055,0xE6100000010CBF2BC3CB20E940C001947E74D5DF6240,BFE80FA5-CC43-49D0-A65C-744EE2EFFB81,12-08-2013
14311,4723 Zion Avenue,,W. Linn,58,97068,0xE6100000010C266C65B029AD4640C3EAF577D0A75EC0,75791D04-2740-4992-8600-6A65E3B42779,05-01-2014
14312,6218 Alpine Rd,,Milwaukie,58,97222,0xE6100000010CD7FF8FCC70D14640AAFF50897BA65EC0,DE15F2DA-A3DE-487D-976D-AACE6A3C755F,02-05-2014
14313,6231 Sequoia Woods Pl.,,Milsons Point,50,2061,0xE6100000010C6BFB70B006F240C0ADBC0A449CED6240,E775C797-78AF-4526-8589-FCCEF0D3A3EC,25-09-2013
14314,Postenweg 4642,,Saarbrücken,70,66001,0xE6100000010CB0FB4E83FF9C484013630EEC3F081C40,B3552825-25D5-4E64-BDF3-6AD1337F358A,10-05-2013
14315,"44, rue du Départ",,Suresnes,178,92150,0xE6100000010C5BB6B665DC6C48402E74F72289BE0140,8CD35097-3C0E-4C4A-A1DA-849572DB2DC7,21-12-2013
14316,2333 Fillet Ave,,San Gabriel,9,91776,0xE6100000010C41A63DA8A006414071E396E650835DC0,5C5A54B0-C487-4CB8-BB88-B85946855B05,13-12-2012
14317,4082 Roslyn Road,,Langley,7,V3A 4R2,0xE6100000010CFBD36778F29548408361B7F38EA35EC0,AD5D8E67-07BC-4113-902F-7A2E12B48C36,21-08-2013
14318,"500, avenue de la Gare",,Saint Germain en Laye,164,78100,0xE6100000010C16DED592B87948408BE2D01AE1CC0040,DD908A39-EAF0-486C-BE8C-CC422C776A63,21-12-2013
14319,451 Creed Ave,,Lebanon,58,97355,0xE6100000010CD8551FEF524146405923854FABB05EC0,B8C5897C-5DF8-4187-A256-50659AF41792,15-03-2014
14320,Galeriestr 6267,,Münster,70,48001,0xE6100000010C00000000000000000000000000000000,2FE3EFA7-C8AD-46E7-BD98-D730D117EAC3,24-02-2013
14321,7554 Grammercy Lane,,Concord,9,94519,0xE6100000010C479156C766FF424007EB63F770765EC0,E01B8BE8-B049-4F17-B0B0-D8E750FF4BD9,29-09-2011
14322,5109 Fawn Glen Circle,,Port Orchard,79,98366,0xE6100000010CFA6B91BFA8CC4740815E054D28A55EC0,F431B90F-6CAA-44DA-8998-849143D02ED8,07-04-2014
14323,1732 Parakeet,,Port Hammond,7,V6B 3P7,0xE6100000010C47E380204F9B4840CB6DC2EDCFC05EC0,F849BEB6-B612-461A-8756-2352927BD730,06-11-2013
14324,9513 Ridge Park Drive,,W. York,14,BD1 4SJ,0xE6100000010C1FF3B7620FE44A408D35F09F510BFCBF,B8C15CE1-3253-427C-B9A4-66DCE8097061,30-01-2014
14325,3952 Morello Ave.,,York,14,Y03 4TN,0xE6100000010C2E99193B6EF24A400DBF9AF2C253F1BF,F8170FFC-1067-4A4C-A1DC-C5F3669E2C02,11-03-2014
14326,6645 Sunshine,,W. Linn,58,97068,0xE6100000010CF7691DC9EFB046402A8CEABF24AB5EC0,498E39D7-31C6-4BC3-A2B7-3B2B0EAFFCD3,07-10-2011
14327,8943 Mt. Washington,,North Sydney,50,2055,0xE6100000010C25874303A0EF40C03AFC80D282E96240,F4BE4016-6C40-44E1-8335-D2582BC3FB3D,24-02-2014
14328,1345 La Luz,,Yakima,79,98901,0xE6100000010C048350C18C544740875BB778CE0D5EC0,F5986292-30FA-435D-B95A-B4E6B86C7AB4,19-04-2014
14329,6154 Geneva Ave.,,Milton Keynes,14,MK8 8DF,0xE6100000010C8E6FEA57BE024A40AFC2F121057AE9BF,3EA7E4F6-5837-4C6B-BFB3-CF84761B49A7,24-04-2012
14330,9208 St. Germain Lane,,Everett,79,98201,0xE6100000010C272AE193AF064840D10B828C2C815EC0,BFD368E3-4E2E-44CE-A1A5-45AC009CF889,03-11-2011
14331,1905 Horseshoe Circle,,Oak Bay,7,V8P,0xE6100000010CA983A8B7B13948400E18AE0EA1DA5EC0,84C9B963-C605-4504-87AF-1B120C222EBB,24-01-2012
14332,7111 Stinson,Unit E,Concord,9,94519,0xE6100000010C1E83FAEF27FD4240B787D5DE8C805EC0,BB06A7E4-0236-4C8B-93B6-74C20DADD394,31-03-2014
14333,"242, avenue Reille",,Saint Ouen,127,41100,0xE6100000010C18D52FD7FEEB47408583FD395057F13F,F161FE95-73B5-4D41-BE27-70268EFDA17F,21-12-2013
14334,237 El Centro,,Lake Oswego,58,97034,0xE6100000010C0B33656D28B54640D5628B5D9FA05EC0,562521F9-3DE7-4032-8870-51690DEFE792,27-02-2014
14335,6628 Ranch Drive,Box 21,London,14,SW6 SBY,0xE6100000010C8C4AB9A477C1494039F4347C514AC0BF,D0A0E3A4-2E39-4516-8910-4795BC35B6BB,31-03-2014
14336,"280, avenue de la Gare",,Croix,145,59170,0xE6100000010C44BDBF607D5949401A6B715B66420940,31057203-9E6F-44DA-A647-DE213D5419F2,21-12-2013
14337,3187 Hackamore Lane,,Grossmont,9,91941,0xE6100000010C14E8082F2E614040658AC84C8C365DC0,84C52622-6005-40F0-8874-FB506307963D,20-10-2013
14338,"8, rue de la Comédie",,Cergy,181,95000,0xE6100000010C870B6EC5268648406E11E597C4880040,C10F6A9D-5546-4E6E-B906-00E3A736289A,21-12-2013
14339,1773 Royal Palm Lane,,Burbank,9,91502,0xE6100000010CC37E32A9951C41403FAAFC34E1995DC0,4229396C-85BD-42F4-B215-39BDA2CBA371,06-08-2011
14340,7632 Oxford Way,,Port Orchard,79,98366,0xE6100000010CD26B0BA0F7C54740A5502E6FA6AA5EC0,0B472946-4DEB-4DD7-ABC9-8E38BF2681BB,14-05-2014
14341,Wolfgangstraße 28,,Frankfurt am Main,20,60082,0xE6100000010C00000000000000000000000000000000,6F6BF6EA-F985-4286-8629-560A036B4628,28-06-2013
14342,9127 Pinnacle Drive,,Bremerton,79,98312,0xE6100000010C35CBF244F6CB47409DF2B1AB91B25EC0,B89E4091-90FD-4BCD-AE65-E239A28D78B3,03-04-2012
14343,2587 Windmill Way,,Kirkland,79,98033,0xE6100000010C506D599DC6D14740AAF2AD54EB8F5EC0,FD4C7123-16E1-4F46-B00F-740133C7DCB5,30-04-2014
14344,6991 Pembroke Dr,,Cranbourne,77,3977,0xE6100000010C38DE1F50510C43C0DB58EB84AC2E6240,FAC1E7FB-F762-4EEB-A2DB-310B92390BB5,27-10-2013
14345,3913 Euclid Ave.,,Oxon,14,OX16 8RS,0xE6100000010C00000000000000000000000000000000,73589A95-22B2-4DAB-BB19-0BFC778DBAFE,12-06-2013
14346,705 Temple Drive,,Edmonds,79,98020,0xE6100000010CA2F03A1E42E84740D1534ABAC68D5EC0,07322741-1BEF-418E-8635-EA6A8975C248,16-04-2014
14347,Hansaallee 466,,Salzgitter,19,38231,0xE6100000010C00000000000000000000000000000000,897A17BD-BF7C-4F41-82A5-0DF900E24F9D,16-02-2014
14348,5363 Willow Pass Dr,,National City,9,91950,0xE6100000010C3561F683DB574040B7DCB3A5DB455DC0,A3D2D773-9AC2-47C1-8AE3-9235422DD5EB,01-12-2013
14349,1986 St. Andrews Way,,Lebanon,58,97355,0xE6100000010C26BDBE4F954B4640C9948F3707BE5EC0,5D41D659-FBC6-49F3-AD18-75C26827DE1D,30-11-2012
14350,9555 Mt. Whitney Way,,Santa Cruz,9,95062,0xE6100000010C623674417E7F424011F539F1B6775EC0,3F69215D-5ED8-4325-A006-E94275776AB4,01-03-2014
14351,Postfach 20 99 99,,Hamburg,20,20354,0xE6100000010CCBBA990A22C44A405B30C96471FE2340,5002A977-FD01-4179-AB78-F25EF5F65F21,02-04-2014
14352,"759, rue de Bas Marin",,Versailles,164,78000,0xE6100000010CE35EA23CF0624840F40AA10948F00040,505CE4D0-3FF8-4453-9048-45879943D522,21-12-2013
14353,Klara Straße 8464,,Werne,53,59368,0xE6100000010CFAFBADA031D2494002595E74FD7A1E40,ED40C62D-DFCC-4DC0-942B-238249CDE210,01-04-2013
14354,4255 Detroit Ave,,Kirkland,79,98033,0xE6100000010CDE6112DCCFDF4740A2817723238F5EC0,63485752-1DE9-45E5-B5BA-91DFBE76EEF9,14-08-2013
14355,4041 Jam Way,,Lincoln Acres,9,91950,0xE6100000010C5AB997FE9E5B4040B7DCB3A5DB455DC0,C303587D-6E91-44BD-912F-8898D190F2AD,16-08-2013
14356,2119 Little Dr,,Lemon Grove,9,91945,0xE6100000010CD2B7BD134A5E4040FBFD1F8500465DC0,356E50BD-9844-4DD6-B5D2-B6D79F12F561,22-09-2013
14357,4192 East 39th Street,,Geelong,77,3220,0xE6100000010C18E6448BA61643C0841DEC6213116240,A6F41259-E60D-47C1-8FAD-8C519211FA56,15-08-2013
14358,9781 Bird Dr.,,West Sussex,14,RH15 9UD,0xE6100000010C00000000000000000000000000000000,ADA48F2D-98D6-4CB9-94BF-CA7395BAD628,11-07-2013
14359,"1101, rue Lauriston",,Lynnwood,79,98036,0xE6100000010C6081C7F78EED474095292387158E5EC0,1C10FB26-4150-4A12-9AF8-03C2DF78B2F9,12-01-2014
14360,5473 Sunshine,,Lakewood,9,90712,0xE6100000010CC498FDCAE9F0404056D0432F95855DC0,254156EB-754C-45B7-B9F9-725CC601FD10,23-05-2013
14361,6715 North Park Court,,Haney,7,V2W 1W2,0xE6100000010C1FBF4BEC85904840A07080CAE0995EC0,8FD89352-77D9-4DB4-A046-F08F72D5D5DE,18-10-2011
14362,5785 Ygnacio Valley Road,,South Melbourne,77,3205,0xE6100000010C0BFC190EF6EE42C0E24F638181216240,BF7C1CC2-F8E3-4870-8A17-D1B937D63321,23-04-2014
14363,9919 MacArthur Avenue,,Coronado,9,92118,0xE6100000010C2F19525064564040EF88B0402C495DC0,876C18F5-0D89-4E59-93C2-C7874510A498,22-05-2013
14364,2844 Plymouth Drive,,Basingstoke Hants,14,RG24 8PL,0xE6100000010C4540297EE0A349408B3C0B91630EF1BF,73275951-F89A-4187-9813-4ADF01E57237,04-02-2014
14365,1415 Edwards Ave,,Coronado,9,92118,0xE6100000010C9E84621B165D40407806F0076C545DC0,73B9F397-1B89-4329-84B2-E31B58437A7A,11-07-2012
14366,4873 St Francis St,,Langford,7,V9,0xE6100000010CE238E42D653E4840F01E1F488BDA5EC0,3A423E21-7B7F-489D-B221-90AF6B3CBF92,07-05-2014
14367,9925 Wildberry Court,,St. Leonards,50,2065,0xE6100000010C6C8B76F314E440C0D0D1B2F7CFE36240,79A151F7-CA99-4859-A29D-674600FCC5F4,30-07-2013
14368,Heiderplatz 918,,Bottrop,53,46236,0xE6100000010CF74B3B13E8B9494011F5190600BA1B40,0410A6EA-1E2F-4C94-9BBF-4DBA30DE330E,06-10-2012
14369,3623 Bush Avenue,,Townsville,64,4810,0xE6100000010C156B74C8E03F33C00575E020A0546240,8AC46A2A-EDBC-4226-B34A-DFD8FE79C5B3,03-08-2011
14370,5647 Larch Ct,,Torrance,9,90505,0xE6100000010C03CA2378AAE14040EDAC0BE814A15DC0,ADEB5394-8B1C-49D4-B17B-1050F9CEDAC2,12-02-2014
14371,306 Spring Hill Drive,,Woodland Hills,9,91364,0xE6100000010C202629CF4819414065F2F062849C5DC0,873F5B8C-E6D9-4A2B-93BD-D6AB84AF5DD8,19-01-2014
14372,5662 Leland Way,,Les Ulis,177,91940,0xE6100000010C20575233F95B4840EAB570278D550140,BD14C92E-7755-4EE3-BCDB-39B6DE3F7517,21-12-2013
14373,6928 Jason Ct,,Marysville,79,98270,0xE6100000010C908797B5D20F4840D9BA94FDB88F5EC0,BE4A59DE-E83C-4847-A445-58E5CF4CA616,17-03-2014
14374,7776 Forsman Place,,North Ryde,50,2113,0xE6100000010CAEF175CAB5E340C00A19AD0ED4E16240,98974EC1-585A-471F-BAD9-557CCC711CD7,20-07-2012
14375,1374 Queens Road,,Fremont,9,94536,0xE6100000010C3742CA1A02CD4240F368A22221855EC0,094FB84A-AAE5-4037-AEE4-1237E3DFCBDE,06-07-2013
14376,8609 Camino Peral,,Watford,14,WA3,0xE6100000010C4634C7CC36CA494047B3D3FC45F8D8BF,C3F50305-F0D0-4D85-A865-1A8216B0939D,04-09-2013
14377,6541 Bonita Ave,,Langford,7,V9,0xE6100000010CDDA64C654B3B4840FA3685D513E05EC0,F46A441D-0BC8-47AA-B471-8E75454D58C7,20-05-2014
14378,6328 Eola,,Issaquah,79,98027,0xE6100000010C34F795F35ABB4740F73F30C840805EC0,43605D70-31C7-46C8-947D-1898E60F9792,05-05-2014
14379,5176 Conifer Court,,Matraville,50,2036,0xE6100000010C1A923BF68CF640C04DFF2F7C2BE56240,AF32C8DD-76C7-4C84-8F6C-1CCC41C01782,24-02-2013
14380,9969 Coldwater Drive,,Bremerton,79,98312,0xE6100000010C35C4C98386C94740F2762C3AB6B55EC0,3255167F-CEBC-4A5D-8857-BB99BD784EB2,24-03-2014
14381,9467 Morning Glory Dr,,Rockhampton,64,4700,0xE6100000010C6DFF32DAB06537C03D9DEB9D41CB6240,E0944190-D99B-400E-B21A-327658144832,06-12-2013
14382,4405 Grant Street,,Salem,58,97301,0xE6100000010C4F010BAFBF784640CCA97BFBD1B75EC0,76E83211-7A5D-4E4E-B72B-6C41470905FD,16-04-2014
14383,4446 Walnut Lane,,Palo Alto,9,94303,0xE6100000010CF89DEC590DC042405A979C5310895EC0,2E1DCEB9-A619-4340-86B2-C169B1CE14C5,19-09-2013
14384,5616 Steele Dr.,,Brisbane,64,4000,0xE6100000010C328C876FBB783BC05FE7A702CF1B6340,4D4F2F1F-CDBC-49B5-AD41-456BA95038E0,02-04-2012
14385,"8, rue Lafayette",,Paris,161,75010,0xE6100000010CA71A15EC2470484067753264BDE50240,3590F55C-02D5-4A08-8008-5AE0C2C1114F,21-12-2013
14386,1315 Union St,,Brisbane,64,4000,0xE6100000010C4DD4372F1A7F3BC0E643F9EC5E1C6340,23245AD7-9C06-495D-92AF-4373D829A1CE,27-04-2014
14387,5433 Park Glenn,,Victoria,7,V8V,0xE6100000010CC6DADEC2F73448402248633E97D25EC0,82D25144-F363-445B-9065-C555A3F3D5D7,30-10-2013
14388,827 Near Dr.,,Burbank,9,91502,0xE6100000010C3BB856B76513414000E8830318965DC0,45ECD26F-28E6-4FC9-9DDF-242B89507D9B,09-11-2011
14389,Carlsplatz 90,,Darmstadt,19,64283,0xE6100000010C1E254DE4AAE9484095B6B9948B472140,33852EF2-FE31-468C-90D3-768EC4DCC2D5,12-03-2013
14390,6045 Holiday Hills Dr.,,Perth,66,6006,0xE6100000010C75C440B167EB3FC057F855804CEC5C40,3C415448-8565-4C35-A18B-EEEDF8D3A38E,01-08-2012
14391,6969 Eaker Way,,Oakland,9,94611,0xE6100000010CFABD48A301E84240C69EDCEC5F8E5EC0,83EB5096-B0B5-4AD0-AC2A-F4FC7B15BD06,26-05-2014
14392,1669 Warwick Dr,,West Covina,9,91791,0xE6100000010C83D88488D00B41401A6A013835825DC0,4C1C7DD9-E419-4A48-8A51-D5C2E78AF692,14-04-2014
14393,"68, avenue de l´ Union Centrale",,Croix,145,59170,0xE6100000010CF48C68DBF95F4940FF8841072F340940,186AA281-34E7-47F1-97FF-C9A71C7B6383,21-12-2013
14394,7783 Limewood Pl,,Bremerton,79,98312,0xE6100000010C0122B878E1D3474011CD98F9A3AE5EC0,0DCADF1E-E213-4047-9123-03901DA7DB8E,21-10-2013
14395,7165 Foothill Way,,East Brisbane,64,4169,0xE6100000010C9B57E4249A743BC0AEDE8E11D1216340,C6512C62-A24E-49E9-A983-8FF6B1D05BC0,16-02-2013
14396,9532 Clay Rd,,Lincoln Acres,9,91950,0xE6100000010CAE8A1381E94F40400793751E9C435DC0,FAA9D27D-E9DF-40A1-A93B-ACFBECDF5642,06-09-2012
14397,5901 Buckthorn Court,,Beaverton,58,97005,0xE6100000010C337183C88AB846401934038B34BB5EC0,29CFDB4E-A33E-47CE-98E3-00AA9AE464FF,08-05-2014
14398,"36, rue de Cambrai",,Paris,161,75009,0xE6100000010CF38F29A16D7648409B5A295BB1130340,5A16CC63-3FBF-4AAD-8B0C-42279EED4079,21-12-2013
14399,561 Lewis Way,,Sooke,7,V0,0xE6100000010C6F7594D8EF2B484074C12FB581E45EC0,ABC642BC-F1FC-4445-8C2F-8F79AD125F83,22-08-2012
14400,7182 Benedict Ct,,Imperial Beach,9,91932,0xE6100000010C5CC28B46AB4A4040769FAEEA153D5DC0,E0682C9B-2094-4A9F-9B4A-B1889B3B141D,15-06-2011
14401,4685 York Dr,,Burien,79,98168,0xE6100000010C99E6C7EF8ED847406E7457F85F9B5EC0,B4023D32-6E0A-45B3-8FF3-C5B945421872,12-03-2014
14402,"568, avenue de l´ Union Centrale",,Paris,161,75009,0xE6100000010CB29379698576484080D3196A34B00240,2D53A7FC-8017-412D-A591-B10BAC54F9B7,21-12-2013
14403,86 Sierra Ridge,,Cranbourne,77,3977,0xE6100000010CEF42A241A41343C0FA30996B60256240,FB7C858A-92B5-4A62-BAE9-651975287775,05-03-2013
14404,2096 Blackwood Drive,,Melton,77,3337,0xE6100000010C5262A0C450D442C0EE97DCDE0F176240,FF9C776A-31C9-4C90-90E4-559B1C72BE05,03-07-2011
14405,6542 Stonewood Drive,,Cliffside,7,V8Y 1L1,0xE6100000010C0FA19C73773F4840ED377FDB97CC5EC0,5F3B9452-0EA1-4BD0-9A56-DD8E699E5813,30-09-2013
14406,8526 El Mundo Dr.,,Beverly Hills,9,90210,0xE6100000010C747208A1A40E4140725959672D9C5DC0,39AC9E1D-8B61-4B2B-A08F-44AEA6BA3BC6,13-05-2014
14407,3504 Tossing Way,,Billericay,14,CM11,0xE6100000010C90C690765DC949409A9C83040AB8DA3F,6AF21B5E-1133-4BAE-B655-75D924CA1231,20-09-2012
14408,1629 Green View Court,,Burien,79,98168,0xE6100000010C27789C405EDB4740CBA5C189398D5EC0,5DA8487F-C6CE-4DFE-BD03-D1EDFC11BB03,31-01-2012
14409,8128 Kane Circle,,Bountiful,74,84010,0xE6100000010CA801174F94724440075FF0F528FA5BC0,44C19CAE-40E2-448E-B7B5-C095F46A0596,19-11-2011
14410,3354 Change Circle,,Vancouver,7,V7L 4J4,0xE6100000010C23D6FBDC209F48406F1946056CCA5EC0,9283C69A-E698-4C3C-A7DE-C318E45A8EFC,06-12-2013
14411,3140 Gingham Way,,West Covina,9,91791,0xE6100000010C5DC486476E0E41404497DCA1DA705DC0,5BF2C993-6B87-4FF3-9559-1A8636963B84,21-08-2013
14412,2264 Story Lane,,Springwood,50,2777,0xE6100000010CAFFAE5F405DB40C0AE65EA7099D46240,18E91157-375F-4856-A794-0BCB13B6DACF,28-09-2011
14413,8561 Hilltop Road,,Bellingham,79,98225,0xE6100000010C86889E045D6948404432CA7B4B9F5EC0,56AD6324-C2C3-4BDA-B773-718127944953,30-10-2013
14414,1258 Yarrow Dr,,Wollongong,50,2500,0xE6100000010CF4A43A7D043A41C0D5D51BA645DD6240,6DE302D0-7788-4E60-AFEE-EEBE449CD1F2,28-03-2013
14415,"54, boulevard Tremblay",,Dunkerque,145,59140,0xE6100000010C90963A604F7C4940661AC5AF87CF0240,B289F2AC-3425-4FAE-B866-C76D6C57C448,21-12-2013
14416,2540 Waterview Place,,Chula Vista,9,91910,0xE6100000010CC5D7F4083A544040F7FF1D5B5B4C5DC0,517F38FE-4DE7-4A9A-93D3-25C834938FC1,10-02-2013
14417,2901 Ninth Avenue SW Court,,Maidenhead,14,SL67RJ,0xE6100000010C897DCC6751C7494014F3E42C5185E7BF,62B1CA86-71F7-4479-A712-3C5AE3EC02CC,30-04-2014
14418,6985 Countrywood Ct,,Renton,79,98055,0xE6100000010CE81997F2FEB24740136127EA378F5EC0,C65D7B3F-3572-42A0-A4AB-F2E67EBF9FB1,24-01-2014
14419,8480 Zebra Street,,Renton,79,98055,0xE6100000010CB7B968FAEDBD474090A2BD57D5855EC0,6603965D-73C5-46B7-A51A-4D7606C8365D,23-04-2012
14420,8170 Money Dr.,,Chula Vista,9,91910,0xE6100000010CAD15007D77504040E881161AE1385DC0,C7F1F356-D6E3-41D3-8317-38B62EBD6C09,13-07-2012
14421,1939 Meadow Glen Way,,West Covina,9,91791,0xE6100000010CBF75DB078F0D41404497DCA1DA705DC0,B5A19395-4827-4B03-81BE-D8053A575BB8,10-05-2014
14422,6344 Dartmouth Way,,Portland,58,97205,0xE6100000010C0712F413EEC74640A993D388BCAC5EC0,E5848C7C-6DAC-4C86-931E-B6D06D9AADD9,16-06-2014
14423,8354 Sugar Valley Blv.,,Sydney,50,1002,0xE6100000010CD89D0AA8C9E940C0B63584FA4DE16240,0875C0E5-486D-47BB-8DC1-C08FE2D044AD,09-10-2012
14424,2713 Chinquapin Court,,Sedro Woolley,79,98284,0xE6100000010C64CD103F0F3C48400121B592D08C5EC0,3E1B214C-E99B-4376-9C51-1688A209CF75,24-02-2014
14425,9824 San Rafael,,Melton,77,3337,0xE6100000010C6BF7BA00F2D042C0C74ED07C82116240,399033F0-09C8-485D-8D25-4AF667497A26,16-03-2013
14426,5642 La Orinda Pl,,Darlinghurst,50,2010,0xE6100000010C4F2ADE6819EC40C013271D659EED6240,840AAD39-B8DC-4F45-BF86-617A56AE21AF,18-10-2013
14427,4716 Cougar Way,,Olympia,79,98501,0xE6100000010CA2F64F93E380474060A2BDC89EC05EC0,8840DB5A-6729-421E-925C-3170D051C516,15-10-2013
14428,Residenz Straße 431,,Hamburg,20,20354,0xE6100000010C8929030DE0C64A40D7AE5869FAFF2340,1491967B-CE1C-4C06-BB55-1D1445EFF698,29-04-2014
14429,"331, boulevard Tremblay",,Paris La Defense,178,92081,0xE6100000010C00000000000000000000000000000000,4F9FE04C-2E1C-4456-BF70-67FE658C893E,21-12-2013
14430,2553 RaceCourt,,Silverwater,50,2264,0xE6100000010C78BA85254A9140C04F2EA7A0F8F06240,AF656A23-349D-487C-BAE1-9EEE54C34369,11-09-2013
14431,8908 The Trees Drive,,Mill Valley,9,94941,0xE6100000010CA5A7193CE6F042409E713CA24EA15EC0,6E3763BA-44CC-42CA-A46F-088C9143DA52,24-12-2013
14432,7522 Santa Ana Drive,,Gloucestershire,14,GL7 1RY,0xE6100000010C78D5528179DA49402D669B1DC190FFBF,47D74D48-65AB-42F8-B554-C82D0F194AE2,17-02-2014
14433,5784 Holiday Hill Dr,,Issaquah,79,98027,0xE6100000010C3C6BE05584C74740AF6DCB3C9F895EC0,BBD7D536-2517-4E64-8E9D-3875C28C000A,24-07-2013
14434,3608 Sinclair Avenue,,Sunbury,77,3429,0xE6100000010C59EC80D657C242C013B6FDFDA8186240,88D82AE7-31A4-429F-AC42-DADE88F306E2,03-09-2011
14435,3567 Sierra Street,,Melton,77,3337,0xE6100000010C740F47FC17CD42C0A5855986AC156240,95B44452-E17B-45AC-9BFD-B5814FBA4205,07-03-2013
14436,3394 Rock Drive,,Coronado,9,92118,0xE6100000010CEFF02BA4E1534040175F9B536C455DC0,38F85789-42BC-4071-82BD-D25303E7623D,04-03-2014
14437,1472 South Creek Drive,,Lincoln Acres,9,91950,0xE6100000010C4D2FF5168354404080B96E3B9A4C5DC0,B0C274E4-E91D-41E1-AAE3-59C361EB7532,08-06-2012
14438,Attaché de Presse,,Roubaix,145,59100,0xE6100000010CA13F99D91A584940FD32A808B0700940,E5D2DF23-4CC4-4110-89E0-79A78A9FBC8E,21-12-2013
14439,3004 Zulu Court,,Colma,9,94014,0xE6100000010C0A39C0969ADD4240143DFD2226985EC0,43296E7C-452B-4714-9FD4-D6C4039FA227,05-11-2013
14440,2499 Greendell Pl,,Renton,79,98055,0xE6100000010C151F1B791BBC474067373633F6885EC0,E8801AAB-7575-4C40-BBA1-8EE72EA945BA,01-09-2012
14441,2794 N. Civic Drive,,Glendale,9,91203,0xE6100000010C29062493DD1441408C8FC55207945DC0,2D04B81D-9618-46D1-8ACF-0EF15129F3AA,16-01-2014
14442,"454, boulevard Tremblay",,Paris,161,75007,0xE6100000010C6E951C54D66448408C340D2A44820240,7FDBD417-442B-42C9-8024-F4786EA0B0AD,21-12-2013
14443,4035 Red Maple Ct,,York,14,YO15,0xE6100000010CF0BD756831F54A401D6F91571951F1BF,33DFA0A8-EBAA-42FA-B911-684BDA851A7E,06-06-2013
14444,7239 Nicholas Drive,,Victoria,7,V8V,0xE6100000010CF9B8F447ED3948404FF8901FCDD15EC0,71CB313F-05DC-4E2B-AB07-5BB48571FDAB,10-07-2013
14445,8734 Oxford Place,,Vancouver,7,V7L 4J4,0xE6100000010C963F41EF46AE48404876E7E925CF5EC0,6B84DB23-22D3-4C00-BC29-EA29D5B613A9,01-07-2013
14446,4849 C Olivera Rd,,Royal Oak,7,V8X,0xE6100000010C3EC86F47CC414840A8FE3A217FD15EC0,3E20D84B-33A1-4D2A-9649-BFC84B21FDBE,04-03-2014
14447,6598 Oak Street,,Bremerton,79,98312,0xE6100000010C4ACE49BEABCE47403A241E9579B35EC0,ADAE0BFD-F3BA-433D-A9D3-7242B300F360,04-09-2013
14448,2967 St. George Dr,,Glendale,9,91203,0xE6100000010CFA0EA40B7D1741403DF1148767865DC0,0E11497C-EC92-4D26-8239-BA9FA78617C1,29-03-2014
14449,906 Cloudview Dr,,Newport Beach,9,92625,0xE6100000010C103E782883C640404A0D368E346C5DC0,37CA0084-0D51-4A61-B2E7-158A20777817,26-05-2014
14450,9351 W Lake Drive,,South Melbourne,77,3205,0xE6100000010C20A4BA4292EB42C075210EC10A216240,BEAEE7A0-3D50-4C75-96FB-F47107886530,04-02-2013
14451,"369, rue de Bas Marin",,Paris,161,75003,0xE6100000010C7AF39656E975484092460B55A5E50240,C42B9BD6-D73D-4D88-9B4C-CAB0A13A150E,21-12-2013
14452,7527 Brook Way,,Sedro Woolley,79,98284,0xE6100000010CB5D67160A54148402FE9DB0A59875EC0,1C387C67-511F-4135-A429-D6AE5E2D2EDA,24-11-2012
14453,2441 Talbart St.,,Long Beach,9,90802,0xE6100000010C8A9C51B292DE4040CB1228CAE38F5DC0,DF301449-8766-46A9-B249-30554DA20EF3,11-01-2014
14454,3033 F St.,,Hervey Bay,64,4655,0xE6100000010CB4CC98459E5339C051A6E9BEA1136340,C6C49336-5AE2-4566-A53B-DA5DC4FAB6A8,18-03-2014
14455,7348 Quail Court,,Geelong,77,3220,0xE6100000010C84A36B792F1543C080B53425C40E6240,2D11114E-2A98-4559-8802-5DE673DFBF59,22-11-2013
14456,1974 Heritage Oaks,,Colma,9,94014,0xE6100000010C9BAF7FCCB5DA42408638776572935EC0,654F4D90-7572-44AD-9985-25E04E917CA5,05-05-2014
14457,6927 Ricardo Drive,,Seattle,79,98104,0xE6100000010C795547EFB3C44740899A4C1D629B5EC0,F7EB5177-3E8E-4242-ABF7-862C1DD15119,29-04-2014
14458,5004 Santa Rita Dr,,Issaquah,79,98027,0xE6100000010CAEFCD15757C94740A390B17E0F885EC0,567FC33F-7953-46F6-9318-5586893E8E33,09-07-2013
14459,Hansaallee 6,,Hannover,53,30601,0xE6100000010C00000000000000000000000000000000,080F391B-39FC-48CF-AFF4-457E541554D3,18-12-2013
14460,9605 Pheasant Circle,,Findon,66,5023,0xE6100000010C1169DC02956D41C0DBB6B333804E6140,FDF7FFD6-61BD-4D16-A97A-A7674A86A407,02-07-2013
14461,5281 Miller Avenue,,North Ryde,50,2113,0xE6100000010C944140891DE140C0C6EDD93F58E16240,8BC50016-598B-44AB-BCD1-2FE651A78EA3,18-05-2014
14462,Alderstr 2984,,Kassel,19,34117,0xE6100000010CA3F0DB6D28A749402316BECFA6FE2240,AFA6E765-65CC-450A-8F70-027BEFA59614,01-01-2014
14463,8982 Mt. Etna,,Lake Oswego,58,97034,0xE6100000010CD5B2949DABB146400B6323679BB65EC0,628E7604-023E-4603-BDE3-9469BAD93AFE,03-08-2013
14464,"33, rue du Puits Dixme",,Paris,161,75009,0xE6100000010C6A617FAFE26B48405AEAB322A4B10240,552E1DEC-52F6-435E-800A-7B16EC19CDAE,21-12-2013
14465,3406 Raven Court,,Leeds,14,LE18,0xE6100000010C57CAAEB322E94A40FF749A2CA1C5F8BF,CB783216-0981-4868-A22F-F9EC1BD7E40E,11-12-2013
14466,7568 Precipice Court,,Townsville,64,4810,0xE6100000010C6C377992FC3833C0558E0193235C6240,C2757B72-3A11-4EB8-889E-25C76933F16B,05-02-2013
14467,5723 C Wharton Way,,Oxford,14,OX1,0xE6100000010C0BCF375428DE49408ABDAC1B8629F4BF,C219635A-FA98-4392-90E3-0E93C0096F43,13-10-2011
14468,5415 Beechwood Dr.,,Burien,79,98168,0xE6100000010CEFA5CB6780BA4740C892A71869985EC0,FF405E7F-23C7-4167-9088-31F51E506535,19-07-2013
14469,773 Mt. Wilson Place,,Spokane,79,99202,0xE6100000010CAB81546FEED74740CDFB19B6BE4D5DC0,FBE993CD-37AF-4C50-9A55-47D65DC23B12,15-10-2013
14470,4058 First Ave,,Cliffside,7,V8Y 1L1,0xE6100000010C0E192D89E03948405FE5C06D62DC5EC0,9D021864-2A76-4789-A627-9EDFD09F99DD,23-09-2013
14471,2268 Cobblestone Ct,,Downey,9,90241,0xE6100000010C5FB7BDF7E2F240408485D7C3848B5DC0,5D4A9F7D-5463-46F4-B4C3-F55F9B995995,04-01-2014
14472,Knaackstr 956,,Dresden,19,1071,0xE6100000010C00000000000000000000000000000000,BE05845F-DC35-44B8-8F83-66B640A7BA8B,10-03-2013
14473,8382 Cinnabar St,,Renton,79,98055,0xE6100000010C44B610F6DAB7474019A7D0D74E8B5EC0,2408FF32-BB85-41B9-9DBB-3285D9B902DA,17-12-2013
14474,132 North Park Court,,San Diego,9,92102,0xE6100000010CB4F56953DC5F40403AB31B857D515DC0,641D2EEB-2D74-4646-82F8-7B7E2723015F,25-09-2013
14475,6500 South Street,,Milwaukie,58,97222,0xE6100000010CECC665EDA2B746404302E5A04DA35EC0,4A28FE34-EA23-4B91-81DA-D119F3FBBF27,04-03-2014
14476,"338, rue Faubourg St Antoine",,Paris,161,75019,0xE6100000010C7CA292653A674840B50A11F7D90D0340,411DAE68-5914-46C2-A1AF-350E660CDBCD,21-12-2013
14477,1160 Via Del Sol,,Oak Bay,7,V8P,0xE6100000010C771335D3A231484075C62131D8CA5EC0,49B813F3-BF19-4E02-970D-32F55D77B33F,09-11-2013
14478,Nollendorfplatz 5228,,Hamburg,20,20354,0xE6100000010CFDF306904DCA4A4021E2804F47F72340,33364635-3084-436B-A4E5-EB83B83A43AE,25-03-2014
14479,7781 Santa Barbara Rd,,Lemon Grove,9,91945,0xE6100000010CD8F5EF5C195A4040A2267446BE4C5DC0,1D796FA0-2BA6-4F91-A8ED-55369625458E,20-09-2013
14480,Lieblingsweg 4,,Saarlouis,70,66740,0xE6100000010C909EAF9E2CA248403E574BB13CFD1A40,F800403C-1B72-4A23-95DA-D37E9AD553E4,26-12-2013
14481,5351 Maryland Drive,,Walla Walla,79,99362,0xE6100000010C0C9754628D134740407A85AC2B9C5DC0,9EABCA06-2C2E-4E7A-B259-96F99A18E8DF,04-07-2013
14482,2228 Ashford Court,,Lebanon,58,97355,0xE6100000010C09FBD0929A434640A7D206E074BC5EC0,0510B414-1C26-42D5-8A25-5E6BEC52CF7A,18-10-2013
14483,5446 Via Estrella,,Cliffside,7,V8Y 1L1,0xE6100000010C549E76548A4748400C0DF8957DE35EC0,0F229B6C-6E0A-4ADD-A492-85039996EE58,12-03-2014
14484,51 LaCrosse Ave,,Los Angeles,9,90012,0xE6100000010C4F982B65D7044140A48ABEAF288F5DC0,ABC0D566-7C84-45D9-988B-50124F22D09D,27-06-2013
14485,9836 Hanson Lane,,Downey,9,90241,0xE6100000010CB12D2182EDF54040A17E7415EF805DC0,8A134D98-2D77-4BDD-8B06-19E5E147CD0B,30-05-2014
14486,1828 Mt. Orange Place,,London,14,SW8 4BG,0xE6100000010C07940A7A6CC04940065FDE000DBDC2BF,40797003-F92E-40B3-BA0A-5841C6E595F9,20-10-2011
14487,7914 Woodpine,,Langford,7,V9,0xE6100000010CC2AEAD50DA33484027C11018CDD55EC0,D14058B3-0878-4467-9DF6-162D3220D35A,30-06-2013
14488,2141 Banking Road,,Bellflower,9,90706,0xE6100000010C990F2E2875F2404072E027CCD78E5DC0,98E5723A-F006-4814-A18A-5CAA6D2B5BD3,01-11-2013
14489,2243 W St.,,Seaford,77,3198,0xE6100000010C94945854290F43C05D69365FBD216240,EC633931-37A3-48FC-8453-C45ECFCC0BEA,17-06-2011
14490,7954 Vista Avenue,,Lemon Grove,9,91945,0xE6100000010CCBC1B5E1525D4040226E4A7E264D5DC0,E2EFCD32-6B53-4143-8E3A-49130B1A24CC,21-07-2013
14491,8294 El Rancho Drive,,North Ryde,50,2113,0xE6100000010C67E4FE7F24E440C0D5734685B2E56240,612DC095-A4AA-4B54-9B89-64AB7AD2DA06,13-11-2012
14492,Lützowplatz 28,,Hamburg,19,22001,0xE6100000010C00000000000000000000000000000000,A4978449-CC50-4EBA-AD64-B3DD68B1DB77,10-06-2013
14493,6286 Ronda Ct,,Torrance,9,90505,0xE6100000010C943F7FEBB1E44040E4F748A7059B5DC0,D38F0340-573C-406D-BEB8-89B0B0B2F058,18-07-2013
14494,9236 Woodland Drive,,Mill Valley,9,94941,0xE6100000010CC8801E9834F74240BA348DE612AD5EC0,029E87C4-799F-4778-9C77-D5E612F12974,20-10-2013
14495,"66, rue des Pyrenees",,Orleans,131,45000,0xE6100000010CF41B055BECF047409659D6F06888FE3F,A6657DD8-301C-475E-9D5C-D59D3395282A,21-12-2013
14496,478 Grant St,,Burien,79,98168,0xE6100000010CBEBDB81012B84740B172F68DAB8C5EC0,B7113FAA-A5A0-4C4E-ADF6-80961E4ECB9B,27-10-2013
14497,2877 Bounty Way,,York,14,Y024 1GF,0xE6100000010C5BA270061FF34A40DF4184C28759F1BF,2A2BA539-23F3-4B91-92D8-E81886D2BF95,29-06-2012
14498,3682 Diablo View Road,,Port Hammond,7,V6B 3P7,0xE6100000010C903BCA7056AC4840DA088CDF72BE5EC0,AD250433-93F0-4DBB-BC35-61060FEAEDD4,23-07-2013
14499,"344, rue Descartes",,Port Hammond,7,V6B 3P7,0xE6100000010C5A8A498713AB4840FB1ABD80DFBC5EC0,96F43CF1-DB83-4455-B196-61151502C25D,13-10-2013
14500,2128 Evelyn Court,,London,14,SW6 SBY,0xE6100000010C957F5C7444C749409D349FBC249BB6BF,B9A4A6B3-6B80-4C98-B423-252CACA637BA,04-11-2012
14501,2538 Stafford Ave,,Tacoma,79,98403,0xE6100000010C313C8B89B5994740D143B78806935EC0,762A9976-5BA1-4FA1-B1AD-55B360674B7F,30-07-2013
14502,Galeriestr 28,,Hamburg,19,22001,0xE6100000010C00000000000000000000000000000000,9E5CBA6A-3C97-4D2F-956D-3F1072D96B47,09-05-2014
14503,6943 Patterson Blvd.,,Beverly Hills,9,90210,0xE6100000010C1FFE9472D3104140600E8D9145A55DC0,22C29AC4-9CA5-47D0-AD54-0742DF8B48AB,28-01-2012
14504,1773 Lafayette Street,,Gloucestershire,14,GL7 1RY,0xE6100000010C001375412AD7494099EBF385E98BFFBF,31125DDA-E01A-4FF7-8A2D-88BCA94E0AB8,08-07-2013
14505,3312 Tanager Court,,Metchosin,7,V9,0xE6100000010C6208D3D3F9314840A58F8BD826D75EC0,B03B51EA-BB5A-479D-9F2D-170C906C927D,13-07-2013
14506,5315 Wildewood Dr,,Rockhampton,64,4700,0xE6100000010C37C71A25496937C0135DE06784D16240,DFE902B5-F2A1-4D3A-8F5E-BD3CDF6D5140,22-09-2013
14507,4594 Springer Court,,Portland,58,97205,0xE6100000010C8DFCB83D83C846405C6970792AAB5EC0,CBABEC7D-6702-4EF5-AB41-E3BFC175C1EF,12-02-2014
14508,Postfach 66 07 00,,Paderborn,20,33041,0xE6100000010C00000000000000000000000000000000,8FA6DF01-D336-4855-9381-297602FC38A1,02-01-2013
14509,9507 MountainAire Drive,,Redmond,79,98052,0xE6100000010C4263FA4502D04740D7CE57D0F4905EC0,280801B1-D95D-42BC-A789-A74ECAAC44BF,11-07-2013
14510,9039 Blocking Ct.,,Grossmont,9,91941,0xE6100000010C8A9D7D2B0D6740400915BA1908415DC0,33519A5A-F671-4C87-A78E-EFEA3A12540D,25-01-2013
14511,1292 Marsh Elder,,Concord,9,94519,0xE6100000010C4C6AA72A1AFC4240C94EFE9714795EC0,7190267D-8417-4DCA-A13B-5171AA9EEAE1,05-06-2012
14512,4207 Madrid Lane,,Lakewood,9,90712,0xE6100000010CDCFCFB9003ED404047B7D6E36F925DC0,E8A3B63A-124D-4B8F-8D8B-ADAE8859D850,15-06-2014
14513,4581 Coldwater Drive,,Rockhampton,64,4700,0xE6100000010C2E13EC86E26937C001F14E53C6CA6240,C111E2FB-3E5E-4172-9576-8F9ADA7A0CFA,17-03-2014
14514,3993 Jabber Place,,Los Angeles,9,90012,0xE6100000010CFFD437BEFF0D4140B47112E1B9965DC0,F3018051-2817-4FCA-A370-D83D1796CCA9,14-03-2013
14515,2071 LindenTree Dr,,Vancouver,7,V7L 4J4,0xE6100000010C963F41EF46AE4840892939888BC25EC0,67A47F61-3B61-495E-BE4F-D5C9542378EB,10-02-2014
14516,"2, avenue de Norvege",,Sèvres,178,92310,0xE6100000010C19B652FAB25F4840763003E1F7B20140,382CD9BF-348B-465A-95C1-34AEF3EFA7A0,21-12-2013
14517,1500 Polk Street,,Silverwater,50,2264,0xE6100000010C3554F33D1B9540C04552A23210EE6240,2D90A00D-6097-4898-8639-2F089EDE3DA1,29-06-2014
14518,2111 Ringing Dr,,Cliffside,7,V8Y 1L1,0xE6100000010C549E76548A4748409B8895BACDCB5EC0,06BB0CF1-2EA0-4A57-B43A-4A1A740DB77F,18-08-2013
14519,2067 Black Point Pl,,Perth,66,6006,0xE6100000010C708E71F138EC3FC057F855804CEC5C40,387A8B8C-CF33-483D-B5D4-9C02500D32E0,13-03-2014
14520,8139 Clark Creek Lane,,Paris,161,75003,0xE6100000010CE4BE0F1567694840E39E21F390D90240,0554D33A-B54F-4BBA-8A9B-B9200E319509,21-12-2013
14521,4195 May Way,,Hawthorne,64,4171,0xE6100000010CEE0E00412D6B3BC0A12C9FC29E1F6340,A25F21E4-A02F-478F-BCB4-AF881343009A,19-12-2012
14522,3098 Seabourne Ct,,Oregon City,58,97045,0xE6100000010CEDE58D62C6B1464033FC432EC5AC5EC0,1E28C998-62A2-4434-B589-4C3D9746A3C8,04-06-2014
14523,3393 Alpha Way,,Santa Monica,9,90401,0xE6100000010C6D64D1E982FF4040DA4C03358F965DC0,92F7D2F2-00FB-4417-972D-8742DADE4972,07-05-2014
14524,4634 Hilltop Rd,,Torrance,9,90505,0xE6100000010C7235E5B6EAEC4040A59DE706FE975DC0,7AD133E3-B74D-4E5F-8FB6-A40C4646B4A8,20-08-2013
14525,Welt Platz 1,Verkaufsabteilung,Frankfurt,19,60323,0xE6100000010CDAE61415D7084940FCFC56F1F2572140,C2A5D8C2-E8E5-4199-95D4-09DB1E26A7B9,15-01-2014
14526,7838 Euclid Ave.,,San Francisco,9,94109,0xE6100000010CBEF4CE5039E742400195541459A85EC0,E10C765D-CA9D-4CCF-91A4-8D390FBB3C85,09-09-2013
14527,9333 Georgia Street,,Bendigo,77,3550,0xE6100000010CF189BF029C6642C048FE9388AD0B6240,835CB684-2695-44FF-A901-8BFFAFB057CD,19-11-2013
14528,5448 Near Drive,,Newton,7,V2M1P1,0xE6100000010C37F23F924BF94A40F8CBF426D5A85EC0,91E1BEDB-B1D9-42F0-9C09-EC61B0B2B4BC,14-07-2013
14529,7197 Fox Way,,Royal Oak,7,V8X,0xE6100000010CD1666F978E40484057510AA964D95EC0,78D14326-C2F6-45EA-A1F4-EFB1FB5AFC22,22-11-2013
14530,3566 Matterhorn Ct,,Bellingham,79,98225,0xE6100000010C3B86C8E5DF614840F08FD3A8289C5EC0,830BEAAD-9383-4F50-AE46-EB393A993F30,16-12-2012
14531,8225 Northridge Road,,Edmonds,79,98020,0xE6100000010CA2F03A1E42E84740C9C4D83820905EC0,0AEB54FE-3C51-4228-949D-29AF96B627FD,12-10-2011
14532,4848 Lighthouse Way,,Metchosin,7,V9,0xE6100000010C5C3BB2594E294840ABCC9BD60EDF5EC0,49A1E754-EE29-4659-B13E-A0E39B3BF1FF,04-11-2013
14533,Winterfeldtstr 2529,,Hamburg,19,22001,0xE6100000010C00000000000000000000000000000000,2A788130-B197-4F31-86B5-29A5CDF05E13,29-01-2014
14534,1736 Windsor Drive,,Caloundra,64,4551,0xE6100000010C123ED8AED7CE3AC003F1F49E961C6340,50B16760-F908-4262-B10D-DE9C637812E8,27-06-2012
14535,9761 Darnett Circle,,Lebanon,58,97355,0xE6100000010C7226AB38274C464078691F5662B55EC0,30B588C1-54AB-4AD8-9FCC-CB34B0F1F517,28-05-2014
14536,9293 Liszt Way,,Lakewood,9,90712,0xE6100000010C81C6FDB458F1404062926AC156865DC0,A1DDB3D7-CDCE-44E1-ABF6-3E7EC45B0606,07-10-2013
14537,4461 Centennial Way,,Newton,7,V2M1P1,0xE6100000010CB8F6D7E69AF84A40DAEFB1B279A65EC0,FBAEA616-0A45-4253-BC0D-13E89254B4E0,07-12-2013
14538,4247 Bellows Ct,,Novato,9,94947,0xE6100000010C4160F466D50D434093A05D14099E5EC0,6E2E7F14-E5F5-4BD3-803F-59DFCB1AB784,18-05-2014
14539,2325 Candywood Ct,,Redwood City,9,94063,0xE6100000010CA4EDAFC60FC5424010D70232D0845EC0,750E8ACA-1193-47C7-AB62-784BF0D28E2A,24-09-2013
14540,7342 Dew Drop Circle,,Beverly Hills,9,90210,0xE6100000010C80079F8092124140D2E0364B1D965DC0,8273E45A-2D10-4761-9E3B-E40A39A826D8,28-03-2012
14541,4593 Camino Peral,,Burien,79,98168,0xE6100000010CAC00DC59D5C44740814E4A0DAC9E5EC0,1D5DFFBE-685C-4F02-81FC-2521D324FEBC,11-03-2012
14542,1065 Almond St.,,Maidenhead,14,SL67RJ,0xE6100000010C8E8AD407BEBE494068537678258DE7BF,54344A9D-3164-41B8-8277-C2101B0C3679,25-12-2013
14543,5021 Rio Grande Drive,,Kirkland,79,98033,0xE6100000010C9057F8622AD14740B263E485B3905EC0,0442BF0F-4802-4EE2-945B-8CA6302F0ECC,15-05-2014
14544,3352 Kingswood Circle,,Cheltenham,14,GL50,0xE6100000010C08892404EFF84940E39FFC45AD9D00C0,170ECC2D-1178-4B0C-9B3A-8F516C7E8979,13-05-2014
14545,3063 Blue Jay Drive,,Warrnambool,77,3280,0xE6100000010CBFA7220128FF42C0BA3F81CBD8C96140,9AEE6B13-E9B3-4C47-AF13-ED88FDF5A5DC,18-10-2011
14546,319 Revision Dr,,Bury,14,PE17,0xE6100000010C42CDE25CE2C14A4007D3A633E86A02C0,1CFE11CA-8619-42AD-88AB-71144168B900,25-11-2013
14547,828 Pinewood Court,,Walla Walla,79,99362,0xE6100000010C4AA2F0A4C007474078C10D42C78D5DC0,4A1B30EA-7A87-4833-8939-F08C130C8582,30-11-2013
14548,"3, place de Brazaville",,Paris,161,75010,0xE6100000010CADC525314369484052CAFF909BE90240,CC4ABFFE-A0F8-43BC-8841-76427B65DBAD,21-12-2013
14549,9413 Maria Vega Court,,Melton,77,3337,0xE6100000010C575CBD4547D542C05B73D62D49146240,6806A60C-FCE2-4BA1-8AA1-967B09867CFA,01-11-2011
14550,5274 Holbrook Dr,,Glendale,9,91203,0xE6100000010C6C48B9B82E0F414072842EDB8A955DC0,3D4069B0-07D6-4FE2-BB0B-409F5635E019,25-02-2013
14551,6769 Kingswood Circle,,Burbank,9,91502,0xE6100000010C69FA9FB27516414027ACC38FE89C5DC0,3B6F8AE0-3E32-4DB7-A49C-02D446FAA352,19-09-2013
14552,3422 Meadowvale Court,,Burien,79,98168,0xE6100000010CB4492FE5DAB6474025488DF1529C5EC0,E1C005FF-4656-4864-9EE5-BD7F414BD486,16-12-2013
14553,228 Rock Creek Way,,Santa Cruz,9,95062,0xE6100000010C8854EB72F97642406618A3C6FC845EC0,A2E0403B-4ED7-4F4D-9296-2D3A49DBBB70,06-04-2012
14554,4633 Jefferson Street,,Los Angeles,9,90012,0xE6100000010CC10E46593007414017C25A93AF975DC0,2246ACAB-F043-4EE9-BE92-4F71AEDD1556,13-12-2013
14555,8345 Orangewood Ave.,,West Covina,9,91791,0xE6100000010C88E203A9810A414058E90552586F5DC0,A3EEBE6B-D2A6-4821-86B1-5D9D89CF5304,20-11-2012
14556,537 Panoramic Avenue,,Matraville,50,2036,0xE6100000010CF15CB3A81DF640C09C5DBD1976EB6240,F703D178-A879-402D-A277-97F2FC686EF0,11-04-2012
14557,3005 Ruby Lane,,Langley,7,V3A 4R2,0xE6100000010C7EBD9A92088F4840034A6B060BB45EC0,45709B08-1F1E-466E-B234-02A800FA2144,08-04-2014
14558,9627 N. Civic Drive,,San Diego,9,92102,0xE6100000010C0FAC25FFC15A404049ADD224304E5DC0,C0C19046-381B-4F85-BAD3-81D7D036908D,02-04-2013
14559,"3669, rue des Pyrenees",,Paris,161,75008,0xE6100000010C35962C15187648405F3FCCA7DE170340,C1BAF152-F325-43D5-BC16-3A1E208536AE,21-12-2013
14560,261 La Orinda Pl,,Cloverdale,66,6105,0xE6100000010C80C9EF56C9FD3FC06C41178C4E015D40,5A0E4496-B481-4AB3-8D85-001770338E15,20-01-2013
14561,213 Valencia Place,,Warrnambool,77,3280,0xE6100000010C1BC0A2B5890343C04BD2CF22C6CF6140,D7E495EB-D337-47E9-97AF-C33BA295F1A5,18-06-2011
14562,7196 Glen Wood Drive,,Edmonds,79,98020,0xE6100000010C4BEEAB5787E14740B10A392FCA9F5EC0,1CBF4DD1-3CD9-468D-9650-96BA68626B0E,07-04-2014
14563,6917 Delaware Court,,Bendigo,77,3550,0xE6100000010CF0BAFB47515B42C048FE9388AD0B6240,380C67C8-54C9-446D-868F-230B4E55E2DB,30-12-2013
14564,4073 Niagara Court,,Beaverton,58,97005,0xE6100000010C8363E36987BF4640A724DD5AA1AE5EC0,91A33392-75FC-47F9-B81C-8FB9E5C81D8C,14-05-2014
14565,8001 Roosevelt Avenue,,Hervey Bay,64,4655,0xE6100000010C003FD1A8365639C0297B866B691D6340,EB45B4B1-D8E3-4146-BD1D-F33670716CE3,05-04-2014
14566,1896 Anyway Street,,Runcorn,14,TY31,0xE6100000010CA7EBCD79E2A64A406F8E9A79F0A405C0,B391AF2A-B882-44EB-9972-CA8593687A1D,03-11-2013
14567,6564 Bellwood Dr,,Cambridge,14,CB4 4BZ,0xE6100000010C9BA9624701144A405F8AC616F86EBC3F,5CB4F437-AD70-473E-9CAC-50C05586DA7A,31-01-2012
14568,1683 Colfax Street,,Burbank,9,91502,0xE6100000010C147490AC651A41406227D22C56955DC0,35FDAD7F-7AF3-41E5-B754-008BF0697FEE,03-02-2014
14569,584 Laguna St.,,Warrnambool,77,3280,0xE6100000010CBED15B7CD00B43C0A3EE7D7282D26140,CE332981-2675-45DB-ABCB-CAE1DB5DD811,30-10-2013
14570,9759 Dover Way,,Bellflower,9,90706,0xE6100000010C91C2811A06F2404033460AF2DD915DC0,2A2B9599-0810-4E81-BE20-848B73835FD8,08-03-2014
14571,9800 St. George Dr,,Yakima,79,98901,0xE6100000010CB52D479B25554740698F1A41BD145EC0,847D9C1F-93A1-497F-BB7D-DC337D43F2C5,30-08-2013
14572,6913 Island Drive,,London,14,SW8 1XD,0xE6100000010CB5C46F7460B54940D8BD3F56813EBFBF,A77F0C68-F3EA-4F3A-99AD-C96D62D0A966,17-01-2014
14573,8131 Mission Drive,,Glendale,9,91203,0xE6100000010C26F0E3E54E0E41408C8FC55207945DC0,225B5D2E-4161-4BD1-B181-A2F631AE6533,22-01-2014
14574,6024 Lacanda,,Chula Vista,9,91910,0xE6100000010CD10910FCA4544040257273C91D445DC0,CAD037F4-1D1B-4318-AAC9-AD96FAC8F480,22-07-2013
14575,1082 Selena Court,,Runcorn,14,TY31,0xE6100000010C9D8574FB3FA84A400EBCB63125B105C0,13851C14-8189-4993-87C1-DE15649490AD,04-09-2013
14576,2324 Cherry Street,,Lebanon,58,97355,0xE6100000010CB5B06D4B0B3F4640ACCAE3812BB65EC0,C256AEAB-16B9-4BCB-BD11-8E9E4F34950F,13-08-2013
14577,6111 Newcastle Road,,Cranbourne,77,3977,0xE6100000010C45F4AA40211443C0C683656FC5266240,F97F7872-F593-485A-B42A-F2C1163AF2BD,11-01-2014
14578,Postfach 11 00 99,,Duesseldorf,19,40605,0xE6100000010C00000000000000000000000000000000,D7FC0217-1C46-43B4-AE4D-C3AA404BCE1B,28-03-2014
14579,2507 Bonsai Court,,Oxford,14,OX14 4SE,0xE6100000010CA30E22D348C74940997460FF5E81F4BF,763F475C-F951-4D77-8274-AA416ABE617B,13-04-2013
14580,Hochstr 8777,,Berlin,20,14111,0xE6100000010C0F2EA3AC952F4A4011BD1923559C2A40,7B442B6E-32EF-43E8-A218-2520A5E4DE21,30-05-2014
14581,5528 Ringing Court,,Newton,7,V2M1P1,0xE6100000010C3A1F30E064F24A402661BD83E7AF5EC0,762E0734-0660-4BDB-BF42-59A8B83A5E01,19-03-2013
14582,2429 Brown Street,,Matraville,50,2036,0xE6100000010C7F109E98C4FB40C0EBF1CC8686E96240,C78C5D3A-2BA1-4008-BA58-930DAD286929,29-08-2013
14583,7023 Stallion Way,,Newton,7,V2M1P1,0xE6100000010C4A43F084DFEC4A40F8CBF426D5A85EC0,D319E06E-61EA-4E5E-BF74-415EB900AFBD,03-06-2012
14584,482 ViewPoint Court,,Everett,79,98201,0xE6100000010C272AE193AF0648405AA388218F8A5EC0,7A17DEE5-B5D5-481E-906D-2F1795CA2E27,11-02-2014
14585,4887 Benthill Ct,,San Carlos,9,94070,0xE6100000010C594D9A2E8AC54240F06CA2C3BA955EC0,552AF118-2FE4-4ABE-9431-906566F07CB9,22-08-2013
14586,8308 Fox Way,,Concord,9,94519,0xE6100000010CABD7B9ABC6F34240B624E6EA6B8C5EC0,A72D5053-9A0C-4F54-8954-B6C1C30CE47E,07-09-2013
14587,5866 Military E,,North Sydney,50,2055,0xE6100000010CDECDBAF628EC40C0E78A66BE1FE66240,F69AC155-4511-4953-AC80-8E0CAB9E56F3,11-12-2012
14588,1256 American Beauty Dr,,Langford,7,V9,0xE6100000010CDAE824206F394840E706B9BA02D55EC0,7BC1208F-DF36-47A8-9823-16907F7118B2,02-07-2013
14589,"1102, rue Maillard",,Versailles,164,78000,0xE6100000010C5B5B77CB8E6D48403C1BE04BEBF50040,396D53BE-B0EC-46C3-9AF6-F1DA88B9BB01,21-12-2013
14590,2537 I St.,,Redmond,79,98052,0xE6100000010C2FBF3E9F80D547409C4FAA7FD48D5EC0,7288F452-4632-416E-87CE-EC0E20EAD898,11-02-2014
14591,7450 Olivera Rd,,Newton,7,V2M1N7,0xE6100000010C222D0F23FAEE4A40923A4AB88AB35EC0,97889A92-975D-4BDD-8ABF-3141E20D7FCC,29-08-2013
14592,6982 Duck Horn Court,,Haney,7,V2W 1W2,0xE6100000010C266EFD9DF7994840277292E2EFA05EC0,D964DCA8-8E4B-490A-9DBA-11026F8F0C5F,26-11-2013
14593,2479 Killdeer Court,,Rhodes,50,2138,0xE6100000010CC3ECFC7BC3E540C0B391DC2CE6DF6240,EC059C43-939C-49C2-A87A-EB93EBD331E2,31-07-2011
14594,"49, rue Royale",,Lieusaint,163,77127,0xE6100000010CADDDE8F8764F4840DC7110F854670440,E52A9F26-8BBC-4F0A-AB1B-54C696F3A0C9,21-12-2013
14595,2150 Pershing Dr,,Burbank,9,91502,0xE6100000010C170542AFA5184140332B60E2649B5DC0,318418B8-207A-4F92-B76D-B2F611DCB0AA,07-12-2013
14596,1261 Viking Drive,,Everett,79,98201,0xE6100000010CBE8BB3D84C074840C193D9684D845EC0,BC016F69-F1AF-47D1-9701-6D44F0D1E21E,27-05-2014
14597,"1010, avenue de l´ Union Centrale",,Saint Germain en Laye,164,78100,0xE6100000010C7849900453704840877621A951D00040,2FDB5279-E235-4FD1-AFC7-F3A6D6DABFB8,21-12-2013
14598,1301 Northstar Drive,,Oak Bay,7,V8P,0xE6100000010C45A7194C9836484075C62131D8CA5EC0,B613E841-6F7C-4456-9BD4-E17F1F4A93B3,27-04-2014
14599,6314 Minute Dr.,,Hobart,71,7001,0xE6100000010C4BDE421CE46C45C06E25DE918D696240,BD685D75-7AC1-42B9-88A4-13EA68AFFE41,23-08-2013
14600,2288 Gingham Way,,Milwaukie,58,97222,0xE6100000010CFA0B3B354ABC4640200D23F6F2A05EC0,B4F70FC3-25FD-41DF-94D1-1977C2BF2F03,05-11-2013
14601,"6166, rue Lamarck",,Chatou,164,78400,0xE6100000010C86160FFA1D6D4840635F2871F03E0140,E9E44330-76C0-4FD9-8615-5B1A666486C8,21-12-2013
14602,2539 Artnell Ct,,Warrnambool,77,3280,0xE6100000010C7F43862C970143C01810148B7ECD6140,FCE05CA3-E8F3-4454-92EF-3583338469B4,06-01-2013
14603,5238 MountainAire Parkway,,Concord,9,94519,0xE6100000010C758F76DFF603434054FE73152E775EC0,9DD25A8F-3DDB-482D-BA63-CF4F8EDBFB4E,15-11-2013
14604,3824 White Dr,,Glendale,9,91203,0xE6100000010CCA1724841C1A41408C8FC55207945DC0,0537CF2E-B4B4-4E29-B477-7D9FFA7F03C0,18-07-2013
14605,Attaché de Presse,,Suresnes,178,92150,0xE6100000010C5E3A6B1F9C6B48402D56122B43BC0140,F32784C4-E90D-436A-8E1E-6705AE7E465F,21-12-2013
14606,"5757, avenue de l´ Union Centrale",,Roissy en Brie,163,77680,0xE6100000010C0141D63F5861484052513DEC12490540,889F7335-F9AB-4C8E-A12E-6AB797DD33DF,21-12-2013
14607,Auf Der Steige 77,,Paderborn,53,33098,0xE6100000010CE28739A988E149407CB1E59F91812140,28E8854A-5BFD-44EE-B302-5B73DBE40EE1,10-05-2013
14608,9016 Clear,,North Sydney,50,2055,0xE6100000010CD7582140C2EE40C07A42B2EDC4E16240,6C041DEC-25D2-42B2-B468-44745B01947D,19-07-2012
14609,8523 Magic Dr,,Port Orchard,79,98366,0xE6100000010C21E0E66824C447401043579124B05EC0,6BF9076D-3353-4D25-9010-05C8259D3D8B,27-01-2014
14610,6387 Tanager Road,,Newcastle upon Tyne,14,NT20,0xE6100000010CEB1B61E6BB874B406A6E25D738CCF9BF,53369823-F9B4-46DE-8BFC-C32C12AAD596,16-07-2013
14611,2756 Sinclair Avenue,,Concord,9,94519,0xE6100000010C5A1EF9399DF84240C939D4DFB9885EC0,83861BD6-DD92-4E33-9C02-66788D15F376,23-12-2013
14612,7415 Chaparral Court,,Sedro Woolley,79,98284,0xE6100000010C182EF92EE3424840D8CD2C9419815EC0,A4192F23-52EE-47C3-83A8-5AED3386616A,08-05-2013
14613,Wolfgangstraße 62,,Saarlouis,70,66740,0xE6100000010C71F83149A69F48401C51A98E66F81A40,83799FF7-1EA4-4CD2-9CD2-A82483C92816,16-04-2014
14614,1887 Mt. Diablo St,,Perth,66,6006,0xE6100000010C6766AEF0F3E83FC0200D14073BF25C40,9B800610-8C5A-4DEC-BFD0-F665A0282AC0,13-02-2012
14615,4044 Pine Creek Way,,Woolston,14,WA1 4SY,0xE6100000010C6884B16B6DAD4A408FC980A6FB2804C0,F7A48374-04DA-4520-8C6A-51B56A5828B2,27-02-2013
14616,4037 San View Way,,Sooke,7,V0,0xE6100000010C42C11DC5B22A484004CA1D0942E95EC0,BE15B695-F09A-4E9D-89DE-CF2EB9C7B956,19-10-2013
14617,8950 Scenic Avenue,,Woodburn,58,97071,0xE6100000010CBC76B425D79A464052052C487BB95EC0,24D5B57F-3A93-4DB4-AA98-7DF9F20AE62D,14-05-2014
14618,1464 Lincoln Dr.,,Burbank,9,91502,0xE6100000010C3DEC59153A1D4140B61FC8F8129D5DC0,3217CF32-6693-42AF-AE99-D21CDE780DA8,16-07-2013
14619,8483 Arizona Drive,,Burbank,9,91502,0xE6100000010C3BB856B765134140C566205694945DC0,63B566A5-3409-449D-9C13-91A188DECC63,22-11-2012
14620,Lieblingsweg 245,,Frankfurt am Main,70,60075,0xE6100000010C00000000000000000000000000000000,1BC3CD7F-BCA0-4028-A430-E09E77FC57F7,02-04-2014
14621,3337 Pinehurst Court,,Lieusaint,163,77127,0xE6100000010C759D37598E57484066971C2F086C0440,AAD34245-DAAE-42F8-88FA-F3E2AE6F1D31,21-12-2013
14622,5329 Notre Dame Ave,,Burlingame,9,94010,0xE6100000010CCA832019A3CC424065174C3108A35EC0,43CD5938-7BAB-4EBA-95C3-3968893A656C,15-09-2013
14623,6299 Balance Ct.,,Bury,14,PE17,0xE6100000010CEAA3FEA367D44A40D11E8BA86C6202C0,DC9E3C41-9325-4ECC-97A8-B7B617C318A9,11-01-2013
14624,6093 Olivera Road,,Port Macquarie,50,2444,0xE6100000010CC7ABD7BC51573FC0756FBF02351B6340,725534E5-E8B5-4F6A-83E3-B15F38680304,19-05-2012
14625,1515 Palm Dr,,Palo Alto,9,94303,0xE6100000010C24B3EE8CB1B44240DB5686A5A1915EC0,704FDFBF-26F1-4004-A0AD-1676078ED9CC,26-08-2013
14626,4211 Eastgate Avenue,,Newport Beach,9,92625,0xE6100000010C44C8A21962CA4040FA05E47E07795DC0,3D24C20A-BAA7-4E62-B264-12120391924D,30-10-2013
14627,2542 Pinecrest Court,,Bury,14,PE17,0xE6100000010C485A3F95AFC64A4007D3A633E86A02C0,BE8C5EF1-81A2-4D7C-8578-4B4894800312,16-04-2014
14628,8426 Kendall Rd.,,Rhodes,50,2138,0xE6100000010CCD8BB93310E740C04762D3DC72DE6240,A0C6DAB4-95C9-4172-8BD1-B7A08C753831,06-11-2013
14629,5492 Dartmouth Way,,Olympia,79,98501,0xE6100000010C9BF569667F844740E5838A7A88AE5EC0,638A2256-FF5B-486B-9DC6-C1F77BC8BC15,21-10-2013
14630,6733 North Star Dr,,Chula Vista,9,91910,0xE6100000010C8A21F0FD494C4040667754E45E405DC0,10A1BCB5-3621-4FD0-8A8C-2C908F76F42A,08-07-2013
14631,"5, avenue de Villiers",,Saint Ouen,127,41100,0xE6100000010C95374F759BEC4740E5AE1E4A5163F13F,4D9D1C03-BE1B-4F86-ACE1-3570471309C6,21-12-2013
14632,"395, avenue de l´ Union Centrale",,Paris,161,75005,0xE6100000010C8E351969567248401A2FCAFBFDD40240,598378FD-E1D1-4621-8D28-72DC204A28A3,21-12-2013
14633,4892 St. Andrews Drive,,Berkeley,9,94704,0xE6100000010CF0FF7EF12AEB42405C8E9CD14F935EC0,D7CBF5CE-6E7B-4EED-8A30-FEBD542BF568,11-03-2014
14634,Celler Weg 30,,Darmstadt,19,64283,0xE6100000010CC3E74BE053F14840C7624CE2164B2140,B2A161AD-9A1F-473C-8DBC-1A028B1D1F96,22-01-2014
14635,9297 Mauna Kea Court,,Sunbury,77,3429,0xE6100000010C7AAC23C961C142C0282195B50C1A6240,0C0AA67A-6EFC-4C91-A8C9-655235D277C4,26-05-2013
14636,Nonnendamm 123,,München,20,80074,0xE6100000010C00000000000000000000000000000000,C232CA06-504D-468D-99AD-7B6E3C8BB2B4,20-04-2013
14637,5665 Las Lomas Way,,Torrance,9,90505,0xE6100000010C943F7FEBB1E44040E2E824C6EE915DC0,3D250344-CD5A-4E85-8A02-D74A30441959,20-11-2013
14638,7669 Springfield Drive,,Woodland Hills,9,91364,0xE6100000010C7B5FDE7D59154140A13B0B3659A35DC0,4A779654-E24B-4EF2-94B0-8FA51434A909,11-04-2012
14639,"96, rue Royale",,Edmonds,79,98020,0xE6100000010CA2F03A1E42E847400FB88DB3BD985EC0,8C2EF3BF-CBA1-442C-BEAE-2D7E71B2D00D,16-05-2014
14640,1627 Ashford Court,,Kirkby,14,KB9,0xE6100000010C0E4C6C0D6BB84A40D25D87DCA91607C0,A59A8DF1-AEAD-4761-A0A0-F251D5AB4B05,03-09-2013
14641,Alderstr 8739,Buchhaltung,Berlin,20,14111,0xE6100000010C00000000000000000000000000000000,1E90CA67-6853-436C-93D2-A34C773548A5,27-11-2013
14642,"652, rue de Berri",,Roubaix,145,59100,0xE6100000010C2DB5EDFEE35F49405FBCD4DB56710940,2AE7DABC-4A9F-4C92-9D64-6555B58A1C27,21-12-2013
14643,4672 Euclid Ave,,Kirkland,79,98033,0xE6100000010C5DC4DD8637D44740D127BE4AD4935EC0,CFD395FE-BF38-42BC-89B9-43C653C8BCCF,08-05-2014
14644,2495 Rachele Road,,Langford,7,V9,0xE6100000010CDBD2DCE10D3A484079C2D51A7FDE5EC0,D696F7B3-FEDA-47CF-9C10-F307D527E3C1,12-03-2012
14645,2282 Near Dr,,Santa Monica,9,90401,0xE6100000010CE44F604FD1004140915632E6F7A45DC0,E00F4A3D-840C-4259-A5E2-E604BC272BAC,20-05-2014
14646,359 Pleasant Hill Rd,,San Gabriel,9,91776,0xE6100000010C94EF12537B0E414052B897F0C77E5DC0,9889A2EC-6D49-4196-84C0-996A4DD562F6,04-07-2013
14647,617 LindenTree Dr,,Coronado,9,92118,0xE6100000010C5FCFB614CA514040A757176E2C405DC0,A09360CB-CB9B-4ADD-B9CB-4F8AA31FF8B4,02-10-2013
14648,400 Matterhorn Court,,Palo Alto,9,94303,0xE6100000010CE70046EB11B4424024CD9EDD5F845EC0,10507337-DFE2-47C9-AB78-664EA029A240,08-11-2013
14649,1387 Dias Circle,,Port Orchard,79,98366,0xE6100000010C5D9A175D93C64740A5502E6FA6AA5EC0,3E89FD82-DF2B-4DF6-8BB1-5EABE69D54A7,19-05-2014
14650,1681 Lighthouse Way,,Downey,9,90241,0xE6100000010CFFFDDB4467F94040F56EBCD3B6845DC0,5FA8E5E5-109A-4B00-99BD-8DC8FFA28B22,24-04-2014
14651,4261 Roseann Drive,,Berkshire,14,RG11 5TP,0xE6100000010C00000000000000000000000000000000,3BF1FF04-381F-4DA7-935B-7FD978D354EB,25-09-2013
14652,4404 Mildred Avenue,,Sunbury,77,3429,0xE6100000010C6C0B5F2D97C842C0F542BF69F4146240,076055F3-FFB8-4001-8620-E801623618A8,16-02-2012
14653,2923 Napa St,,Newton,7,V2M1N7,0xE6100000010C2525D9E228FE4A4050E5102166A55EC0,90CF40EE-2A8B-4081-B478-7B04F258BFF7,15-05-2014
14654,6127 Lilly Lane,,Lincoln Acres,9,91950,0xE6100000010C8A559524EE544040B7DCB3A5DB455DC0,FC9D4081-4D79-4F8B-A5C2-49C69649A8D1,21-10-2013
14655,7622 Mayette Avenue,,Lincoln Acres,9,91950,0xE6100000010C5AB997FE9E5B4040CA4BAF63DA4B5DC0,1CDFB6ED-AF06-4DDC-82C8-EDAE4FEBF319,15-08-2011
14656,1490 Marina Pkwy.,,Matraville,50,2036,0xE6100000010CE48E003BFC0041C05BFF25765DEE6240,C27A0EBD-4395-499A-B973-9CEBE7C82DF7,12-08-2012
14657,3737 Bellord Ct,,Shawnee,7,V9B 2C3,0xE6100000010CF006089AE0384840439DF92D7EE85EC0,46996A74-13B5-4963-89C6-6DC19CBD406E,02-06-2012
14658,5486 Maria Vega Court,,Townsville,64,4810,0xE6100000010C81B3567B083633C045E6ABA67C5E6240,CB647AAE-C524-443C-BEB4-9A0897346948,28-09-2011
14659,"52, rue de Berri",,Saint Ouen,127,41100,0xE6100000010C2C10F19AC5EA4740E3F568EF505FF13F,EF539900-BB20-4876-91B7-FBFA0629BB0D,21-12-2013
14660,1855 Rio Blanco Drive,,Grossmont,9,91941,0xE6100000010C0B72E9F6466340401A6F4EB3883F5DC0,401B2632-1287-49B1-ABFC-DB99713E044B,07-03-2014
14661,6513 Beauer Lane,,Portland,58,97205,0xE6100000010C1E08465E8DC046402DF4F86EF09F5EC0,1DDC8C68-F6EC-425D-97FC-3091EEF89F24,26-03-2014
14662,3136 Pinewood Court,,Burlingame,9,94010,0xE6100000010C5704D728CAC84240724A1FB01D9F5EC0,1D59EEE5-14FE-469F-B056-00E6C9451BE5,03-04-2014
14663,8049 Jefferson Street,,Wollongong,50,2500,0xE6100000010C1F3DAF90683341C0A9AC7976B8DE6240,64710DD4-430A-4F88-905A-9E6BDC7E0CC7,15-11-2013
14664,6912 Hamilton Avenue,,Malabar,50,2036,0xE6100000010C7C06F51498F940C0A7420135FAEA6240,7DF4F421-EEEC-46D3-994F-1165F815D65B,15-07-2013
14665,7581 Whiteaben Drive,,Cliffside,7,V8Y 1L1,0xE6100000010CB1B3A1679242484081F27DD0C0DE5EC0,37A12FE7-1B06-4EBA-BBD0-AA7E3C3C3F3F,27-11-2012
14666,Alderweg 7849,,Berlin,70,14197,0xE6100000010CD11F915047454A40FB44545DF2982A40,3BC8A652-8026-4153-A6E2-DF9946B07140,06-02-2014
14667,2749 Greenbush Drive,,Beverly Hills,9,90210,0xE6100000010C778017364311414083A4253D15935DC0,0568EFAA-85D6-4385-A43B-547F925224F4,29-04-2014
14668,1807 Trafalgar Circle,,Wokingham,14,RG41 1QW,0xE6100000010C987DA5496CB9494082FCBE1D8F25EBBF,787C099E-756E-425F-A47D-B6D623494466,16-01-2013
14669,Moritzstr 44,,Sulzbach Taunus,70,66272,0xE6100000010C00000000000000000000000000000000,4439352B-8578-4049-91B6-0BC797BCAD2F,12-07-2012
14670,3369 Houston Ct.,,Lane Cove,50,1597,0xE6100000010C3F08CD8C08ED40C0724E3BFE4CE86240,C72BC7A7-2DB5-420D-A14E-4A8C2FF12C9E,08-05-2014
14671,2536 El Capitan Lane,,Langford,7,V9,0xE6100000010CD36CD595B6354840E706B9BA02D55EC0,FFCD97C9-1E46-49E9-88BE-E660F720F8EA,07-04-2014
14672,613 Glen Wood Drive,,Shawnee,7,V9B 2C3,0xE6100000010C224E0B0E1E3A48402B93E7277AD95EC0,D453BECD-670A-48D2-B442-B7BF21352838,03-07-2013
14673,Krönerweg 6666,,Salzgitter,19,38231,0xE6100000010C00000000000000000000000000000000,85395142-E266-4DA3-B156-3C6625375E40,08-06-2012
14674,"7, rue de la Centenaire",,Metz,143,57000,0xE6100000010CF38FC6C754904840FAD98ABFD4C31840,AC152AA3-3710-40F7-8C1F-CAE2628B6391,21-12-2013
14675,3309 Clay Way,,Spring Valley,9,91977,0xE6100000010C31C3B0C88261404089238AF6C3475DC0,A60C7EEB-25FB-4791-9BC3-2131497898D0,29-04-2012
14676,1641 Overhill Rd,,Walla Walla,79,99362,0xE6100000010CA9C9CC6B2414474013BA5D174B8F5DC0,2DB2473D-F377-487F-8382-37652FA44B81,09-05-2012
14677,4591 Camino Peral,,Santa Cruz,9,95062,0xE6100000010C8854EB72F976424084B8DD0C2E7D5EC0,3158B2B1-3505-4A17-9953-185DBCDCE432,19-04-2014
14678,3177 Dover Way,,Port Orchard,79,98366,0xE6100000010C359A913DE2BF47400174A0A9869C5EC0,DE935F38-A634-40F3-9F89-9A84B3E59FB8,27-07-2013
14679,Attaché de Presse,,Cergy,181,95000,0xE6100000010CC551C4052C8B48407E888AAA28810040,F77A60DE-8245-43CB-93DE-E08920EA7ED8,21-12-2013
14680,6381 Cardinal,,Issaquah,79,98027,0xE6100000010C7F822203F3C947400DFA634460835EC0,55513B89-B833-4A11-B3B2-6D6BC934556C,27-08-2013
14681,3432 White Pl.,,Rockhampton,64,4700,0xE6100000010C6DFF32DAB06537C001F14E53C6CA6240,34823650-C954-4AAC-811E-1DE66B3CB21A,19-09-2013
14682,3341 Riverside Dr.,,Bendigo,77,3550,0xE6100000010C1608C711335D42C08E0A888EFC0D6240,F5EC4611-9B90-4CCD-B9C6-A276BA6E6E24,14-12-2012
14683,6483 Crystal Ave.,,Bellflower,9,90706,0xE6100000010C48F9EDD918F840405E7BEAF609885DC0,7BEEE776-1AC8-475E-B90A-07EF81A91364,18-08-2012
14684,"77, rue de Bas Marin",,Orleans,131,45000,0xE6100000010C1ACE874A48F8474083D0C5BFCD91FE3F,1CC6717A-8E06-46A3-BABF-8BE2B9E5497E,21-12-2013
14685,7876 Clinton Dr,,Royal Oak,7,V8X,0xE6100000010CF1116EAF363C48400A55535D8CCD5EC0,C558A19C-7B1F-43F9-ABC2-8BAD9F812583,01-05-2012
14686,3991 Rambling Rose Drive,,San Diego,9,92102,0xE6100000010C61BA8C6068574040635636CB6F505DC0,E6E99ED3-6A49-46E3-9215-F8CA0E710136,29-08-2013
14687,5740 Cherry Street,,Santa Monica,9,90401,0xE6100000010C25D5120DC5FD4040BB2E780ABAA55DC0,15D90FC3-7C86-489D-81BA-D311AEAD40E8,04-01-2014
14688,3854 Galindo St.,,Ballard,79,98107,0xE6100000010C82282E5B32CE4740A6354490868D5EC0,09111E7F-92CF-48ED-A768-A7656B2C19BF,24-08-2013
14689,2109 Harvey Way,,Cranbourne,77,3977,0xE6100000010C45F4AA40211443C0BCF9106972246240,10D6878E-4EBA-4998-ABB4-E8FB9019BE91,21-11-2013
14690,995 Roundtree Place,,Goulburn,50,2580,0xE6100000010CA6FF249C485141C0B60DEB8F1CB56240,5E5381C6-D5E1-4C18-AF29-2AAB09C3F531,16-12-2011
14691,8014 N. Civic Drive,,Metchosin,7,V9,0xE6100000010C953B8C5C98324840F436776E2CE65EC0,4E63CCB8-2FB7-4A49-A601-067EA42E2C3A,03-04-2014
14692,1172 Flamingo Dr.,,London,14,C2H 7AU,0xE6100000010C0BB896C32BBE4940DB98D2313C43C0BF,CA4214CD-D7D9-4E29-8347-7C896816EC13,17-12-2013
14693,4637 Lakeside Court,,Grossmont,9,91941,0xE6100000010C0B72E9F646634040B74F4133CA3B5DC0,4242DD5D-7FDC-4420-82B6-AFBBA56871FE,21-11-2013
14694,2206 Countrywood Ct,,Haney,7,V2W 1W2,0xE6100000010C50A9D30D019F4840AD73A4FAFEA75EC0,B0AD06EC-46EB-4D9B-A7A0-AD3E99CD21AA,11-11-2013
14695,9082 Rolling Green Circle,,Port Orchard,79,98366,0xE6100000010C6EB1548CD7BC4740AF4CCC2F38AC5EC0,856C18AB-7211-4CC7-831A-E9AD018C2DD2,01-06-2014
14696,6905 Camino Ricardo,,Coronado,9,92118,0xE6100000010C2E7700E23F5C40400FE45E00EC555DC0,B3EA4004-8E3E-48B2-9DA9-BAF09BC0017D,24-11-2012
14697,6692 Bluefish Lane,,Kirkland,79,98033,0xE6100000010C049EA8CE51DA4740B35CCE40BD975EC0,562C3BE0-5737-421F-8A7A-94C730285445,30-12-2013
14698,4769 Book Ct,,Milwaukie,58,97222,0xE6100000010C5EA815945CC0464069DEC08426AB5EC0,E399A660-6509-40CF-A9B5-C9BAD79FC35B,11-08-2013
14699,4986 Treat Blvd.,,York,14,Y03 4TN,0xE6100000010C896CEB7F50024B4026C70C8AC44FF1BF,6B06C126-4DD0-437F-BB0D-2AF4515B6504,07-08-2013
14700,4810 Rahn Court,,Edmonds,79,98020,0xE6100000010C2CC00B93C0E2474007291C32179B5EC0,0363136B-591D-4661-9A5B-FCAD45CAF3B8,07-02-2014
14701,3877 Edward Ave.,,Warrnambool,77,3280,0xE6100000010CF7A05B130D0343C0E9A74AABABCB6140,F1B114C4-6CBC-43A7-A4E7-5A335E064795,07-12-2012
14702,Am Gallberg 6404,,Berlin,70,14197,0xE6100000010CD11F915047454A4035BF0B9E2BA32A40,C87DC3EC-BB34-4370-97F6-B75507F1B597,01-02-2013
14703,3141 Jabber Place,,Ballard,79,98107,0xE6100000010C420003C96ACF47401C7A59A239925EC0,865A5FEC-6992-4BB2-8775-DEDDE0855309,25-03-2014
14704,"368, avenue du Québec",,Paris,161,75012,0xE6100000010C92AEC4A8A07348408902DDB8E25E0340,6D40F6A0-EC52-4B0B-959E-FD64452EE9CA,21-12-2013
14705,Im Himmelsweg 89,,Erlangen,8,91054,0xE6100000010CDB9C290F0DCF48406099622825102640,780F7C22-D592-4784-9036-7508BEF6911C,20-01-2014
14706,566 Greer Ave,,London,14,W1V 5RN,0xE6100000010CCF607C4C6CC5494044F4E32F7C44C0BF,6DDC5247-D6A9-4081-B01E-B6A7036157A6,26-07-2013
14707,3574 East Lake Court,,St. Leonards,50,2065,0xE6100000010C449C3950D0E540C04258DD1B54E36240,4B7DA436-15FD-4AF8-9CD5-BA1C9DF51C96,29-09-2013
14708,7332 Arcadia Pl,,Oakland,9,94611,0xE6100000010C6D6C5CEE95E542409D36655211935EC0,5FFC6D83-7E9D-4138-8321-9C5FE594741F,30-09-2012
14709,8186 St. Michael Drive,#a,Findon,66,5023,0xE6100000010C77DA61BB117641C0EC523628634F6140,61215C21-054A-4606-A2E3-F84F9FAD1325,03-12-2011
14710,2033 Woodbury Place,,Burien,79,98168,0xE6100000010CB1BAA0EF70C54740814E4A0DAC9E5EC0,0C869C0D-D0A3-4C77-9202-DCCF8F2F70F7,01-09-2013
14711,5491 Martindale Drive,,West Covina,9,91791,0xE6100000010CD27F5A28400C41408E089220ED7C5DC0,478DA18D-8E7C-4B30-B275-17B339BF69AF,25-03-2014
14712,9896 White Dr,,Salem,58,97301,0xE6100000010C1A1677D204744640A16D7BED7DC25EC0,4DA0C572-AF91-471D-9185-2E6E841E5894,22-10-2013
14713,1465 Dover Drive,,Bremerton,79,98312,0xE6100000010CB5475E64BECA47402A18CB5D7FB65EC0,CCBF123C-2ABD-4B7B-89F0-E5DFCA406981,28-09-2011
14714,6264 Center Ave,,Everett,79,98201,0xE6100000010CE5C6CCA92BF94740B7FEBA2482955EC0,A7DB47E2-CEDD-41F5-B6AC-2EF18DC3000B,18-07-2013
14715,8268 Donald Dr,,Puyallup,79,98371,0xE6100000010C236A8AA7B59B474023FC905CA89C5EC0,D3AFC952-4CDF-4B1B-94D1-91F234557BC1,12-03-2014
14716,5934 Warmcastle Ct.,,Warrnambool,77,3280,0xE6100000010CE2C669A3A4FF42C0BA3F81CBD8C96140,1FF1ACCB-0E9D-4AD8-B88E-29688ED354A4,21-05-2014
14717,Roßstr 9938,,Frankfurt,19,60323,0xE6100000010C755664C607154940D0AF5D5AA0522140,806EBD09-787F-4EBD-824B-E7D1C411876D,08-01-2013
14718,2460 Tanager Court,,Cliffside,7,V8Y 1L1,0xE6100000010C53C6A65BAD454840545FB603B3D35EC0,5F384D30-179F-44F6-98F1-CD07EB4B4FE4,26-08-2013
14719,1992 Hidden Oak Ct,,Spokane,79,99202,0xE6100000010CDB4D119A8AD84740BA89BD65FE4C5DC0,5016BC9B-288C-40D5-AFB3-35320F9B9D6D,10-06-2012
14720,7159 Shell Circle,,Seattle,79,98104,0xE6100000010C89E681E8EBC547405F3EB2FC77975EC0,C161876C-488C-4921-B8D8-D3B357D98C7C,30-08-2013
14721,3494 Radar Blvd,,Darlinghurst,50,2010,0xE6100000010C29E465F512F640C067768E487DE26240,B367F08E-5D26-4C42-B87D-C9E034EB659A,27-06-2014
14722,1516 Redbird Lane,,York,14,YO15,0xE6100000010C96ABC7D1CFF34A40DBF9ECBEDF52F1BF,89ED156E-CA2D-4DDB-BAD1-8F913C657D71,01-03-2014
14723,6946 Ridge Circle,,Renton,79,98055,0xE6100000010C467F49712CB14740BA0D457CB4825EC0,75E3C600-25F0-4F61-A0DB-40C57D4C0B2C,13-11-2013
14724,5023 Scenic Avenue,,Bremerton,79,98312,0xE6100000010C819E2398A9D24740A9DE823336BB5EC0,96000DEC-9862-4B69-A925-C617F2FA40B3,16-11-2013
14725,661 Cardinal Dr,,Beaverton,58,97005,0xE6100000010C43C468E3B4B94640EDF507F1C6BC5EC0,D5430FCF-1270-4190-A207-1B2D06F49595,08-04-2014
14726,5064 Greendell Rd,,Milwaukie,58,97222,0xE6100000010C415D300774BD464013D7EC4BB8AC5EC0,CAC3E9D4-5308-47D4-953C-C3E18A13456C,05-05-2014
14727,6051 Bellows Ct,,Wollongong,50,2500,0xE6100000010C39652869712F41C04BBAAFDB3CDE6240,239D8788-5690-4B3A-9383-FD0DCB2967C9,11-10-2011
14728,16 Heron Ct.,,St. Leonards,50,2065,0xE6100000010CB0DF45C3BDEC40C0AC9E5ED6AEE76240,DC762919-7822-4266-A87D-A1B9D9EE3A70,07-08-2013
14729,6345 Fox Way,,Bellflower,9,90706,0xE6100000010CDA8B155BF3EB4040637DD9E8B27C5DC0,9A1C021B-3C48-479E-BDF8-01BF3B7890A6,09-07-2013
14730,7587 Providence Dr,,Kirkland,79,98033,0xE6100000010C83007479B9CE47409B092BAD64955EC0,C61235AE-DD17-4FF6-B1E7-8DD7F2875DD8,14-04-2014
14731,5230 E. 67th Street,,Hawthorne,64,4171,0xE6100000010C65EB35D3BF7C3BC0685CC2DAB81A6340,AB8D15EF-6591-4FAA-B836-9309068A0F32,05-11-2013
14732,Am Grossen Dern 4983,,Berlin,19,14129,0xE6100000010C7F0CD45D8E304A401462EC96E4652A40,8CF79FB8-3967-4258-86D2-1A5EA141DF9C,02-06-2014
14733,3128 Ramsey Circle,,Gold Coast,64,4217,0xE6100000010C56A0F0E943F73BC03E2EF0AC892D6340,98D7FAE1-1158-4012-AF41-16E71B3B8A9D,03-09-2013
14734,792 Myrtle Drive,,San Diego,9,92102,0xE6100000010C9C6F7F97EB594040CFEAC81331485DC0,04EB12C3-DB86-4505-BF96-BD2E951DD05B,24-04-2014
14735,6975 Olivera Road,,San Diego,9,92102,0xE6100000010C8EAD2A70E06140403B473A7A323F5DC0,74199146-D3B6-4684-866F-FE1A0C1DBF11,21-08-2013
14736,Helsenbergbogen 2,,Leipzig,53,4139,0xE6100000010C00000000000000000000000000000000,6FC0E976-01F6-4E08-BBA8-ACFDA9A0E7D8,23-09-2012
14737,3089 Hayes Court,,Langford,7,V9,0xE6100000010CDE900427EA3B4840B97C2D7849DF5EC0,13D15902-D986-4E4C-BB9E-BCD688C51BF5,31-12-2013
14738,"6, rue de Courtaboeuf",,Paris,161,75013,0xE6100000010C326FD1942768484011D6B0A2E8E80240,3EE8588C-55A9-4D7C-8CD9-313BDFE9FA7D,21-12-2013
14739,9784 Vine Lane,,Burien,79,98168,0xE6100000010CB1BAA0EF70C5474025488DF1529C5EC0,F5806FD1-6618-490B-AB6D-0B97BC2FB631,03-10-2013
14740,4839 Belle Dr,,Berkeley,9,94704,0xE6100000010CDB864DC632EA4240F5759220458C5EC0,3DACA485-D8CB-438F-9468-3AD40C4DCC1F,11-09-2011
14741,Lützowplatz 5752,,Münster,70,48001,0xE6100000010C00000000000000000000000000000000,490E3C53-72EE-4FB2-A9C8-1DCA7BD0776D,06-04-2014
14742,1207 Erie Dr,,Imperial Beach,9,91932,0xE6100000010C5CC28B46AB4A4040CCAA175594475DC0,69E1320E-38E1-4772-A869-8E0022241C15,09-02-2014
14743,5866 Harvard Court,,Redmond,79,98052,0xE6100000010CE32B969419E1474006124B65E3825EC0,A5A3B501-985A-44B7-8714-1321ABA7701C,27-05-2014
14744,2489 Driving Drive,,Santa Cruz,9,95062,0xE6100000010C55A7B8A8C08342403A55FFAA857F5EC0,F1166C81-29E1-4065-9B9C-C5DDD5FEF5B2,26-06-2014
14745,1135 W St.,,Cloverdale,66,6105,0xE6100000010CC3D1BC676CFF3FC02A6A2F0B35F35C40,719CC083-C907-4FE0-8AF9-FCEE75104524,01-09-2012
14746,7402 Oakgrove Rd,,Coronado,9,92118,0xE6100000010C5EFE8DDDB754404030D556356C4B5DC0,89C75898-FA49-4822-A28A-8FC8F0C52C6A,05-06-2014
14747,6934 Dos Encinas,,Royal Oak,7,V8X,0xE6100000010C93B06DFFF83A48401BFA7CE2B5DF5EC0,C4DDD5BB-10FF-4396-905E-B34D675C3993,06-04-2014
14748,631 Elliott Dr.,,Rockhampton,64,4700,0xE6100000010C07BC34A6195F37C0E0668C2768D46240,07DD4A2D-6078-4094-8322-14B816763FBE,29-08-2013
14749,2102 W. 35th Street,,Daly City,9,94015,0xE6100000010C84B51903B9D14240D2BFAD8322975EC0,8A87EE8F-2A66-424C-B673-2E9AF1BA0638,05-07-2013
14750,"66, rue de Cambrai",,Orleans,131,45000,0xE6100000010C1C41C84782F947406997A9C0B795FE3F,1936462A-1921-42FA-8398-CF204CE079F5,21-12-2013
14751,6703 Milburn Dr.,,St. Leonards,50,2065,0xE6100000010C01BEBF0947E940C017E5DF9009EC6240,E43D69E0-8F89-47D9-B7FC-C96989C7B4E8,15-12-2013
14752,1889 String Drive,,Oak Bay,7,V8P,0xE6100000010C96A8E115EF3A4840A0AB987394CF5EC0,8669B057-8A0E-4228-8D95-E60B1C723E9C,18-08-2013
14753,5613 Gary Drive,,Newcastle,50,2300,0xE6100000010C0B95B85C9F7040C0907747E21BF36240,A447FCEE-4918-4464-892C-9CFBDF2596B1,09-02-2012
14754,Herzogstr 2998,,Grevenbroich,8,41485,0xE6100000010C459EF94135964940C6C8EC16E8B11A40,DCF20B29-DFA4-4FD8-AFD6-73963C322BA5,16-10-2013
14755,9965 V. Street,,Langford,7,V9,0xE6100000010CF89EEB79BC424840B24D2660EADC5EC0,6ACFCA2C-CC27-41BE-95FE-F85D3E774825,06-10-2013
14756,2662 Limewood Place,,Lemon Grove,9,91945,0xE6100000010C71CA4C43085D4040C6A0F18302405DC0,3FADD537-6662-49F5-8E69-E7932113857C,05-05-2012
14757,Königsteiner Straße 750,,München,19,80074,0xE6100000010C00000000000000000000000000000000,EA6496CC-1D81-4337-89A1-D79D1EA8AAB1,16-10-2013
14758,994 Counting Drive,,Olympia,79,98501,0xE6100000010CF39F7257B385474040BC5B569CB55EC0,71F142D9-83C6-4FCD-8BDD-590771363E82,24-05-2012
14759,3944 Kingsford Dr,,Oakland,9,94611,0xE6100000010C6D6C5CEE95E542408EEAA09FB8905EC0,558EF84F-EE03-41FB-81A4-D23A8CEB229A,19-03-2014
14760,5625 7810th Avenue,,Rockhampton,64,4700,0xE6100000010C10706344805E37C0E0668C2768D46240,BC509214-8672-4AE5-898E-4F7B419C873A,03-11-2013
14761,2530 Spring Hill Road,,Burien,79,98168,0xE6100000010C0D4B3CC633D64740980737B9928A5EC0,3359D98F-BEAE-4F80-81F5-CEE6A3B5FD76,18-06-2014
14762,8389 Richard Ave.,,N. Vancouver,7,V7L 4J4,0xE6100000010CE1052959A5AD484080441EE2C1C15EC0,A7CD3C6A-E68A-42B2-A214-9BF4DCC4D78F,14-03-2014
14763,9884 S. Villa Way,,N. Vancouver,7,V7L 4J4,0xE6100000010C15BD5C35A7A148406286DA6C45C75EC0,D44E9B1A-689D-4781-AA2E-3A7D939BFB96,08-09-2013
14764,"8, avenue de Norvege",,Paris,161,75007,0xE6100000010CC1C9913C366448408C73FE361C7C0240,E5694B3F-89B7-4EB1-A2E0-95FE6C70EE1B,21-12-2013
14765,3344 Arguello Blvd.,,Tacoma,79,98403,0xE6100000010CD42E8E445DA0474065A36F984B995EC0,162B2BAD-E58E-4F4B-95CF-3B6ACA904481,22-04-2014
14766,Im Himmelsweg 26,,Saarlouis,70,66740,0xE6100000010CDEEAAA4939A748401A0749AEB5F71A40,5622C059-C9BA-4013-BE88-BA345CB6EC98,18-10-2013
14767,7748 Rambling Rose Ave,,Concord,9,94519,0xE6100000010C4A89B8678F004340FD9A19C223895EC0,6E49D75F-41DD-4532-9DCF-0753F455DBEA,21-09-2013
14768,1462 West Cliff Place,,Metchosin,7,V9,0xE6100000010C21D5194B5B31484080CE1DA07FEC5EC0,40E59F19-F102-44C4-B6C5-7B5B30DFA2D8,30-08-2013
14769,1106 Pine Creek Way,,Bracknell,14,RG12 8TB,0xE6100000010CC2DBF305C1BC49401B8E1F03EC32E8BF,029C4077-76FC-4E7D-B4CD-34F08101EC93,09-02-2014
14770,6120 Apple Court,,Hervey Bay,64,4655,0xE6100000010CB4CC98459E5339C0B336C5E352216340,5ECD6089-A2B0-4B74-B769-7960FC7BA2A4,04-05-2013
14771,2743 Veale Ave,,Chula Vista,9,91910,0xE6100000010CDA6D46E27A554040724B5C70203B5DC0,3AFC4449-D854-4BFC-9F9B-2D278EB944E3,23-05-2012
14772,313 Park Highlands,,Yakima,79,98901,0xE6100000010C98D8210389574740501D8E43E3105EC0,9ADE07B8-1A8B-4124-BC91-1C00B2871ED2,13-06-2014
14773,33 RiverRock Dr,,Concord,9,94519,0xE6100000010C6279F47CCEF7424054FE73152E775EC0,08710131-50EE-44CF-BA89-F93019912F44,12-12-2013
14774,7188 Viewpoint Ct,,Renton,79,98055,0xE6100000010C89EBABF87FBB47400E1B7EFC20935EC0,211C754E-5438-4DEA-918A-FE06F650ED28,28-03-2014
14775,950 Normal Ave.,,Melton,77,3337,0xE6100000010C66FD9D7FFBCF42C0A005C41AF50B6240,5E7537D5-AA7C-4A8C-B60F-79533B6C45B0,04-01-2014
14776,4798 Macaroon Drive,,Newport Beach,9,92625,0xE6100000010C30605B4C6AD34040FCB6D685D17F5DC0,99E7D577-FAD9-4CF7-AE7F-AA8F74ACB37A,29-03-2014
14777,2876 Morgan Territory Road,,Woodland Hills,9,91364,0xE6100000010CC798932C6A1141402F0F982CC5B15DC0,EB2B89EE-6C30-4E76-B0C6-4C8B318FF399,12-10-2013
14778,1248 Tanager Cir,,El Cajon,9,92020,0xE6100000010CDBA5043A1762404049E54BC3E7315DC0,510C4D07-5CDB-4B44-8F0D-CF2C9D87D116,01-10-2011
14779,Nollendorfplatz 518,,Braunschweig,53,38001,0xE6100000010C00000000000000000000000000000000,5D1CDBF1-4BC6-4E2B-A69A-8F874B22DE8D,13-08-2013
14780,2015 Bella Avenue,,Port Macquarie,50,2444,0xE6100000010CA5DDB97DCC693FC0F2FC86C8B71A6340,701EA808-2E64-4A78-BB93-93CD2BFCDFEE,02-11-2011
14781,5444 Bohon Circle,,Melbourne,77,3000,0xE6100000010C9D280A63D6ED42C09B03538325216240,77BE5EE3-EDD1-4334-88D4-6677080D8794,16-11-2011
14782,7616 Honey Court,,Newcastle,50,2300,0xE6100000010C9331DB9B357840C0D485208F14F46240,AC3A79A3-D25C-46BD-8999-8DD85578AD08,05-01-2013
14783,4625 Dos Encinas,,Beverly Hills,9,90210,0xE6100000010C1FFE9472D3104140221D485925995DC0,1C706044-EDF3-4189-809C-F90D26B5914F,03-09-2013
14784,6685 Norris Court,,Fremont,9,94536,0xE6100000010CCC41A69CBBC4424054D0677D728B5EC0,FACB0C80-0C4D-44DD-A72E-F3A2121CABAB,20-08-2012
14785,9889 Loveridge Circle,,Downey,9,90241,0xE6100000010C8F7972110FF540409228791E40895DC0,261F1142-EE7F-4C90-9410-CBAC27135FA2,25-01-2014
14786,"6, rue de la Cavalerie",,Paris,161,75003,0xE6100000010C4CC089598A6B48405FC490E77B660240,E61CA4CF-CC31-4573-8A1E-D1E9F5C75415,21-12-2013
14787,1386 Eastgate,,Torrance,9,90505,0xE6100000010CA794CDB03BE14040E146CF1E3C975DC0,2524DFFD-927C-4BA5-8BCF-C9C7C82C999A,01-12-2011
14788,4844 Spring Water St,,Downey,9,90241,0xE6100000010C0858337DD6F9404075958F05BD875DC0,12893B6E-A4DC-4A84-BBFD-BE1BA5EA2460,20-04-2014
14789,9249 Martin St,,Issaquah,79,98027,0xE6100000010CCD9FC9A29CBF47400DFA634460835EC0,BF15B459-DC3C-4DCF-8E64-D42D9F1B1D63,10-10-2013
14790,5617 Landing Dr,,Bellingham,79,98225,0xE6100000010C04B30C42BD6848406238915DF19C5EC0,C3C84C3B-712F-4941-B172-46E4DBE7FEE1,29-01-2012
14791,"65, rue Faubourg St Antoine",,Pantin,179,93500,0xE6100000010C9E7BA3379D6948406ED847CE87490340,5A0E25ED-D4F3-4F65-BA3A-6F67CF9DA4DC,21-12-2013
14792,277 South Royal Links,,Tacoma,79,98403,0xE6100000010C4D21E930869B4740D143B78806935EC0,4621C899-FB92-4F29-89DD-8FF83F7AC199,26-04-2014
14793,1227 Wesley Court,,London,14,SW19 3RU,0xE6100000010CAC45B0B5BBB84940EA36D2C9B99AB7BF,2F123B5D-63EF-4EC6-8F64-63C269E93BDB,25-11-2013
14794,"44, rue du Départ",,Cergy,181,95000,0xE6100000010C7DFC0CDD80804840BD1421CB777F0040,F8E404F9-6B1D-4D08-839B-D721850AC049,21-12-2013
14795,6899 Jacqueline Way,,Metchosin,7,V9,0xE6100000010CC2A1246B8B2A484080CE1DA07FEC5EC0,CFA09958-2494-4488-B561-12B65345D2A5,22-01-2012
14796,8890 Lake Place,,St. Leonards,50,2065,0xE6100000010C1BADFCAC8BE740C0F4040719F1DF6240,3057CCD0-38A2-4E2B-A29F-68FFC0A35FE5,24-07-2013
14797,1813 Cashew Ln,,Lebanon,58,97355,0xE6100000010CA8AE20C3BB484640ACCAE3812BB65EC0,C1FDB6ED-34EF-4663-84B6-34FE4A5C8E94,04-02-2014
14798,1345 Prospect Street,,Lakewood,9,90712,0xE6100000010C89A4A38679E940407692336836855DC0,E73E3044-2615-4ED0-AF82-7359B7D3D600,10-12-2013
14799,6512 Button Court,,El Cajon,9,92020,0xE6100000010CB13F7010166440400337DD3D21375DC0,8BA12DAC-D5E3-471A-9E16-3ED3A8B37603,13-08-2013
14800,6299 Elmonte Drive,,Novato,9,94947,0xE6100000010CBD031651E80A434020B7C6C34CAF5EC0,6FAD92A5-0569-43FC-9334-33E9495ACD3C,16-08-2011
14801,7398 Winter Lane,,London,14,W1X3SE,0xE6100000010CA7D59AF871C34940D098237E1149C0BF,C1986744-9967-4BD2-A68E-82395F43AA30,15-12-2012
14802,4376 Golf Club Road,,Redwood City,9,94063,0xE6100000010CAE5A48AD2EC242403981A29081895EC0,B34FA9BA-858F-4B91-B991-98545607DF3F,14-04-2012
14803,431 Riverside Drive,,Chula Vista,9,91910,0xE6100000010CB5AB5156B8514040A367B1939B4B5DC0,1DF8727D-AAED-402E-A7D1-A4B55E10BF73,17-10-2012
14804,Platz des Landtags 44,,Stuttgart,70,70511,0xE6100000010C00000000000000000000000000000000,99EDA6DB-95A6-4D4A-B06E-D2B94CD29B5B,30-06-2013
14805,4417 W. Watson Court,,Kirkland,79,98033,0xE6100000010CCF981B12FFD24740C9B687190C935EC0,1B1F5DF7-A1EA-471E-9368-40F22852E484,07-12-2013
14806,5404 Panoramic Ave,,Kirkby,14,KB9,0xE6100000010C95EF87215FC34A40E99D8B782C1D07C0,3AC2BE0B-FFA7-4360-863C-1262603E5DBF,13-01-2014
14807,8858 V. Street,,London,14,W1Y 3RA,0xE6100000010C619A928EE5B8494050740CD66647C0BF,E17BB580-8370-465A-AF8E-CDC73F294B24,13-03-2014
14808,8354 Sugar Valley Blv.,,National City,9,91950,0xE6100000010C65FDF3A92A5140401A0271DC9A495DC0,FBFC8776-67D0-4467-9CC6-DB52FF514290,22-08-2013
14809,6939 E. 7th Street,,Newport Beach,9,92625,0xE6100000010C08299925AFCE404037F9CEEC41755DC0,32447702-25FC-457A-98C8-67FA257869EB,17-12-2013
14810,3987 Spring Water St.,,Cedar Park,73,78613,0xE6100000010C79969BA87E7A3E40AA6B4917F77358C0,163AF1D0-935B-4890-A7A8-B84A42FB3EDF,09-10-2013
14811,1334 Appalachian Drive,,Chula Vista,9,91910,0xE6100000010CD89F61D5E55540400110C1AB1E415DC0,8A1A1A87-1BD5-4E9D-B237-FD210E6FD33E,14-03-2014
14812,144 Cast Street,,Los Angeles,9,90012,0xE6100000010CF636E4F4F4014140FC7A53CBC5925DC0,23FE015A-2934-4112-8CF6-44A17E17E2A5,11-03-2014
14813,1510 Bidwell Street,,London,14,W10 6BL,0xE6100000010C4EC5BF4354C24940CA250E115A0DAEBF,F17123F5-A8C4-4028-846D-4E1428DE3BC6,19-02-2014
14814,1640 West Way,,Marysville,79,98270,0xE6100000010CA74E1FE535074840E7B8547B988C5EC0,16D9ABD3-37C5-488D-A39A-1E1259514261,20-05-2014
14815,7753 Lunar Lane,,Port Hammond,7,V6B 3P7,0xE6100000010CF02748B48DA84840DA088CDF72BE5EC0,8FCC02CC-9283-4201-802E-8C4401582687,27-10-2013
14816,2461 Prancing Drive,,Beaverton,58,97005,0xE6100000010CB41AF6D51FB946402BB0F9BE0FB85EC0,088631AE-D510-4EAC-88B7-CF39BE0AFA1B,14-08-2013
14817,9503 Clark Creek Lane,,Daly City,9,94015,0xE6100000010C65EC07675EDB4240D2BFAD8322975EC0,C5EFFFD5-BE8E-4949-BD93-B138B081876B,11-04-2014
14818,"281, rue de Varenne",,Tremblay-en-France,179,93290,0xE6100000010CFB0ABD95448248401814BF09A3730440,1C531B49-98B0-4AAA-A0F7-512770D020C1,21-12-2013
14819,5871 Brown Drive,,Yakima,79,98901,0xE6100000010C3182F86DCD4947407ED49EA1FB1D5EC0,30DF69A9-F75E-4E14-A7ED-25AC34A27DB7,19-11-2013
14820,3067 Maya,,Coffs Harbour,50,2450,0xE6100000010C85A0810DEE203EC05B60A8FAFA1D6340,BAB8AB49-D993-4E97-8837-FE8A750DF95D,28-10-2013
14821,531 Leisure Lane,,Spring Valley,9,91977,0xE6100000010C0B35DD4DFF5E4040D94362078A395DC0,31B98038-A624-4CAF-9B55-91A94FB12439,17-11-2013
14822,3648 ViewPoint Court,,Caloundra,64,4551,0xE6100000010CC1FFAAF70ACA3AC0F6EA9072911D6340,3422F930-0E39-4DA7-A7A5-2F82CFAA7119,30-07-2012
14823,Parkstr 4852,,Hannover,53,30601,0xE6100000010CD2D94BF0C4334A40359ED0D65F4D2340,B8E27304-DE1A-47A3-A545-FD4AB742366E,15-11-2013
14824,Unter Linden 924,,Frankfurt am Main,70,60075,0xE6100000010C00000000000000000000000000000000,B00E4925-9F40-4C90-BE5D-A13B7997415C,01-09-2013
14825,3854 Perry Way,,London,14,W10 6BL,0xE6100000010C5C2E32F858BE49408D835B4CD708CCBF,47C8C978-56D9-4D16-952E-04E0A1BEB42C,10-02-2013
14826,2785 Terrace Dr.,,Geelong,77,3220,0xE6100000010C5081EAB4111A43C0882AE26DFD056240,2110D1DF-1E1F-466B-BF2C-3652EF802E05,18-12-2012
14827,9407 StandingView Dr. Ave,,Darlinghurst,50,2010,0xE6100000010CD5C1A0CA09F340C0111B90C52AEC6240,4FE7C972-3816-4D7F-814E-35C78E9E036A,10-09-2011
14828,7153 Bellord Ct,# 18,Berkeley,9,94704,0xE6100000010C9DAE7A5D97ED4240CBBDC5A15B885EC0,1C3A7684-BAF4-4226-9248-CAB8386C13AE,10-05-2014
14829,Reiherweg 5,,Frankfurt,19,60323,0xE6100000010C35FA4E547B0949405F7CB7F5134F2140,47206DC1-4732-4935-980B-DE18B0A768F7,23-01-2013
14830,5025 North Star Dr,,Bellflower,9,90706,0xE6100000010CD23E694D84EB40402547AF42168E5DC0,3085EA8F-68C9-4ACA-8BA7-17112F8501C6,20-09-2011
14831,9208 West Rd,Unit E1,Marysville,79,98270,0xE6100000010CBE15A71499FE47404EB0547216805EC0,10CB5BFE-99C5-4B9F-AD2B-5832CC616221,08-02-2013
14832,8452 Green Street,,Burlingame,9,94010,0xE6100000010C88133C7314CE42403F727BAA518C5EC0,855DEA46-9C9F-4A56-B20A-246A96B4FEBC,17-02-2014
14833,5602 Dancing Road,,North Ryde,50,2113,0xE6100000010CBCC910EB01E540C0A5E9E66671DE6240,7F33205D-48D1-41C0-A3A7-F668ED81CBEE,12-02-2014
14834,Postfach 99 01 01,,Bonn,53,53131,0xE6100000010C32B5888BF15549404B2AB99EF5651C40,D15FD375-A89F-44DC-B3C6-508E7D20B0B3,20-11-2013
14835,4630 Adobe Dr,,Seattle,79,98104,0xE6100000010C335194D7F7C84740899A4C1D629B5EC0,04742B71-F6AE-4146-B1DA-3766FC5D1AE2,29-05-2014
14836,3378 Coldwater Drive,,Berkeley,9,94704,0xE6100000010CD5A0DDB387EF4240CBBDC5A15B885EC0,01F5D1B9-08AB-454D-9A17-6D1684BA1ACD,08-02-2014
14837,5766 Newcastle Road,,Burlingame,9,94010,0xE6100000010C3464E964C0C942403F35112DEF945EC0,7A4AD954-6262-42F3-A741-63FF96C4251D,05-02-2012
14838,Charlottenstr 844,,Ingolstadt,8,85049,0xE6100000010C79066342C6694840E2315709E9B72640,DF254102-23C7-4820-AE4A-6A9F0668C8BA,15-08-2013
14839,3883 Pheasant Ct.,,Newcastle,50,2300,0xE6100000010C1ECA8C89D87C40C05DF0DA8B9FF26240,9262BEA3-745F-42E8-975D-93398D9F2F00,01-03-2014
14840,4660 Cape Cod Way,,Woodland Hills,9,91364,0xE6100000010C2B6F0B5739164140DD8425092EAA5DC0,CD63D495-18E9-4325-8721-6735DC07EB50,30-04-2014
14841,5901 May Rd,,Oak Bay,7,V8P,0xE6100000010C90CD1A742C3C4840BC53E60F7AC85EC0,14D35B28-AD98-445B-BD6C-52EFAF9F2FE9,11-08-2013
14842,9105 Jacobsen Street,,Imperial Beach,9,91932,0xE6100000010C0B7CF5C92A484040962B1F3854485DC0,2F9C6441-AD60-4D99-80EC-127087858AB9,11-04-2012
14843,8829 Northstar Drive,,Bremerton,79,98312,0xE6100000010CF505147422CA474000D68D16EDB45EC0,322FC817-5DDA-44CB-9EFA-F3C2259A740C,09-03-2014
14844,602 Columbia River Ct,,Imperial Beach,9,91932,0xE6100000010C6523FA05164B4040F9B26233134F5DC0,E9BD51B4-19C7-4E48-9199-A729CF5269D0,23-10-2013
14845,4060 Roundtree Court,,Gateshead,14,GA10,0xE6100000010CF2BFEC7B3B7F4B4025D9535E0E9EF9BF,5FC6617C-3FFE-482D-BCA3-21F81403CD93,09-01-2013
14846,5974 N St.,,Rhodes,50,2138,0xE6100000010C1C16A31B7FE740C00F8550E2BBE46240,58F195D7-8DB1-4D90-84B5-7E11A287B6AF,24-09-2013
14847,4833 Heather Pl,,Issaquah,79,98027,0xE6100000010C3994284C65BE47407BC58AE1B7855EC0,8D088099-4FB3-4C70-9AF8-E16ADE5E20BD,29-04-2014
14848,"21, rue du Puits Dixme",,Metz,143,57000,0xE6100000010CCD1A3EF9BA944840A8290E1345B51840,3CC699D7-7F0D-4265-B6F7-620C108551F9,21-12-2013
14849,"67, rue des Berges",,Orleans,131,45000,0xE6100000010CA860E94093FC4740D0022DF6E49FFE3F,56D52B8D-7AAB-4213-A440-E7B41F9965F4,21-12-2013
14850,6115 Glenside Court,,Concord,9,94519,0xE6100000010C915CA025B80243405ED28B0EF3855EC0,B7606740-69A9-420A-B787-0DCC382E01B0,30-11-2013
14851,1029 Birchwood Dr,,Olympia,79,98501,0xE6100000010C5E4D2DCF137C4740F576BBB309B45EC0,680144B1-AC3B-4146-AA3D-75E000660E46,02-11-2013
14852,7905 Nottingham Place,,Woodburn,58,97071,0xE6100000010CF82F6CC46F90464061A4D853C5BF5EC0,00B03F21-DABD-47E0-B482-1B01F2AE5816,21-11-2013
14853,Am Karlshof 8368,Verkaufsabteilung,Berlin,53,14197,0xE6100000010C0DA030A73F414A404F21744CAC9B2A40,82684E9B-5F27-4444-8FF1-C174BEFF15FF,08-07-2013
14854,Alderweg 500,,Kassel,19,34117,0xE6100000010C29FAC1915AB0494006C6554F4EF92240,DF02DF24-73D1-43F8-9EFC-063519BABC27,04-08-2013
14855,5515 West Bouncing Rd,,Bellflower,9,90706,0xE6100000010C2A5F95BE3AF74040FF13BE2F938C5DC0,61F4FE88-B1E6-461D-A6E8-C3BF90B531E2,25-03-2014
14856,3592 Ambush Dr.,,Downey,9,90241,0xE6100000010C12B28AB545FA4040D8751F824C8F5DC0,A4EAB715-D796-49AD-8887-9D2997758893,16-10-2013
14857,3633 Stratton Circle,,Beverly Hills,9,90210,0xE6100000010CD0029AF9B2114140515D119507A65DC0,D2E8966D-E4D4-40D1-ACC2-E74258BD8446,18-02-2014
14858,4620 Mountain Spring Road,,Lemon Grove,9,91945,0xE6100000010C96730610E662404074A634C3433C5DC0,4698FDDC-666B-46CE-BFD2-15B88BC5E9F5,27-11-2013
14859,4914 Sierra Drive,,Sooke,7,V0,0xE6100000010C5F1BD94E512B48408C6DD76D4CE55EC0,51635B98-C287-4BF4-A5A6-B5D3F26A581E,02-10-2013
14860,7439 Laguna Niguel,,Coffs Harbour,50,2450,0xE6100000010C6D6F3404D32E3EC0088249A0F51E6340,AE63A460-4B2A-4077-A560-B058DDE96264,18-01-2014
14861,6155 Vista Oak Dr,,Bendigo,77,3550,0xE6100000010CF0BAFB47515B42C0F211B42B5F0F6240,2DF81FBC-6C37-41B2-9F52-F600EE7360F5,25-09-2013
14862,1833 Olympic Drive,,Wollongong,50,2500,0xE6100000010CFD5CB81AB23841C0827AA4647AD76240,BAB55618-6444-4953-BE1C-60BC1588D654,07-09-2011
14863,9359 Smiling Tree Court,,Burbank,9,91502,0xE6100000010C41B6D9A7751D41406227D22C56955DC0,EA1AAEAC-0FFC-449B-99B7-11EFB8EA822C,20-05-2013
14864,856 Summit View Dr,,Burbank,9,91502,0xE6100000010CE73147B155174140E9E3F54D09905DC0,062220B3-21BD-41AF-BC35-A45A33251542,26-10-2013
14865,6969 Hobby Court,,Marysville,79,98270,0xE6100000010C908797B5D20F48404EB0547216805EC0,219344CF-17D0-4800-923C-1AFC08466B0F,18-08-2013
14866,230 Daisy Way,,Brisbane,64,4000,0xE6100000010C68424B8CCF733BC08A516A3B5C196340,07570B90-D7FB-45AF-9AD4-F54D47C7F3CD,06-07-2011
14867,994 Counting Drive,,Townsville,64,4810,0xE6100000010C2AE751B1EC3C33C04BE8CF67DE506240,772264BA-AF07-439B-B9FE-9ED1E009BF37,28-04-2013
14868,8719 St. Peter Court,,El Cajon,9,92020,0xE6100000010C217D133991614040F46D6AF462335DC0,0756F472-95DF-4EFC-9F68-9FC534F35DAD,12-05-2014
14869,5087 Pastime Drive,,Langford,7,V9,0xE6100000010CBD1C1688C030484084C39A1D31E75EC0,796DCEAB-2880-4B42-8704-2ABC6BE10C96,18-08-2013
14870,9748 Sutherland Dr,,Melton,77,3337,0xE6100000010C5DE51184D5D342C0FD600C1D60196240,35B1BD80-6384-4874-AD0E-7AB430002949,03-07-2013
14871,Postfach 8 11 99,,Eilenburg,85,4838,0xE6100000010C929DB68D98C649408F4253D8945D2940,156104AB-057F-47D7-B6CD-2EBA3E3AE94A,29-11-2013
14872,9746 Hill Ct,,Stoke-on-Trent,14,AS23,0xE6100000010C86C53D08E68B4A4073CB01300A6301C0,B691C80D-ECAD-41EC-B23B-E1CDD2C6D107,10-08-2013
14873,2529 Terrace Dr,#5,Runcorn,14,TY31,0xE6100000010CF7EE4F8A89B44A40B54C578A0CA605C0,6799DA8E-576D-4DBE-8A9D-86BDC60ACCC0,02-11-2013
14874,7086 O St.,,London,14,EC1R 0DU,0xE6100000010C60DB3F48EEC24940BC8BC2E2CA1FBBBF,7BC9024F-2169-43C1-AB38-C7BEF2AA160D,06-10-2013
14875,2061 Hill Dr,,Sedro Woolley,79,98284,0xE6100000010CFD2A2E79064148404F40D5D8F97D5EC0,A51F82B4-2E4B-4B11-B4D5-4519900DD5EA,13-03-2013
14876,Celler Weg 321,,Ingolstadt,8,85049,0xE6100000010C1F1BF064886348402ADFC60EAFB22640,C19D6DD4-9115-4CBC-8249-246AF1433C34,07-09-2013
14877,6752 Covington Court,,Bellflower,9,90706,0xE6100000010C638ED0E349F04040D24754934E8A5DC0,33745C79-3EA4-473D-9DB5-B743217F7C34,17-03-2012
14878,7015 Riverview Place,,W. Linn,58,97068,0xE6100000010C07A9A9E56BAB46403254185818AE5EC0,22F5307C-9B47-48FB-930F-DF6C85C4EB8A,04-10-2013
14879,5092 Second Street,,Woodburn,58,97071,0xE6100000010C46D01E74D1934640A215CBA2C8BB5EC0,EC552114-EB13-4640-8AB8-AB604C740E19,15-11-2011
14880,7788 Olive St,,Spokane,79,99202,0xE6100000010C67EC2A44A9D34740CDFB19B6BE4D5DC0,2AFF05E6-4AD6-4418-8D33-EFB7910A82DB,15-11-2013
14881,6120 Vine Maple Street,,San Gabriel,9,91776,0xE6100000010C080E9A362C0D4140D3074054A18B5DC0,F2A8D0EC-876B-46E2-8EAB-65FD0C209347,12-10-2013
14882,969 Standing Grove Dr.,,Milsons Point,50,2061,0xE6100000010CDDB41CC7D3EC40C06C89BC287BE26240,24B56EE8-0353-4C5A-B2D6-F2972109FE63,31-10-2012
14883,9070 Muir Road,,Vancouver,7,V7L 4J4,0xE6100000010CCBF674CB48A24840D3D7897AE8C45EC0,DD2298DE-62B1-4EF1-9F02-D10969D570EE,08-11-2013
14884,7656 Ramsey Circle,,Edmonds,79,98020,0xE6100000010C1DA9BB305DE347405AF9A0B1DF9B5EC0,F0C9D3FD-35F2-497D-922B-7005E941EB03,05-04-2014
14885,861 Napa Ct.,,Paris,161,75007,0xE6100000010C714A7F42F871484058082264BD820240,DDD06F8C-4D34-4544-A96F-EE75005D1651,21-12-2013
14886,5955 Colfax Street,,Findon,66,5023,0xE6100000010C72A726804D7841C04FE6095209566140,29E8770D-A67B-4A29-8A0E-D3CBF9DEA975,18-07-2013
14887,Hunzinger Allee 193,,Erlangen,8,91054,0xE6100000010CDB9C290F0DCF484080717F4788132640,A35EBD0E-F38C-44F6-8A66-E9F28448F3B2,20-10-2013
14888,8470 Cliffside Drive,,Chula Vista,9,91910,0xE6100000010CA1E3E4890C504040AF3BB91F5D465DC0,52D35E3C-FE17-4BDA-A89F-15B5E2802358,28-05-2013
14889,Waldstr 9,,Eilenburg,85,4838,0xE6100000010C7FEF0CBD0CBC494029DBC34F09592940,96D7F21C-3C4C-4935-9724-263DCCFE4048,04-01-2012
14890,6457 Appalachian Dr.,,Burbank,9,91502,0xE6100000010C6669EEAF351841404B2999875D985DC0,66A69D5B-2FF9-4F15-AA3C-F46FEF6A5CF5,12-03-2013
14891,220 N Ridgewood Drive,,Bellflower,9,90706,0xE6100000010C4D4124D6DAEF40405E7BEAF609885DC0,98EFC464-D9B7-4A98-BA2C-4FE845FB3CED,21-04-2013
14892,6588 St George Dr,,Vancouver,7,V7L 4J4,0xE6100000010CCF717F3E3AA94840256BF5120FC85EC0,ADB14C0F-8D65-4549-AC7A-F594757FC3A6,05-01-2014
14893,Königsteiner Straße 641,,Saarlouis,70,66740,0xE6100000010C71F83149A69F484072856E55D6041B40,B5C17E5E-2D18-493B-8C54-CDCAABE1F90A,24-11-2013
14894,"44, rue Saint-Lazare",,Paris La Defense,178,92081,0xE6100000010C00000000000000000000000000000000,F4AC7AED-8728-4841-81E3-ADD87978CFAE,21-12-2013
14895,"80811, rue de Varenne",,Colombes,178,92700,0xE6100000010C2E4D227AB87148408DDF33B0B7FB0140,0173F613-A0E4-4CD3-B749-B4F28F90BA10,21-12-2013
14896,1247 Violet Ct,,Geelong,77,3220,0xE6100000010C2B77856D351443C035A724EBC2086240,AEC20330-7C61-43C7-A270-BE4B7CD8C1FA,16-07-2013
14897,3153 Glaze Ct,,Caloundra,64,4551,0xE6100000010CCC4B1499D0C13AC0FBAB7620DB276340,4A5F551F-5C50-4BE0-AA07-5D5106CAEDC0,21-07-2013
14898,6516 Beauer Lane,,Lancaster,14,LA1 1LN,0xE6100000010C87CB1FA98EFE4A40D6C617691E7506C0,7E961CCF-3DFC-40C3-A5C0-1153EB197A49,21-07-2011
14899,4681 Holiday Hills,,Springwood,50,2777,0xE6100000010C7BE06ECBBAD940C096DE657755CE6240,008C2D26-3BD4-4807-AF7A-D57DD1B430CA,15-01-2012
14900,7869 Sea Point Way,,West Covina,9,91791,0xE6100000010C9E7728CC38024140426FC3AF78845DC0,7BCF7FA6-47F8-45C4-8ED1-8C247E898223,14-03-2014
14901,Lützowplatz 5928,,Hof,8,95010,0xE6100000010C61EAB529B42D49409334594E49DB2740,72C1306F-839A-4981-AD3D-3CC0CA76A80E,08-10-2013
14902,Im Himmelsweg 27,,Neunkirchen,70,66578,0xE6100000010C8E2F09EB34B748400AB65C1C497C1C40,048D315D-3C2D-4882-8682-82F2108DDC7B,27-12-2013
14903,2315 B Way,,Lemon Grove,9,91945,0xE6100000010C96730610E6624040BCDA0E03843B5DC0,69516EF1-28A6-4A61-8557-81C27BC8BB9D,18-09-2011
14904,Altendorfer Straße 99,,Mühlheim,20,63151,0xE6100000010C00000000000000000000000000000000,5868E5E7-A9F9-4DAC-8C37-EC9575C14ED7,19-06-2014
14905,"22, rue de l'Espace De Schengen",,Metz,143,57000,0xE6100000010CDB2F4A20728E48403B2418A855BA1840,F9BD6079-082E-422C-BFCF-A852305D958C,21-12-2013
14906,Lützowplatz 5538,,Braunschweig,53,38001,0xE6100000010C00000000000000000000000000000000,FB0F0238-5534-409C-A72A-E41BA79FEC65,16-06-2014
14907,8002 Crane Court,,Spring Valley,9,91977,0xE6100000010C31C3B0C8826140407DCC1C59CA385DC0,A721BD28-963C-4ECA-872D-3100981042CD,01-10-2013
14908,8042 StandingView Dr.,,La Jolla,9,92806,0xE6100000010C62A5A5965DE840403CCBAEEA50775DC0,B4917AFB-1455-49CA-8B45-695BE0BDA662,05-03-2012
14909,"110, boulevard Beau Marchais",,Gateshead,14,GA10,0xE6100000010CF2BFEC7B3B7F4B400A78674AFEA1F9BF,3B11BABD-C42D-460F-AA7D-F9A9ECF9CAB2,08-09-2011
14910,2660 St George Dr,,London,14,W1V 5RN,0xE6100000010CFA92510194B749401662D8DBA643C0BF,E68022E6-AC1E-4964-9C80-042BE339FD9B,16-01-2014
14911,6374 Roundtree Drive,,Bellingham,79,98225,0xE6100000010C75DD7A7F1D684840C27C7E0337A35EC0,A2C8A3BB-AC60-431B-8D3C-F0BCAA9E5795,18-12-2013
14912,9324 Youngsdale Drive,,Newport Beach,9,92625,0xE6100000010C20CF69BAF6CC404023E5674B4F7E5DC0,58B0D4AF-FDA6-4EC7-91FE-FB638EC87D70,04-04-2014
14913,Midi-Couleurs,,Saint Germain en Laye,164,78100,0xE6100000010C8B606189BB7E484008AE7FDE9BD10040,37D8BEC6-971A-4F98-92E0-FAC7D0F36248,21-12-2013
14914,4179 Green St.,,W. York,14,BD1 4SJ,0xE6100000010C496113D5D4E24A405F489CBE24EFFBBF,3D50E60B-C771-475D-80F8-01061B80E522,26-07-2011
14915,"222, rue de Cambrai",,Pantin,179,93500,0xE6100000010C053EA135E3794840E7E4507E09490340,638B6719-4EC8-4044-AFB8-51E224BD8154,21-12-2013
14916,7914 H St.,#9,Bremerton,79,98312,0xE6100000010C2F8229E04DBF474047B4B7BCD5A05EC0,5641CD97-12B3-4A8F-832F-8742FAC66E28,08-01-2014
14917,3770 Dos Encinas,,Warrnambool,77,3280,0xE6100000010C3805F8E79D0043C0D90A2CC23ED56140,41EC465B-9726-48D3-9545-E39915EE30C8,10-05-2013
14918,Hansaallee 482,,Werne,53,59368,0xE6100000010C12FACC05CFD8494060F0090A86751E40,C205A715-DB31-4FF3-9DC2-8F1B3608CC9D,01-09-2013
14919,8724 String Drive,,Shawnee,7,V9B 2C3,0xE6100000010CB823156AD63D48401BF2107944DA5EC0,B5C0977A-A25A-4910-B7A0-91CDD33175B2,14-05-2014
14920,"334, rue Maillard",,Paris,161,75005,0xE6100000010C759FD00C91714840830EB4218B100340,37A3CE80-489D-4315-B63B-85D2D8CBE706,21-12-2013
14921,311 Oakgrove Rd,,Oregon City,58,97045,0xE6100000010C0DAC5A00E9A7464034B97C52A79E5EC0,BEAF1881-07B4-4B54-B4DD-AB445357884E,19-08-2013
14922,6679 Cornelius Dr,,Seattle,79,98104,0xE6100000010C8726B9B50FCF47408EEE60B0999A5EC0,DCFB68D4-AF66-427E-930E-FA652D7BA57F,19-02-2012
14923,8682 Etcheverry Dr,,Salem,58,97301,0xE6100000010CC8E555054B724640E052089D00C85EC0,1573D05C-ADAC-461A-82A6-D5DA372273CB,23-05-2014
14924,7960 Cedar Pointe Loop,,Burlingame,9,94010,0xE6100000010C26F571DE7FC342405F166CAB738F5EC0,294811C8-814B-4476-9656-510A8FA7A3EF,09-07-2013
14925,867 La Orinda Place,,Runcorn,14,TY31,0xE6100000010C6153688058AC4A40362F3C7162A405C0,0A694EA6-F51F-4C7E-8C9F-98503F82F8B2,05-07-2013
14926,2874 Via Del Verdes,,Marysville,79,98270,0xE6100000010C39B4778A710048406AB174B3A6815EC0,3E95FE09-A213-4A22-B8FC-63AD615FE444,03-07-2013
14927,7202 Sun View Court,,Lane Cove,50,1597,0xE6100000010C0DBDDCC3C3EE40C08D195DCEE1E56240,17D596E6-5694-4F36-B3BA-99DC188203B2,28-11-2011
14928,2406 Kane Circle,,W. Linn,58,97068,0xE6100000010CE5223250F0A746406750ED7F3EA65EC0,D9AF89F2-C0C0-4A1D-9493-2E105AF32286,05-05-2014
14929,7573 Star Dr,#5188,Shawnee,7,V9B 2C3,0xE6100000010C6ECDEDF9F42E4840B2AF631BD9DB5EC0,603AA915-3CB8-425D-8EC1-BBA68735DAAF,19-01-2012
14930,Im Himmelsweg 27,,München,19,80074,0xE6100000010C00000000000000000000000000000000,DB1A50A5-BEF1-4F0D-99F8-F19770272E3C,25-11-2012
14931,7360 San Benito Drive,,San Gabriel,9,91776,0xE6100000010C09D3DE785F084140886BEA50248D5DC0,02E5996D-153A-4C8B-9033-A0D2651AA6F9,07-05-2014
14932,5437 Spring Hill Road,,Bellflower,9,90706,0xE6100000010CDE908B6CA0F4404033460AF2DD915DC0,13B940C3-C3D7-4E85-B43B-B7B7344B8A1A,21-04-2012
14933,8310 MountainAire Pkwy.,,Gold Coast,64,4217,0xE6100000010C7C8839592F093CC06E2D02010C2D6340,EC15BCD5-EE7B-4CC2-B40D-FB5D9F5DB512,07-07-2011
14934,5478 Hill Ct,,San Carlos,9,94070,0xE6100000010C1737619042C04240A8A85D5EA4995EC0,DE5608CA-993A-4A3D-96BF-A03178BB029D,22-04-2014
14935,6465 Brushcreek Dr,,National City,9,91950,0xE6100000010CEBB0B38E545040403EB6BA88DD3C5DC0,1C5175B7-7FBB-4B90-91E3-2136ABB54C3E,07-10-2013
14936,3499 Parkway Drive,Apt. A,Matraville,50,2036,0xE6100000010CAA4FCF6960FE40C001BC54BD8EE86240,E4F872D4-5C87-483A-B553-D037ACD423BD,15-08-2012
14937,Residenz Straße 744,,Münster,70,48001,0xE6100000010C00000000000000000000000000000000,052B5FB8-167D-45D3-BEAA-BBA86FA19E0E,09-03-2014
14938,8836 D Bel Air Drive,,Bellingham,79,98225,0xE6100000010CE25CC5373E6648402C451F213D985EC0,C2DF1BC1-2EEC-458C-9F16-B11FF08B210C,31-03-2014
14939,6759 Greenbrier Street,,Oak Bay,7,V8P,0xE6100000010CE1CA8AE07E334840982C114693DE5EC0,9CB84EDF-89C2-4A64-A7B1-D0E8514EAE41,25-12-2013
14940,8001 Roosevelt Avenue,,Sunbury,77,3429,0xE6100000010CFB0BEAF7BEC442C04219EED8BB176240,77AD5053-843C-4A6F-8EC2-1F11ABDF629D,02-01-2014
14941,7256 St. Paul Circle,,Gold Coast,64,4217,0xE6100000010CAE013EDFBB023CC0642692A11E296340,DE32F113-F825-4723-86E9-D2049EF9F92B,22-09-2012
14942,9940 Northwood Dr.,,Bendigo,77,3550,0xE6100000010C9028054E8D5F42C091CF27A5E7026240,6597A5BF-7E8B-4129-A73C-66CC3079B20C,11-07-2012
14943,8815 Wildberry Court,,Oakland,9,94611,0xE6100000010CE3EE3C7675E94240437F26101E885EC0,E883AB44-7B31-40C2-9FE8-6B6C0F3A9B73,26-06-2012
14944,5863 J St.,,Bremerton,79,98312,0xE6100000010C6D9C390378C24740244C0666BCB55EC0,D00C9293-A2FA-4C60-ABA9-CF64C4E0AA52,21-08-2013
14945,6933 Sutton Circle,,Oak Bay,7,V8P,0xE6100000010C69178D30A73E48408CF50D260ECA5EC0,4F86A87A-EED6-4387-9E56-3687C0DE7B5A,05-07-2013
14946,3162 Aspect Dr,,Sydney,50,1002,0xE6100000010C65BF40AE5AE940C02360E617F3EB6240,4460D2FA-28AB-4D50-8245-434E75233FAD,22-05-2012
14947,1592 Working Drive,,Metchosin,7,V9,0xE6100000010C12D57B9F422E48402B81C83DE5DB5EC0,64550C8C-B75E-46EB-927B-7291D623BCCE,12-06-2013
14948,8214 South Lake Drive,,Grossmont,9,91941,0xE6100000010C538DCEB03E5E4040B5CC7533C44A5DC0,3A087FEE-C2A8-4339-A2BD-E1DB37090E9C,06-11-2013
14949,3128 Morgan Territory Rd,,Haney,7,V2W 1W2,0xE6100000010CE4685B62A28E48404F37EE364F985EC0,0D23A57F-EB80-492B-A23B-23B72F5183C5,19-02-2012
14950,2660 St George Dr,,Port Orchard,79,98366,0xE6100000010CD50E794571CB4740116E8D4AE19E5EC0,ED87F419-281D-4196-B010-4FF9F008BEAA,11-08-2012
14951,7827 11th,,Coronado,9,92118,0xE6100000010C2F1952506456404028F06357AC445DC0,321D0DBA-3DF2-43B5-9AF9-937FC690912A,30-06-2014
14952,1789 Birchwood Dr.,,Bellingham,79,98225,0xE6100000010CC9BD56C8306B4840718A5A66059B5EC0,66912BEA-3A18-4A6F-99AB-38D93B0808BC,27-05-2014
14953,7614 Inez Ave,,Kirkland,79,98033,0xE6100000010C6A1B6270A8D64740B35CCE40BD975EC0,518FC35E-5EC6-4322-837A-7DD84089EB8E,25-06-2014
14954,Am Kreuz 4095,Verkaufsabteilung,Berlin,70,14197,0xE6100000010CEC359F9CD4354A40889B2B8DE5A52A40,F867844B-93A9-40FB-93E3-6DC83124ADC4,17-12-2013
14955,4298 Chestnut Ave.,,Lavender Bay,50,2060,0xE6100000010C99D2B6A81DEC40C03FB5D5876DE86240,7AD328E1-51AD-4899-A55D-73C259DBB469,10-10-2011
14956,"99, rue du Départ",,Saint Germain en Laye,164,78100,0xE6100000010C8B606189BB7E484003D0060973CC0040,D77738B6-3285-476C-B570-E13890A324E0,21-12-2013
14957,8096 West M Street,,Springwood,50,2777,0xE6100000010CCD10435FB1D340C0E25C8251E3CC6240,73E44E78-7332-4ED3-BF0A-6272798B41AE,19-05-2013
14958,5691 Lexington Road,,Milwaukie,58,97222,0xE6100000010C618146E1E1BC46406B29D1EF6AAB5EC0,CF5D3BBD-1882-45AC-92E1-8B236DEFB6A2,10-04-2013
14959,8387 B Way,,Edmonds,79,98020,0xE6100000010CC11EDBE208E7474020D670B60A945EC0,BD6EB1A4-1403-4C94-9181-8E7462E8BEC9,12-02-2014
14960,6719 Santa Teresa Dr,# 1117,Santa Monica,9,90401,0xE6100000010CEA596C6E9B05414024468F0C6BA05DC0,8421A4A1-ED18-4FDF-BCE6-E8F1E24555AB,05-04-2014
14961,9669 Vista Court,,San Francisco,9,94109,0xE6100000010C452236B341E04240FCA1398FEE915EC0,27A8E65B-2F2D-49D3-A80D-48C6AC196E49,07-01-2014
14962,Moritzstr 4500,,Erlangen,8,91054,0xE6100000010CBED093FA08D64840ADDD0DD739152640,582B9F77-86EF-4DAD-9046-953B7F623F37,25-07-2013
14963,8255 Highland Road,,Mill Valley,9,94941,0xE6100000010C0E13B6B071EF4240B1984C16A9A35EC0,59E8FF00-CC6E-43D9-A8D0-4A035450C5FF,01-04-2014
14964,Auf dem Ufer 764,,Berlin,70,14197,0xE6100000010C56B5C098EB414A4063183CC85A9C2A40,0C6855DC-B011-489F-BCB6-A7192962B421,19-12-2013
14965,2219 Dewing Avenue,,Beaverton,58,97005,0xE6100000010C64BD183433BD4640AB180F8A22BF5EC0,3F89B4E8-415F-479E-87E5-A6DC0B110448,18-08-2013
14966,5361 Hungry Road,,Cliffside,7,V8Y 1L1,0xE6100000010CB28B71606F444840EB281AEA39D95EC0,A8876B69-5B22-426A-8DD7-6C18FF48601E,06-07-2013
14967,6857 La Salle Ct,,Cliffside,7,V8Y 1L1,0xE6100000010C554E1646444B48400C0DF8957DE35EC0,FC0FC7ED-43FF-458A-AEE0-A6A01763CAE0,08-04-2014
14968,9192 Dublin Court,,Oxon,14,OX16 8RS,0xE6100000010C00000000000000000000000000000000,EC893FE9-C648-45AB-9B98-B699F73AEA6D,04-03-2014
14969,316 Rambling Rose Ave,,Yakima,79,98901,0xE6100000010C9A82A4172D4F4740E6F6E0D19A225EC0,39D911A7-A65C-441F-AC43-2D9FB96DE58D,18-11-2013
14970,5115 Meadowbrook Court,,York,14,Y024 1GF,0xE6100000010CF550E61D3E004B4074DCC3585153F1BF,046F702F-3894-452B-8A1B-D89423D6541C,24-07-2013
14971,8463 Monument Blvd.,,Gateshead,14,GA10,0xE6100000010C3DB237C091724B4073F6D62F3EA7F9BF,671BB189-2A29-4BD6-AFA5-90756EF1B313,09-08-2013
14972,4721 Cashew Lane,,San Gabriel,9,91776,0xE6100000010C080E9A362C0D4140886BEA50248D5DC0,F063A501-B1B2-450E-93A6-99D7334416D7,18-11-2012
14973,9855 Norse Ct.,,Caloundra,64,4551,0xE6100000010CC1FFAAF70ACA3AC002D0CE2AFA216340,FE3B7DAA-DAB0-4573-BF3F-49A7B7FA6AC1,01-05-2012
14974,Karl Liebknecht str 577,,Paderborn,53,33098,0xE6100000010C613A935497D94940C124CD57167D2140,1AE3D3DA-A245-468B-90AC-1CE9B52D548C,28-04-2014
14975,3093 Roland Drive,,Peterborough,14,PB12,0xE6100000010C65663907413F4A408520E05C6A01D0BF,3C4B3A1E-1213-4151-BD6F-BCE70257550B,16-10-2012
14976,9714 Nicholas Drive,,Lakewood,9,90712,0xE6100000010CF96AFDE07AF04040005E2C9C1E8A5DC0,B7796B87-E354-40D3-85FB-C00912ACC1B1,07-09-2013
14977,6053 Frisbie Court,,London,14,W1X3SE,0xE6100000010CEAEB5DA066C74940222B2FD2E649C0BF,1C2FCDFE-7120-427C-B1E6-228A19B594E2,02-01-2012
14978,701 Golf Club Road,,Milsons Point,50,2061,0xE6100000010CB35C732354E640C036421586C5E86240,CFD64B16-AAD1-443C-B940-A1E2846BD42B,06-10-2013
14979,"242, avenue de la Gare",,Roubaix,145,59100,0xE6100000010C92A87C0A6759494010ED2288B87D0940,063B19BC-E0F0-4AEA-958B-FA8C3C346ADE,21-12-2013
14980,"83, avenue des Champs-Elysées",,Paris,161,75007,0xE6100000010C146FA9DD486E48409223D60A326E0240,280545A3-C052-4E8A-AAC7-A4033277E510,21-12-2013
14981,"75, avenue de la Gare",,Dunkerque,145,59140,0xE6100000010CAF0586327F834940ECF945A828CC0240,19CC54B5-C1CB-4B22-A6C6-F00CC6D3BCA9,21-12-2013
14982,8958 Carleton Street,,North Sydney,50,2055,0xE6100000010C69880752DCEA40C054D31A8F7AEA6240,C5AD753C-F333-4673-A3C1-236F94425AD0,24-08-2013
14983,4161 North Sixth Street,,Coronado,9,92118,0xE6100000010C0E3416C310584040EF88B0402C495DC0,BA513139-1ABE-43BB-AF16-CD4CB5ED4AF7,12-01-2014
14984,3884 Beauty Street,,Bellingham,79,98225,0xE6100000010CF22E164CA25B4840C73E583F979A5EC0,60081F82-1A5B-44D3-B011-446130EBE9BF,27-11-2013
14985,1984 Vista Way,,Beverly Hills,9,90210,0xE6100000010CB35FF484260B41409255A13953925DC0,4D3F9C58-3A8C-4B16-97A7-53BCA41ABA8C,09-12-2013
14986,1771 Coastal Blvd.,,Langford,7,V9,0xE6100000010CD814B59C31384840B24D2660EADC5EC0,36031EB1-DE48-4E12-A75F-1818BF73B64C,22-07-2013
14987,1413 Bridgeview St,,High Wycombe,14,HP10 9QY,0xE6100000010C47329D78E3C9494003C6C97C8B3EE6BF,75DCADAB-F256-45F1-A4D4-623E24B100B1,01-02-2014
14988,9847 E. Nd Street,,Shawnee,7,V9B 2C3,0xE6100000010C5E6306E04138484025C32A988AE45EC0,22D4FE9E-E7B4-43D3-9151-400ECF09F5A8,11-04-2014
14989,9888 Steele Drive,,Cranbourne,77,3977,0xE6100000010CC22E88442D1243C0AD0DBA7518296240,7A9E2EDC-684E-4771-AA4A-E4B6D7D25913,22-01-2014
14990,9668 Fieldbrook Pl,,Wollongong,50,2500,0xE6100000010C94AF3DABC73B41C0BE6C6EFFF5D76240,ED6CF6D3-7429-4480-9215-A8AA8062B430,15-08-2011
14991,9093 Gilardy Dr.,,Milton Keynes,14,MK8 8ZD,0xE6100000010CD94C1C1F15FE4940047C4899A541E7BF,513BF254-97B8-433B-B467-3079487A2BD4,23-06-2014
14992,8219 Moraga Road,,Renton,79,98055,0xE6100000010C9E89517E65C34740243323B37C835EC0,9E1FC045-1020-475B-AB36-9E84748416D8,05-01-2013
14993,Buergermeister-ulrich-str 4111,,Saarlouis,70,66740,0xE6100000010C71F83149A69F48402C2FCA2F79FA1A40,AF94F215-A9D2-4892-924D-A51FCBBDD5B3,25-04-2014
14994,3596 Kingsford Dr.,,Coffs Harbour,50,2450,0xE6100000010CBC1D6FA9B3213EC0AD3E0755001D6340,B89E39C2-4833-4184-885F-2F9D90C77EA4,10-11-2011
14995,1170 Shaw Rd,,Glendale,9,91203,0xE6100000010C980A644F2D1641406440ED6C378D5DC0,6CC48A27-AFB0-40C6-B5DD-3DE8CC36A54F,08-10-2013
14996,"92, rue Faubourg St Antoine",,Metz,143,57000,0xE6100000010C40F0C21F5D8D4840306F123232BB1840,2D47239B-6711-4DB8-B1E4-6F20CDE09342,21-12-2013
14997,7104 Roland Ct.,,Hervey Bay,64,4655,0xE6100000010CB4CC98459E5339C0EED8A5275E1F6340,B83133DB-5512-40EF-90E0-138CB1646E17,14-03-2012
14998,5616 Bayside Way,,Victoria,7,V8V,0xE6100000010CC6DADEC2F73448409B2751F753D75EC0,89E1FB77-E84E-4808-830D-8884C2660464,31-07-2013
14999,7111 Stinson,Unit E,Vancouver,7,V7L 4J4,0xE6100000010C2751065012A64840892939888BC25EC0,F14E74F0-38C5-4D00-A70F-EA8C05EBB003,31-03-2014
15000,570 Highridge Court,,Royal Oak,7,V8X,0xE6100000010C8FC96B8FC43448407D4E367FDEE25EC0,8A65DBE4-2F54-4781-84F2-7FDC44877B0F,08-10-2013
15001,4975 Black Pine Lane,,Kirkland,79,98033,0xE6100000010C022C36EEF1CF4740C14551E843925EC0,FCDC8F8C-A85A-437D-AC34-BA14B4518124,06-09-2013
15002,1343 Apple Drive,,Lemon Grove,9,91945,0xE6100000010C07BE42CEDE5D4040962CB785FF485DC0,150E3F35-26A5-42B0-B992-3F55E5EAAAC3,28-03-2014
15003,6002 Hickory Drive,Studio # 403,Grossmont,9,91941,0xE6100000010C14E8082F2E6140409A3034B30B385DC0,551DA9D7-6FDE-48BA-B368-29E3A39FB35B,20-05-2013
15004,4036 Elk Dr,,East Brisbane,64,4169,0xE6100000010CB8043AD4277F3BC01FCAC6C8B6266340,CBD4131D-423F-4B68-A1BC-D737113FAFCC,17-10-2013
15005,2625 Poncho St,,Mill Valley,9,94941,0xE6100000010C9B0795C6B0F7424087C5D74381AB5EC0,0B664694-8E50-483B-9800-0D4872FD0319,05-09-2011
15006,3142 Broadway St.,,Hobart,71,7001,0xE6100000010C538314D3FC6D45C0E11409A3E1746240,EA8DA4A2-BA84-4842-9964-5C2FF2DC1AAE,02-01-2014
15007,4127 Esperanza Drive,,Springwood,50,2777,0xE6100000010C1FAE0D5874DB40C0356C780862DA6240,196D7BF8-95EF-4C19-9285-0F1BB73ED5FA,24-08-2012
15008,7538 Adobe Dr,,Victoria,7,V8V,0xE6100000010C190EC7D4D33648400CE8077C2BD45EC0,484B5357-2905-409F-9F2A-F10AF88A5693,08-04-2014
15009,4467 Hoover Court,,Wollongong,50,2500,0xE6100000010CADD7B683D03741C076E3510BCADC6240,6EAE112B-2543-487C-BBAD-2BF8BC0AA6EE,16-02-2013
15010,7070 East Avenue,,Sunbury,77,3429,0xE6100000010CBA2C69AE75BF42C0282195B50C1A6240,E3697250-DDCA-4BE6-B953-87312468735D,14-01-2013
15011,2238 Pine Street,,Issaquah,79,98027,0xE6100000010C0DF1300120C84740ACDDBBF039795EC0,5C4EA082-BEB5-4156-84B8-4F2FF7634407,14-10-2013
15012,3271 Norse Ct,,Colma,9,94014,0xE6100000010C7C19E949F5D342403146099E8DA15EC0,B8449E7E-A9D0-4F4C-A45C-A94FF96E808D,03-05-2014
15013,2025 Sunset Meadows,,Beverly Hills,9,90210,0xE6100000010CCDF48A64140F41403A0AD5636B9B5DC0,C936FF3C-4FA5-48D1-AB5B-A324ACA9A046,30-04-2014
15014,"54, avenue de Malakoff",,Saint Ouen,127,41100,0xE6100000010CAF371F66B3DC4740AE235C058A61F13F,D491C5DA-4B9C-4069-835C-F7836CE5ADF0,21-12-2013
15015,102 Vista Place,,Santa Monica,9,90401,0xE6100000010C2CDF1E2C8F024140648560EA599A5DC0,A1F3B988-B655-4EC4-9D0A-C673F68C70CD,25-10-2011
15016,143 Louisiana Dr,,Beaverton,58,97005,0xE6100000010C14CBB89236B6464095A8E626C6B15EC0,4893060A-6D99-4B2F-871A-6559B7254560,06-07-2013
15017,7064 Cypress Ave,,La Jolla,9,92806,0xE6100000010C454A57CE6DEE40408EB27AA2C56F5DC0,2A86F7C6-CD86-4E28-AB89-799C36269601,14-10-2013
15018,Alderweg 4948,,Hamburg,19,22001,0xE6100000010C00000000000000000000000000000000,EED90823-7A2A-41BF-ADF3-685C019D4F0D,15-01-2012
15019,715 Pheasant Circle,,London,14,EC1R 0DU,0xE6100000010C4AAC8E21A2BF4940B9CFD8143D1ABBBF,68DB1A96-A9A2-4E85-93D1-BBCFC3766E09,08-08-2013
15020,15 Aspen Drive,,Imperial Beach,9,91932,0xE6100000010CDAF73BCC7F4640400EA6EA0215435DC0,75A36DC9-D76A-4D89-A230-678289FE4B9B,06-12-2013
15021,6452 Harris Circle,,Rhodes,50,2138,0xE6100000010CC3ECFC7BC3E540C0782C84676ADF6240,F937EFC5-ABDA-42C0-B7D0-E7841359201C,14-07-2013
15022,8600 Jocular,,Portland,58,97205,0xE6100000010C306AA5779BBE464087E899A7E0AF5EC0,E4C3EDCA-8094-4053-B717-403B216D67BA,12-04-2014
15023,1805 Gallagher Circle,,Burien,79,98168,0xE6100000010CB4492FE5DAB647400E28DC6695905EC0,2E851B01-5549-42AF-9A9E-797FDA4C8203,18-07-2013
15024,3300 Blenheim Way,,Redwood City,9,94063,0xE6100000010C2924FC399FC342404D56F23FDA8B5EC0,24E3100A-75A3-477D-94CB-DA253A6D29D5,22-12-2013
15025,4610 Pinto Road,,Milton Keynes,14,MK8 8DF,0xE6100000010C6331B6CF13024A40810E805E3272E9BF,71CE3DC0-4913-4654-917F-D93566157D4F,05-11-2013
15026,9414 Pampered Ct,,West Covina,9,91791,0xE6100000010C393B2E09120A4140845F7D48AE7D5DC0,8DF576A8-BB7F-4680-B37D-E7020F67EC14,22-12-2012
15027,1164 Glenview Drive,,Langford,7,V9,0xE6100000010CD6404519F43648407BAB3490A8E15EC0,EA5A7D6F-BC2A-4410-B14F-0256A4D2E151,27-04-2014
15028,"909, rue Saint Denis",,Paris,161,75003,0xE6100000010C2F59D335A86F4840540016FDD8DF0240,44636C92-08AD-417D-880E-41223B7E1586,21-12-2013
15029,7532 Erie Dr,,Milwaukie,58,97222,0xE6100000010C25D3857725B4464013D7EC4BB8AC5EC0,A85A73C8-2192-4D28-AFDB-404753D28989,01-03-2014
15030,2192 Pacifica Ave,,Oak Bay,7,V8P,0xE6100000010CE1CA8AE07E33484075C62131D8CA5EC0,6BB31012-6DAF-48D3-964C-A28CA6B6E018,25-07-2013
15031,8813 Driving Dr,,Lemon Grove,9,91945,0xE6100000010C2B67FC9ABC634040305B4E86FE4B5DC0,BEA5A557-B56A-4847-A9C4-833B9ABDEE96,02-04-2014
15032,4559 July Loop,,York,14,Y024 1GF,0xE6100000010C2F5A3DE9EE004B40BFA9E3233650F1BF,6F0F2211-F6C2-4E31-B94C-C062D30177BC,15-02-2013
15033,3727 Duck Horn Court,,Walla Walla,79,99362,0xE6100000010C650A8888FB054740F19B9D6C5A955DC0,E1B54331-1259-4A0B-A8B0-47F12C2C5483,20-09-2011
15034,Dunckerstr 8351,,Dresden,19,1071,0xE6100000010C00000000000000000000000000000000,FA243FF0-151E-4A31-ACE3-401E5C335D7B,14-01-2014
15035,3260 Marsh Meadow Way,,Lebanon,58,97355,0xE6100000010C26BDBE4F954B46403ADDEA48F4AB5EC0,A2F37F5B-2A24-4E1C-A7AF-B6B804BA3F30,04-03-2014
15036,6837 Rosemarie Place,,Darlinghurst,50,2010,0xE6100000010C37D04E81D5ED40C06A821BE8F0E36240,C10478F6-209B-4D0C-8928-F0061237405E,11-07-2013
15037,1083 W. Hook Road,,Los Angeles,9,90012,0xE6100000010C5731EBED610B4140BD8F7A3FA58D5DC0,9C16106C-A46D-4FA7-BF8C-1E916BB55DE0,25-08-2011
15038,Erlenweg 2624,,Sulzbach Taunus,70,66272,0xE6100000010C00000000000000000000000000000000,6239C62A-4CB9-45BF-B40D-50F0DD7D1C95,31-03-2014
15039,869 Lori Court,,Downey,9,90241,0xE6100000010C6E824578BFFD40409228791E40895DC0,0805AEA0-4728-4752-8F8F-D33B214E5888,01-04-2014
15040,6290 Chinquapin Court,,West Covina,9,91791,0xE6100000010C212730C8AF0C41406603D0A8A97A5DC0,1480B551-2875-4D7E-AE5F-A8DC5E562319,01-10-2013
15041,8986 Hummingbird Ct,,Bellingham,79,98225,0xE6100000010C04DA39D1E15C4840ECCDF96CC8A45EC0,8ADE494E-A06B-4F81-8B57-5726D4260B4F,02-01-2014
15042,7318 Lavene Way,,Burlingame,9,94010,0xE6100000010C7AA4C4ECD3C74240585E4DADB7955EC0,EB3D454E-BAE2-4753-A650-4C69B61B3B27,25-11-2013
15043,269 Red Leaf Way,,Metchosin,7,V9,0xE6100000010CEDA160C2BC30484031BED83BCDE35EC0,CA10FA1E-4D7F-4327-A009-9057772F7A6E,17-08-2013
15044,"2, route de Marseille",,Roissy en Brie,163,77680,0xE6100000010C682356A0785F48403149548E28500540,9053CBCF-60E1-4269-91AE-AFEBEC919AD7,21-12-2013
15045,7427 Grove Way,,Bendigo,77,3550,0xE6100000010CD034549FBA5C42C031CDC37071026240,C6EBFB09-70A0-4BBF-B770-FE93757F7111,22-12-2013
15046,"79, rue des Pyrenees",,Les Ulis,177,91940,0xE6100000010CCB8C5B373C584840F9C3E89919590140,5DBB802A-0162-4B85-872B-986D2CA16134,21-12-2013
15047,1510 Bidwell Street,,Colma,9,94014,0xE6100000010CA3FACA0D16DE42408FF235DD1EA35EC0,442BD13B-4C3D-4DC4-8A99-1D6CA4DEC837,25-11-2011
15048,2288 Morning Way,,Hervey Bay,64,4655,0xE6100000010C855A60E2055139C0D6F46EDEF11B6340,0D4E795D-5F97-4A7A-A93B-FF9C336262F8,07-04-2012
15049,4714 Zulu Court,,Lakewood,9,90712,0xE6100000010C11CFFBA694EC40400467C7E4248D5DC0,3917B4FD-0520-4254-8B53-A5B84DDD052A,06-11-2013
15050,1961 Sahara Drive,,Beverly Hills,9,90210,0xE6100000010CB8D86C3AD70941409255A13953925DC0,34692BA3-2665-4565-AD6B-6C6F00EF26C2,02-12-2013
15051,6210 S. 88th Street,,Redmond,79,98052,0xE6100000010C68AE2B0366CF4740A4D1A18D73845EC0,C77930A4-F2AC-4385-9CFB-F0AF78C6B736,27-02-2014
15052,9668 Fieldbrook Pl,,Vancouver,7,V7L 4J4,0xE6100000010C2751065012A6484015401D36B9D05EC0,BAA5E582-2634-45F0-B8C8-7BFB7FEEE0F6,26-11-2013
15053,4074 Northwood Dr,,Bremerton,79,98312,0xE6100000010CB44E87252ECD474011CD98F9A3AE5EC0,266FC7A1-F2E1-4AF0-BBCF-207EBCD82437,08-09-2013
15054,Kulmer Straße 566,,Poing,70,66041,0xE6100000010C00000000000000000000000000000000,A9C25EAF-9549-49CE-9373-F5ED774053CC,17-03-2014
15055,442 West Cliff Place,,Gold Coast,64,4217,0xE6100000010CE9A4EDE590FB3BC0E9294A51152B6340,5B0ACE6C-2A69-4996-B669-055EFB599D44,06-01-2013
15056,2446 Farm Bureau Rd,,Daly City,9,94015,0xE6100000010C7C20432D07D74240FA742F2037935EC0,209D2A99-DB99-40AB-B200-46868263BE04,13-04-2014
15057,4407 Hobby Court,,London,14,C2H 7AU,0xE6100000010C83E41C1315C64940AD06C7DD6642C0BF,3A4EA132-4317-4448-8DCE-C60AB6F92737,29-11-2013
15058,6637 Park Glenn,,Long Beach,9,90802,0xE6100000010CC6E5D47C5AE64040341E0526228F5DC0,A93FC9AB-E86D-41EB-BBC9-449C98783369,20-08-2013
15059,3514 Citrus Ave,,Colma,9,94014,0xE6100000010CE78440A7ABDC4240258EB22FF5A55EC0,75F1F431-296D-459B-9170-4126766DE656,03-10-2013
15060,5271 Sierra Road,,Watford,14,WA3,0xE6100000010C61A9A34E89CB49401B77DFF8CB03D9BF,016E147F-9164-40C3-89D8-B1C2BFBD2924,03-01-2013
15061,2370 Mac Court,,Seattle,79,98104,0xE6100000010CEE4CE1BF3BCD4740ADA2D2AA14A05EC0,99FF51A5-6BDD-4D18-BBE1-97D2E42DEC1C,03-02-2014
15062,9883 Sierra Rd,,Newcastle upon Tyne,14,NT20,0xE6100000010CB6C0C278797C4B405E4C6F0B34CEF9BF,2EC070AD-2615-4B2A-BEAA-9CA55CCC709D,09-11-2013
15063,488 Meadow Glen Way,,Lincoln Acres,9,91950,0xE6100000010C65FDF3A92A514040E04CEB4919515DC0,70EE62D1-C323-4663-A2A0-3F1390F89477,14-09-2013
15064,5124 Palmer Rd.,,Concord,9,94519,0xE6100000010C237B987AC7F84240FD9A19C223895EC0,6A85FB8B-98AC-4232-AF0D-BBFC98E1E484,01-04-2014
15065,1475 Doyle,,N. Vancouver,7,V7L 4J4,0xE6100000010CE1052959A5AD48404876E7E925CF5EC0,940776F3-6B17-4F07-BE77-529F0347945E,26-03-2014
15066,5989 Concord Ave,,Beaverton,58,97005,0xE6100000010C44ACD0FDEEC5464027BCC78F8EA75EC0,455CA9A5-7A75-4E4D-B259-F2FB82225F1C,17-10-2013
15067,1769 Listing Ct,,Bellingham,79,98225,0xE6100000010C4FDC0FF05E64484051D4C04E6EA25EC0,8341640E-D1C6-438D-9927-100664A0794E,12-10-2013
15068,3011 Normal Avenue,,Victoria,7,V8V,0xE6100000010C74DB671C443E484004C9D04746CC5EC0,0214FB58-7804-4A70-A7B5-E33779CCF654,08-08-2013
15069,Parkstr 841,,Werne,53,59368,0xE6100000010C59FCDAF2DED04940F3925BB3638B1E40,A75D4344-559D-4C1A-84C0-9941DCB3E195,17-02-2014
15070,7710 Medina Drive,,Gateshead,14,GA10,0xE6100000010C7BC139ADA3804B40C706293396A6F9BF,941F4AD3-F77C-407F-92A0-77067EE2014B,29-10-2013
15071,3824 Birch Bark Rd,,El Cajon,9,92020,0xE6100000010C217D133991614040F00A14139B445DC0,63420FFD-A5B8-4F2C-A5E1-A7336389959D,14-11-2011
15072,5574 Martin St,,Downey,9,90241,0xE6100000010C5BCE9607E1FC4040A17E7415EF805DC0,5C1DAD92-B1CD-44E0-A88E-24064EFDB7DA,25-03-2014
15073,1942 Rock Drive,,Berkeley,9,94704,0xE6100000010C883549329FEC4240AFFE35CF229B5EC0,C7CBF5B8-D2E3-406F-B799-AB9FCED1CD31,28-07-2013
15074,"2452, rue de Varenne",,Saint Ouen,127,41100,0xE6100000010C904B42EC13F247409D07BEC83FD6EF3F,D2EF4112-937F-43AA-B75F-EB2288827DD7,21-12-2013
15075,2076 Westover Dr,,Peterborough,14,PB12,0xE6100000010C8BE3F6A3B14A4A40AA12C44D2EF8CFBF,F8E625CD-FF30-405F-ACB0-4F93A4E32DE5,06-02-2014
15076,Berliner Platz 654,,Grevenbroich,8,41485,0xE6100000010C00000000000000000000000000000000,C8199D33-BD69-4431-B015-4E41AB294FBD,29-03-2013
15077,6601 Browse Ct,,Palo Alto,9,94303,0xE6100000010C31CE6178B2BC4240DCDFED2BA9915EC0,7A292474-C863-46B4-B7E2-E53F08B92102,09-06-2014
15078,1631 Via Cordona,,Townsville,64,4810,0xE6100000010C3EFD2CB56A3D33C08686025818556240,AB66B64C-C4D1-4F91-9067-8F2D7CFE91F2,03-11-2011
15079,3224 Pome Court,,Woodland Hills,9,91364,0xE6100000010C77A8C0054A124140B43F6C7762A65DC0,57E9E695-92A5-4C45-BCA7-DBB00A0C2512,24-06-2014
15080,Galeriestr 229,,Hof,8,95010,0xE6100000010C44CE6845D220494039ED1087E5DB2740,E72ABEB2-8474-435A-96CC-D6A569703131,18-10-2013
15081,598 Merry Drive,,North Sydney,50,2055,0xE6100000010C70FDA00843E840C0F2BE676DF6EA6240,D6BCFE5A-2483-45E7-9625-B69B6EA7D9B6,26-03-2012
15082,2341 Breaker Dr.,,North Sydney,50,2055,0xE6100000010C86723ABFA9E540C08576B39C9BE66240,B9C3ABB5-B26C-48F4-95B7-525BB88C0F50,08-02-2014
15083,Postfach 99 01 01,Leiter der Abteilung,Berlin,70,14197,0xE6100000010CBAE05ED624334A40F16E13F84DA92A40,D94F5EE2-F1B8-4101-81AE-561137CD4AAD,22-08-2013
15084,7669 Willow Lake Rd,,Imperial Beach,9,91932,0xE6100000010CEF4EB83FAC4F40400EA6EA0215435DC0,E8895629-A72C-4A48-A08D-9BCD950DF1A4,27-12-2013
15085,9610 Hudson Ave,,Burbank,9,91502,0xE6100000010C963CE9AD851941403FAAFC34E1995DC0,60A32AAC-E294-455E-911B-15CE20C6266C,12-11-2013
15086,2837 Hacienda Drive,,Burbank,9,91502,0xE6100000010CD40FE4ABD51A414092234477478F5DC0,E2CC0656-7CD2-40EF-ABB6-0C6B4F0A11C8,14-09-2013
15087,2624 El Monte Drive,,San Carlos,9,94070,0xE6100000010C05D77A3205BA4240CE9EBB978E8B5EC0,064F7888-DC63-4866-A0C7-9B8E46A272DD,02-10-2013
15088,701 Golf Club Road,,Concord,9,94519,0xE6100000010C6FB66DA337FF424025ECBDAA8A865EC0,771811FD-9C89-4772-9384-9FA6A4D5CCF1,28-08-2013
15089,1713 StandingView Dr.,,Chula Vista,9,91910,0xE6100000010CA67FAEA3364F40401DB3EFA8603A5DC0,B76E63CF-BBA2-4ED2-8853-F084EBFFDE5F,11-12-2012
15090,7581 Whiteaben Drive,,Bellflower,9,90706,0xE6100000010C732829FF27F140407E48F9E386865DC0,F8DA5FB8-3830-439D-800B-D11AB461B419,11-07-2012
15091,3229 Pembroke Dr.,,Hobart,71,7001,0xE6100000010CA1C13653266A45C0EE55356CDB6C6240,935152E7-831B-4031-8393-7F6537F73662,20-02-2014
15092,3397 C Olivera Rd,,Lake Oswego,58,97034,0xE6100000010CBE08A1A74BBD46403B87925EFAA25EC0,27D4B1A3-9053-4878-9EFB-593477777CDF,19-04-2014
15093,4590 Mori Court,,Milton Keynes,14,MK8 8ZD,0xE6100000010C62F2142366094A407060B723924DE7BF,E0DB3BFF-09B3-4DC1-B2B2-683DB3821FC2,13-05-2013
15094,1729 Panorama Drive,,Bendigo,77,3550,0xE6100000010CF0BAFB47515B42C0DBE0E31323066240,3A9D1826-79E4-429A-A997-C61094EE1B25,30-03-2014
15095,4679 Cardinal Dr,,Sydney,50,1002,0xE6100000010C4B7CD4A138EA40C0B4CE9E7C7FEA6240,C5A1EF22-7AEA-4278-AF7B-5CDD4856173C,18-11-2012
15096,7553 Harness Circle,,Oxford,14,OX14 4SE,0xE6100000010CD7792D9A8DCE494052EE70B96677F4BF,556DD9FD-4AAA-49F4-9E5C-0CC609A6A06B,21-06-2012
15097,835 Magic Dr.,,Ballard,79,98107,0xE6100000010C226CEDFF06D0474085055D2502935EC0,2DB77662-68AB-4CC4-BCF7-16CFBD84EA3B,31-12-2012
15098,3265 E. 62nd Street,,Redmond,79,98052,0xE6100000010C6E55A11948D44740CDEF7E6B0C8D5EC0,359C3F8E-90FD-4299-8710-2291D7C991BB,01-09-2013
15099,4381 Amazonas,,Chula Vista,9,91910,0xE6100000010CCE3B2BEF0F554040AF3BB91F5D465DC0,426750B0-F884-4FA7-B3C8-17F2B030E44A,20-10-2013
15100,7964 Concord Ct,,Novato,9,94947,0xE6100000010C30A1E36D7509434009846CC8ECAE5EC0,79DF3772-C5E3-4AC1-985A-E4DDFFB41F51,10-09-2013
15101,5234 Esperanza Drive,,Hervey Bay,64,4655,0xE6100000010C2679ACB9595D39C04C39306608186340,257D03C1-FB08-4A77-9FFE-2668C58966B3,01-12-2013
15102,4079 Redbird Lane,,Torrance,9,90505,0xE6100000010C2A55DDB405E94040ABFFDA17919F5DC0,31952625-5B81-4DD5-980B-6FBCC05419D9,21-02-2012
15103,5828 Clark Creek Lane,,Oak Bay,7,V8P,0xE6100000010CC23936FB36374840DFB9D52435DC5EC0,B1B0DF25-C9AA-4A36-A614-89A7FA39627D,24-11-2012
15104,3407 Pine Dr.,,Matraville,50,2036,0xE6100000010C7C06F51498F940C0DDF1D68C54E06240,FA0357B4-47FA-420E-A87A-5A3B82235C23,31-05-2014
15105,2197 Heights Ave.,,Santa Monica,9,90401,0xE6100000010C2CDF1E2C8F024140475DA60E1C9B5DC0,5ABB79FC-61E5-4094-BB86-A92BA78AF5E1,23-10-2012
15106,6855 Leewood Place,,Marysville,79,98270,0xE6100000010C252EBA61D307484011BDD47FD9925EC0,78C97F23-E6AC-4469-AE0F-65D258AC697B,24-11-2013
15107,3478 Glenwood Dr,,National City,9,91950,0xE6100000010CE06C57E3C85A40403EB6BA88DD3C5DC0,B1337D9B-6DA7-4DE0-A0EA-C20B843CD8AE,04-01-2014
15108,7401 Las Palmas,,Sydney,50,1002,0xE6100000010C09F6FB88F4EB40C0D5AB0F4698E76240,08F2F203-D21E-4674-A7C9-48AD842734CA,14-10-2011
15109,5736 Monument Blvd,,Olympia,79,98501,0xE6100000010C90A47D2176754740E5838A7A88AE5EC0,A9189CDE-E95D-4303-AE73-55D99CC5FA9C,20-09-2013
15110,9217 Juliet Court,,East Brisbane,64,4169,0xE6100000010CD301A0CE7D723BC0B72EDADDF51A6340,492DAD8C-D95F-4243-B1E5-F61A51397FC8,05-09-2012
15111,2612 Berry Dr,,Woodburn,58,97071,0xE6100000010CB9D20ED6478F46407F335DEF1DAC5EC0,70436B03-F216-4696-8730-0C43E32758BF,16-10-2013
15112,436 Logan Court,,Hervey Bay,64,4655,0xE6100000010C4CB248EBA55E39C04C39306608186340,A1C3883F-15DB-4DA6-B9EF-C81C8F7148E1,04-07-2013
15113,222 Hunter Drive,,Bellflower,9,90706,0xE6100000010C4D4124D6DAEF404092AD36B9548D5DC0,5A0F5A48-6CF3-44CC-8996-5BC6B119B846,10-01-2012
15114,8299 Leed Court West,,Torrance,9,90505,0xE6100000010C2A55DDB405E940409D8A7A6DA18C5DC0,6C45D346-32CB-406B-80DB-E190C0412F41,07-05-2013
15115,"68, avenue de l´ Union Centrale",,Chatou,164,78400,0xE6100000010C555FE7C8C17748404DB6042343400140,ABA0D8C8-D5EF-428F-8E90-5D71210072AF,21-12-2013
15116,8339 Auburn,,Lynnwood,79,98036,0xE6100000010C9308831337E64740D36C3AA320955EC0,CCD75E9C-F89A-4025-8CAC-B0A6BDB09585,01-07-2013
15117,6671 Santa Barbara,,Lemon Grove,9,91945,0xE6100000010C03DDDB72C65B4040F0373D0482415DC0,0926B51E-6E9C-4B6E-A9E9-4205A4616119,25-08-2013
15118,Auf den Kuhlen Straße 7,,Berlin,19,14129,0xE6100000010C929635469C384A408D8847761C5D2A40,0CA830D8-2252-4F58-A4B6-6845FCCD969E,14-11-2012
15119,9621 Alamo Court,,Sooke,7,V0,0xE6100000010C6F7594D8EF2B48408C6DD76D4CE55EC0,91220AC3-5554-48D4-B677-42228D8A58D5,14-04-2014
15120,"7, route de Marseille",,Villeneuve-d'Ascq,145,59491,0xE6100000010CC716C1D63B524940C5B6CF1C762B0940,B3B6AD66-FD55-4AED-ABD5-0988AE4F5590,21-12-2013
15121,3287 Trees Dr.,,London,14,W10 6BL,0xE6100000010C4CE7767653C0494094C9EAD6B50BCCBF,C6520FB3-E4B6-4A54-8863-557143947B18,07-01-2014
15122,4067 Elm Road,,Burbank,9,91502,0xE6100000010CBAEFFDB545144140332B60E2649B5DC0,FED0217F-5CD4-4A44-B1D2-669234A71DD0,07-09-2013
15123,Im Himmelsweg 89,,Leipzig,53,4139,0xE6100000010C00000000000000000000000000000000,0FA67C51-D27E-4527-9585-5B69BF6B5956,18-04-2014
15124,Rehstr 1346,,Frankfurt,8,91480,0xE6100000010C679A34A7F0124940EC7424BAB32E2140,9D578662-A569-4251-AF03-764A2F7CAD02,15-04-2012
15125,5562 Galindo Street,,Burbank,9,91502,0xE6100000010C93AB37AB451B4140C566205694945DC0,A0D5A4D9-462E-4834-A341-276E28E5E361,26-02-2012
15126,9021 Terrace Drive,,Brisbane,64,4000,0xE6100000010CCF0DD7A04B703BC08E9C85699F246340,B30EC31F-BF8B-48B2-8235-53576E8C1AB6,24-09-2013
15127,3426 Fernwood Drive,,Renton,79,98055,0xE6100000010C744D06739AB347401FED79C565875EC0,09C679D6-6E3A-49EF-BC56-AB29994B617B,15-12-2013
15128,9746 Gilardy Drive,,Bellingham,79,98225,0xE6100000010C4B5819FA435748408C890CC7829E5EC0,E5053764-9908-409C-8F6D-A98C40C52DE1,15-06-2014
15129,Herzogstr 228,,Mühlheim,20,63151,0xE6100000010C00000000000000000000000000000000,E9496B79-466E-413D-8D11-71F40B920C71,29-11-2013
15130,9326 Mayda Way,,Cliffside,7,V8Y 1L1,0xE6100000010CBD7B928B4139484081F27DD0C0DE5EC0,087F7013-01E5-4AAC-82AC-47468145C870,12-01-2012
15131,9794 Marion Ct,,Portland,58,97205,0xE6100000010C3C5719276CBD464052AF85A85CA85EC0,A7A8DB14-A93E-4D09-91D0-E5BAA7D1AD36,09-06-2013
15132,1798 Norfolk Rd,,Roubaix,145,59100,0xE6100000010C8E7EB6CCF7504940707D0CA2E6750940,97FC0FDA-A6FD-40BD-8AE9-51EC15926189,21-12-2013
15133,6695 Black Walnut Court,,Burbank,9,91502,0xE6100000010CEAC2F8B3951541401B2D273D6C9E5DC0,CA75ECCE-40BB-438E-9F8F-FFB63AB01DF4,23-04-2014
15134,1077 Laurel Drive,,Long Beach,9,90802,0xE6100000010CE5EF22D5EBE54040F9E5B35AEA925DC0,96394F23-660F-47D4-8FE2-585A71C73457,06-05-2014
15135,7006 Royal Links Ct.,,Wokingham,14,RG41 1QW,0xE6100000010C0D9EC9B021B649406EF7B075C832EBBF,6F3BFE8B-D0C7-483A-AAF7-5D68EEE89454,10-03-2014
15136,5990 Curletto Drive,,Redwood City,9,94063,0xE6100000010C8FF1E7A0F1BB4240758E1172CD965EC0,523AD1E8-155F-433D-A642-299D8AAB37A8,25-07-2012
15137,5522 Roundtree Place,,Hobart,71,7001,0xE6100000010C61E34C0A926345C039FE214FD3756240,2F895DDD-34C1-4D9E-9C55-A1BFCF7BE03A,30-08-2011
15138,690 Carmel Drive,,Oregon City,58,97045,0xE6100000010C7236E89544A346404BF092CA47A75EC0,C870B512-D108-4EED-858D-5F57DC622255,27-08-2013
15139,"2, route de Marseille",,Milsons Point,50,2061,0xE6100000010CB78BAB69CBE940C0C0C71FC8EEE36240,AD4E0BFD-8065-4F5E-B569-B7DFEC6ECDFB,26-04-2013
15140,476 Bay Drive,,Spring Valley,9,91977,0xE6100000010CBEB923CCD55F40401E33ED63093B5DC0,0B32899C-32CE-4E61-9989-9EA35A575FF4,26-04-2012
15141,2444 Piedmont,,Concord,9,94519,0xE6100000010C96D04A8B38054340CBEBD651457D5EC0,DCD35B14-2EF7-48FE-B0B8-BC4F39FA33A0,19-07-2012
15142,Unter Linden 754,,München,19,80074,0xE6100000010C00000000000000000000000000000000,69160236-5596-4209-9209-BC941D7F6FB0,05-01-2014
15143,8553 Calhoun Court,,Grossmont,9,91941,0xE6100000010C695A1652B26340402FE45CE60C355DC0,2C7FD867-CB83-48CB-A44B-FE0CF99D14FC,18-03-2013
15144,8593 Reisling Court,,San Diego,9,92102,0xE6100000010C0FAC25FFC15A4040CFEAC81331485DC0,4E270E9A-C8E8-4ADE-92E9-2921F0CD9A6F,24-03-2014
15145,Winterfeldtstr 5557,,Poing,70,66041,0xE6100000010C00000000000000000000000000000000,731776A3-97BB-4B9A-A671-6DBC23A1803B,14-07-2013
15146,7207 St. Andrews Way,,Beverly Hills,9,90210,0xE6100000010CCDF48A64140F4140AB422E4499945DC0,9ABFD82D-9124-47EB-B08E-40BF30C1E4D3,17-02-2014
15147,9580 Kalima Place,,Sedro Woolley,79,98284,0xE6100000010CBF8B1669DA47484040048B81988D5EC0,642CA31E-FF02-4F72-8F9A-3E537B814C70,30-06-2013
15148,9875 Pheasant Drive,,Bury,14,PE17,0xE6100000010C22E5E52BF1C34A40DF43DCB0346E02C0,42D3D8C3-EBC4-4627-BEC7-8CDC4ED3EB75,21-07-2012
15149,75 Ashford Court,,Edmonds,79,98020,0xE6100000010CD0352B456CE64740A97BC7AD23A25EC0,8899B6A0-5242-418A-B8C0-677D613FA71F,18-05-2014
15150,4321 West I St,,Rockhampton,64,4700,0xE6100000010CEE42310E486C37C03D9DEB9D41CB6240,4E42289E-547B-4133-AE5F-3D7CD3867961,05-11-2012
15151,5816 Yukon Street,,Cranbourne,77,3977,0xE6100000010C7D7B0E52570B43C0BCF9106972246240,8AF7C7E6-5284-4BC0-96D2-BDAFBA0B5163,05-01-2014
15152,958 Hilltop Dr.,,Perth,66,6006,0xE6100000010C7EEC03B2ACEE3FC0FD9C22ECADF65C40,E0D2DA35-0A44-4782-A324-665E3F64C3A6,18-03-2014
15153,1931 Eagle Way,,Imperial Beach,9,91932,0xE6100000010CECB9184B554740402F325B50534E5DC0,3E9E26C7-B767-4F61-A716-DCCC8287E28D,06-02-2014
15154,4698 Royal Oak Rd.,,Esher-Molesey,14,EM15,0xE6100000010C00000000000000000000000000000000,2B6490F7-775D-4E08-855F-7194A3C95F5B,14-09-2012
15155,3680 Wilson Lane,,Lakewood,9,90712,0xE6100000010CA7E1FC222EEF4040B8048254CD815DC0,C0581ACC-E97C-4301-9B17-9F31219EA797,27-12-2013
15156,9613 Smiling Tree Court,,Coronado,9,92118,0xE6100000010C9FF7DCC04C5440408997B80BAC535DC0,EC8F86BE-754B-4333-97F8-097F48B05F60,18-06-2013
15157,Heiderweg 4983,,Bottrop,53,46236,0xE6100000010C8E7BF494E2BB4940FBF13DCE53B41B40,21999210-0560-4FE7-96D6-C66413106CF1,06-09-2013
15158,1295 Fabian Way,,Fremont,9,94536,0xE6100000010C4C9DE36A1FCA4240A59D704759845EC0,F2710414-5104-4872-BFB0-3CEB03E2D9E2,14-09-2012
15159,2577 Dover Way,,West Covina,9,91791,0xE6100000010C7259AB6A25064140D0F84BB922765DC0,2430978F-DADF-4676-912C-F950433E80C4,08-07-2012
15160,4659 Cape Cod Way,,Concord,9,94519,0xE6100000010C9F3CA8556D014340BAAD848D97825EC0,61EA4ECA-C884-4870-824A-62ABB0BEC436,07-10-2011
15161,"6618, avenue de Villiers",,Colombes,178,92700,0xE6100000010C48E0C818F97248408E90C374E0F90140,8C59CCFE-A080-49CA-958F-E73FFC817550,21-12-2013
15162,7022 E Trident Dr,,Lemon Grove,9,91945,0xE6100000010CA7D0D1FD9C5C4040C6A0F18302405DC0,32D2ADE5-E482-4C1F-9B4B-F41C6D9C11D7,08-11-2012
15163,Auf dem Ufer 164,,Bonn,20,53131,0xE6100000010C00000000000000000000000000000000,8F147F8E-1DBB-463D-941E-FFA1F7A075F0,30-05-2012
15164,Krönerweg 26,,Werne,53,59368,0xE6100000010CE7F8450FC7DC494034099B498D7C1E40,DEA2BB7B-DD1B-40FD-B0DD-CF218986D7EB,03-08-2013
15165,7259 Birchwood,,Melton,77,3337,0xE6100000010C7C27D3F73DC942C09A0536AAE9186240,8108B999-4751-49A9-A6CE-5EA0C84C6006,06-09-2013
15166,3620 Temple Drive,,Cranbourne,77,3977,0xE6100000010C5D7D7F45B01143C06D15556AE9246240,F9FB27A2-ECF1-4D62-8A51-1EBFA75FFB34,26-09-2011
15167,5522 Deer Ridge Way,,Cloverdale,66,6105,0xE6100000010C269821F2F6F33FC015D293563E075D40,38C11BD6-9769-4E57-B97A-EEDDBACBC0A0,11-12-2011
15168,4799 Buena Vista,,Hervey Bay,64,4655,0xE6100000010C30B1090CCF5839C06A8A20080E176340,64CE83B4-760E-4B1B-AF0B-E4194CB09084,24-03-2012
15169,2168 Reading Drive,,York,14,Y03 4TN,0xE6100000010CF17E9916B2034B4070CCDF294E5BF1BF,E0517094-F027-41A0-81BE-20506D758FDF,04-06-2011
15170,3421 Gehringer Drive,,Lane Cove,50,1597,0xE6100000010C011B09BF99EC40C0E07AC23EA0DE6240,CC07E117-1164-4C87-AEE3-2053CD3B85D5,11-01-2013
15171,2750 Logan Ct,,Yakima,79,98901,0xE6100000010C6506B38B1E434740B56D134C472C5EC0,1D86C8DA-BFDF-44E0-A47B-07B297C32BD8,04-03-2014
15172,1082 Crivello Avenue,,Glendale,9,91203,0xE6100000010C23BB0EF5EC1741408C8FC55207945DC0,49858409-75A7-4325-A40D-DFC3035C28FD,20-11-2011
15173,6954 Ranch Road,,Cloverdale,66,6105,0xE6100000010C42374591930240C0D43F445D80065D40,0446FC07-65E7-4BC4-ACC3-51FDAF91E438,16-09-2011
15174,4032 La Salle Ave,,San Diego,9,92102,0xE6100000010CCFB3C246B3664040CE31C00851505DC0,38256466-91CB-4881-9B7F-9773D22C27FF,05-12-2013
15175,2617 St. George Dr,,Burlingame,9,94010,0xE6100000010C68D4CD0A4FC8424078023EAED9985EC0,53DF7777-0A1C-4D06-86A9-DC634A310A67,11-01-2013
15176,8477 Riverwood Circle,,Beaverton,58,97005,0xE6100000010C93214685A1B54640A724DD5AA1AE5EC0,6A2FBFB1-6D69-47C6-8160-457D439A0219,12-02-2014
15177,2477 Everett Court,,St. Leonards,50,2065,0xE6100000010C4A2CD8480AEE40C0AC9E5ED6AEE76240,8EBBDE0A-D3E0-4A12-8B69-ED2F1530D59C,04-03-2013
15178,9972 San Miguel Rd,,W. Linn,58,97068,0xE6100000010C0027D7B342AA464017D62D4405B25EC0,BEFFF35D-3FD0-48D9-8598-46E0BD17C76F,20-05-2014
15179,3431 Aspen Drive,,Burbank,9,91502,0xE6100000010C55D83CADF51941407A250BD24E925DC0,9AA1509E-FBDD-4B5C-BA15-A85A02872DBE,09-11-2013
15180,"8818, avenue de Villiers",,Tremblay-en-France,179,93290,0xE6100000010C5F36D5295F7B48407EEE412D8B710440,3BC9A79A-4287-4B80-A729-A62CF38BF25D,21-12-2013
15181,7836 Roux Court,,El Cajon,9,92020,0xE6100000010CDBE1926E2F6640402C5F27E6E0375DC0,76858136-7FDD-4B3A-B41E-46313A439B4C,18-05-2013
15182,1549 Wildewood Dr,,Renton,79,98055,0xE6100000010CE7505E77ADB947402CFAB245D2975EC0,4765FC24-3F7A-4D98-8B76-52E514894A5A,05-07-2013
15183,5267 Mt. Tri-state Court,,Sunbury,77,3429,0xE6100000010C5BAB0D3412C942C0F8BDA4DAF91A6240,30C01B1E-DF27-457C-B8F7-F3D52DE0A10D,07-12-2011
15184,"35, rue de la Cavalerie",,Roubaix,145,59100,0xE6100000010CAB15D39BAB4F49404BB51795CF790940,D50AD2E5-CFD9-44D8-9F96-094FF64C5AF1,21-12-2013
15185,8020 Gladstone Drive,,Geelong,77,3220,0xE6100000010CD24A9F613B1343C035A724EBC2086240,536BECCD-5391-4519-A51E-16D4D9B9D765,28-10-2013
15186,5018 Rio Blanco Dr.,,London,14,E17 6JF,0xE6100000010C46B8B7B202C2494092976E2292D2A5BF,386C480D-2658-4012-8300-8A29C58D2007,27-06-2014
15187,"6, place de Fontenoy",,Pantin,179,93500,0xE6100000010CED27A170837A48409FD2FC8EA93F0340,96B95BB5-3414-4B64-8255-7E617CD1351F,21-12-2013
15188,4303 Athene Drive,,Chula Vista,9,91910,0xE6100000010CE035B3AE26574040A77C35FF9F3C5DC0,6FE47A57-3C90-4B70-8E41-F8F562656EA3,06-04-2013
15189,400 Pecan Street,,San Francisco,9,94109,0xE6100000010C79690ED18BEA42406B1C2C4EE5A55EC0,AF598EF4-3A89-451D-96CF-E43C587FFACB,22-05-2012
15190,7276 Vista Diablo,,Haney,7,V2W 1W2,0xE6100000010C856B2C004D944840FDE2A4F1039D5EC0,8AA9B3CF-8423-4E22-A0F4-79D45BC57354,25-01-2014
15191,370 Treat Blvd,,Billericay,14,CM11,0xE6100000010C7BA28D4CB4C84940CBE3BBCAA5A7DA3F,A9CAAD94-58B5-467B-914E-19EF1C740EF9,24-09-2013
15192,Erftplatz 66,,Solingen,53,42651,0xE6100000010C4C3EBE1E0A9F4940A789633DF0721C40,0EB33530-B1FE-4063-92E7-953062F5737B,17-05-2014
15193,"111, rue Marbeuf",,Colomiers,117,31770,0xE6100000010C02E92F88D8CE454007B3C8A6FD42F53F,8385AB8F-0439-4C84-A4B8-28E33A59AF29,21-12-2013
15194,"29, avenue de la Gare",,Chatou,164,78400,0xE6100000010CAE276FDF9E6F4840A6B16F0D4B3C0140,9E6344E3-31B1-4529-BF66-FFC28CD6D2D0,21-12-2013
15195,1233 Vista Bonita,,York,14,Y03 4TN,0xE6100000010C6E35E1BB2BFE4A4026C70C8AC44FF1BF,D4032D03-F4E7-4B18-96B3-A8843C4090CF,14-11-2013
15196,2964 Mt. Washington,,Marysville,79,98270,0xE6100000010C97092CC35C0D4840AFB614F977895EC0,D4FE0891-375E-4CA1-BEA1-A8FC60D8BD1B,12-02-2014
15197,Alderstr 7690,,Hamburg,20,20354,0xE6100000010C78D1D994C9CF4A404C0C0651CAF72340,8F8EA06A-1DF2-4EC1-A1E9-9BB9725B5EEC,04-03-2012
15198,1336 Terrace Road,,Berkeley,9,94704,0xE6100000010C527706B758F54240C3A6A6825A9A5EC0,96AA0F51-13BC-4AE4-8552-CBD036E7EC8C,31-10-2011
15199,492 Pierce Court,,Coffs Harbour,50,2450,0xE6100000010CE2B0F0654C1C3EC075BB3F2F58246340,D406E0C4-8698-4D9B-A769-CEA8F1D7D0DC,13-03-2013
15200,4286 NE 3rd Court,,Seattle,79,98104,0xE6100000010C4122069E53D3474051867DBBA38F5EC0,3395211A-F889-4106-8652-4E68B9E43550,30-06-2012
15201,5527 Liszt Way,,Glendale,9,91203,0xE6100000010C980A644F2D16414005B08AB97C8F5DC0,E81C4E1E-D8FB-4DAF-9D4E-FFBB54B9CDCF,13-09-2013
15202,Haberstr 328,,Kiel,70,24044,0xE6100000010C00000000000000000000000000000000,A91722DC-C694-4A40-94DC-B03EB2A35F0D,11-11-2012
15203,4666 Yellowood Lane,,Bellingham,79,98225,0xE6100000010CABB03623406148404C12E7120EAB5EC0,D61377DA-70D5-4EE1-BCED-590EEDC40E0D,07-02-2014
15204,6161 Sanders St.,,Port Orchard,79,98366,0xE6100000010C4AE06C88D5CA47408B5AA30DBAA65EC0,D96D5F77-A829-42CF-A5C2-E39FD8FA4C05,04-04-2013
15205,9620 Fallbrook Road,,Lake Oswego,58,97034,0xE6100000010C10085F6858AF4640AA87C46577B35EC0,34E1C96A-FDBC-46F1-B0AD-1D2B59005A94,29-06-2014
15206,4025 Hill Dr,,N. Vancouver,7,V7L 4J4,0xE6100000010CE70F1473C29F48403696CDEF64BF5EC0,17455A0C-FB51-4091-8FEC-6D4622267F0F,19-10-2013
15207,5253 Harris Court,,Stoke-on-Trent,14,AS23,0xE6100000010C6E7A243381884A4038BE6243EE6301C0,5EC285D1-A6A0-45EF-BDF2-5FAEF70BEC83,13-01-2014
15208,"660, rue Villedo",,Sèvres,178,92310,0xE6100000010C9EC0DC86926B4840F99D4067E5AE0140,9EF04406-E64B-4D76-9FBE-ECA2B14D73B6,21-12-2013
15209,7297 Kaywood Drive,,East Brisbane,64,4169,0xE6100000010C46752EEE86793BC06B7C5053D6206340,60CC8DBA-BB00-4ED6-8300-542BE5E02406,08-09-2011
15210,Hunzinger Allee 124,,Sulzbach Taunus,70,66272,0xE6100000010C00000000000000000000000000000000,805FA7A1-4E75-4FE4-9582-550AE58B6B86,29-08-2013
15211,394 West Hook Road,,Beverly Hills,9,90210,0xE6100000010C80079F8092124140600E8D9145A55DC0,3BF03485-834D-465C-8FBD-E765633AB983,22-03-2014
15212,4716 Zebra Street,,Bracknell,14,RG12 8TB,0xE6100000010CC01171A4D4B649409E71F1EA143EE8BF,A0EE9744-4645-41BC-9738-CFF3F7868EA8,17-01-2014
15213,5053 Freedom Hill Circle,,San Gabriel,9,91776,0xE6100000010CE40FED3FC1054140E9F042F7C17B5DC0,A52EF670-FF5C-45FF-9AD9-5E9A5009352E,22-06-2014
15214,1676 Valley Crest Drive,,Renton,79,98055,0xE6100000010CD825546F33BD4740F4008E2C3D945EC0,CA49A11A-1A38-4A9F-AB48-F74D64736380,23-03-2013
15215,Hochstr 8444,,Hamburg,20,20354,0xE6100000010CE480C58DEEC74A405ABE9389672F2440,A2D0616F-121B-46F9-A082-3AAC3D60DF18,24-02-2013
15216,6589 Viewpoint Ct,,Palo Alto,9,94303,0xE6100000010CF3B9CD6777B64240E8844D05C77B5EC0,01E77C86-8C87-4938-B51E-247610619EB7,12-08-2013
15217,Lindenalle 842,,Grevenbroich,8,41485,0xE6100000010C00000000000000000000000000000000,C064230D-8433-4940-B6FA-8A30480B5CD5,19-05-2014
15218,9348 Notre Dame Ave,,Cloverdale,66,6105,0xE6100000010C6C4589CEF7FC3FC02A6A2F0B35F35C40,5E67B7C5-84AB-42D0-A4A6-F35AB9C416BD,22-12-2012
15219,"4680, rue Villedo",,Croix,145,59170,0xE6100000010C9C40271799554940966994920F380940,5F8CA873-83A2-4A22-B298-C10D2BFB97DC,21-12-2013
15220,"3366, rue de Longchamp",,Cergy,181,95000,0xE6100000010CC0330235E07F4840F2FD9123337E0040,49B1179C-A3C6-40C0-ACBD-4DE0BDEFCF0E,21-12-2013
15221,6121 Cook Pk,,Goulburn,50,2580,0xE6100000010CCB03BEFD144B41C0B60DEB8F1CB56240,009C8698-11C9-48F3-8D36-554EB63B222B,24-05-2013
15222,1289 Mt. Dias Blv.,,Haney,7,V2W 1W2,0xE6100000010C1FBF4BEC85904840268D4994A99A5EC0,A566021B-6226-4408-B33E-16915E226F9B,04-10-2013
15223,5278 White Dr,,Caloundra,64,4551,0xE6100000010CC2F8B930DFC33AC0FBCC9C9477226340,D59EB19E-8AD9-4D54-8144-BC1F0068D295,18-11-2012
15224,3162 Glaze Dr.,,Berks,14,SL4 1RH,0xE6100000010C0B70D292BEC14940EEF1E2D22D80E3BF,17940CE7-2519-4B24-8605-1C463B9C3EB6,24-03-2014
15225,1462 Summit View Dr.,,Cloverdale,66,6105,0xE6100000010C3DC1224626FC3FC0EE459018B9F15C40,DC156EA5-0507-4BE4-A6B2-6E7DA1A0C001,13-04-2013
15226,9152 St. Patricia,,Chula Vista,9,91910,0xE6100000010C9A4D93B0CB4E4040A77C35FF9F3C5DC0,540DEE02-D296-467E-8F97-364E2F46263E,15-03-2014
15227,9192 High Maple Court,,Daly City,9,94015,0xE6100000010CEDD010B58BD64240AC8EA5C7F2A95EC0,17E703B8-6DEF-454A-A55A-B8A980F2E9F0,31-10-2013
15228,843 Raven Court,,Leeds,14,LE18,0xE6100000010CBD1C235844ED4A40B7268E2A07BEF8BF,F26A0F15-E3AB-4B91-A917-EDF73F0E8969,20-08-2013
15229,181 Buena Vista,,Shawnee,7,V9B 2C3,0xE6100000010CEA6A18DE133F484039CCDF0E38DE5EC0,5DED29E2-C82A-45FA-838F-A2CF1C58CFA5,09-07-2013
15230,3131 Greer Ave,,Puyallup,79,98371,0xE6100000010C3F9ED71AD6904740441040E915895EC0,92CCE905-9093-4156-9B6A-0CAAC8CD04A9,08-09-2013
15231,1716 Rosewood Dr,,Haney,7,V2W 1W2,0xE6100000010CEAFCF2F9399B48405B3A12676DA65EC0,F6D20A73-0871-4AF5-96AC-FB60C69A79CC,28-12-2013
15232,5313 Haynes Court,,Bluffton,67,29910,0xE6100000010C01F0FD8F4D2240409CF20A1C4F3A54C0,6BEC1BFE-B9C0-4CE2-85F2-F441E4FF8113,15-04-2014
15233,4920 Orange St,,Burbank,9,91502,0xE6100000010C3927A5B4251541407A250BD24E925DC0,1B58852C-7597-438D-8970-3B56B77691F5,16-08-2013
15234,466 Ranch Road,,Bracknell,14,RG12 8TB,0xE6100000010C1D82DED39DAD4940DA6C9411F13FE8BF,299BFAF8-B681-4419-9086-083F2F2B4498,23-07-2013
15235,6416 Honey Court,,Peterborough,14,PB12,0xE6100000010C80DDDD32A3444A408520E05C6A01D0BF,B506666A-94C0-4294-8461-3F8E50CAA901,29-10-2013
15236,6802 Spring Hill Road,,West Sussex,14,RH15 9UD,0xE6100000010C00000000000000000000000000000000,FC79606E-D7B0-499B-92F0-7AA8872D30F5,21-02-2013
15237,7546 Gonzalez Ct.,,Sydney,50,1002,0xE6100000010C7AA6DE4A4AF040C0F5219B91E2ED6240,9B8A1375-730D-44E8-9268-75547240D441,20-11-2012
15238,4279 Patricia Ave,,Everett,79,98201,0xE6100000010C4F4D16BDA0FB4740A3391B0EA6865EC0,4F4C2A1F-B3FC-4FE4-9FD9-CE21CFE3C70B,06-05-2014
15239,6614 College Blvd,,Wokingham,14,RG41 1QW,0xE6100000010CE1439ECE14BA49403C75D877F326EBBF,CDB720B9-4A6E-40A7-A9FA-DA5099590443,04-06-2014
15240,648 Newport Drive,,Daly City,9,94015,0xE6100000010CA1C9353843DE4240DC04ABEF679D5EC0,595FD232-C5C1-4CF1-8240-C73D7052ACF2,10-02-2012
15241,4949 West Slough Rd,,London,14,E17 6JF,0xE6100000010C9FB84A6F3CCD494077CF9F38A9CEA5BF,E60FEBFA-5D71-4546-A03C-7C94D19B0A3E,27-10-2013
15242,5307 Wildberry Court,,Lake Oswego,58,97034,0xE6100000010CC872AC35EDAF4640F5ABFF61D4AA5EC0,09719738-9A50-4118-A53D-7F6B5420CFDC,17-08-2013
15243,Helsenbergbogen 6,,Saarlouis,70,66740,0xE6100000010C2FDBCD5E11A44840FA4A076C90F31A40,A12E01D9-8C6F-4707-9FA3-A3CF1A10AC11,03-04-2014
15244,1930 Many Lane,,Olympia,79,98501,0xE6100000010C1EF6DC7CB18247400A546B6240B35EC0,81DD9C54-776F-443C-A051-59092A9F6F10,13-03-2014
15245,"811, rue de Longchamp",,Les Ulis,177,91940,0xE6100000010CBF8AFEB3595B48405EAB96D1E3520140,0D19C9B6-FEB8-4407-B730-162C2E39AAC3,21-12-2013
15246,6843 Mountain View Blvd,,Burbank,9,91502,0xE6100000010CA6CD9AB0C51741409EA2E0C9C38D5DC0,D7D2F0EE-D5F0-4572-A495-C145D5016AB3,29-10-2012
15247,6375 St. Germain Lane,,Oakland,9,94611,0xE6100000010C9D8119EFD0ED42408EEAA09FB8905EC0,94721BE7-F004-43CE-B50B-86C46967E098,03-09-2013
15248,4199 Del Rey St,,Bremerton,79,98312,0xE6100000010C7490D115CACD4740496E371D6DAF5EC0,5A042C1E-58DE-43F3-849E-023BA0F88104,26-05-2014
15249,Helsenbergbogen 6,,München,53,80074,0xE6100000010C00000000000000000000000000000000,D87F149B-2A06-428C-8940-96B0E5BFC8A1,22-05-2013
15250,9030 Louisiana Dr.,,Melton,77,3337,0xE6100000010C88AA44B7C2C842C0FD600C1D60196240,C6A1E73D-E2F1-4385-BE30-2C758E702D84,08-01-2013
15251,3985 Jacqueline Drive,,Salem,58,97301,0xE6100000010C17DC19B10B784640789F2C1542B85EC0,B557D4AE-1E35-4AFF-959E-B29921C019C5,16-08-2013
15252,9406 Lincoln Dr,,Gateshead,14,GA10,0xE6100000010CF2BFEC7B3B7F4B4025D9535E0E9EF9BF,676CBE04-EAF2-4150-984F-CECA05BF7BD2,15-08-2013
15253,2103 Baldwin Dr,,Puyallup,79,98371,0xE6100000010C82E15294859D474054AB6382B2915EC0,0B3E97E6-46F3-4E6C-AD40-49ECF91F4538,16-01-2014
15254,6501 West Way,,Bellflower,9,90706,0xE6100000010CD23E694D84EB4040D24754934E8A5DC0,0767452F-9BA9-45FF-9951-8290BFD103C9,09-04-2012
15255,4631 Candlestick Drive,,Brisbane,64,4000,0xE6100000010C30EE2AAD2F6E3BC0AEA27696D9196340,FF526CE5-FD25-4325-A3BF-E65CCE9C0A32,11-11-2013
15256,5203 Virginia Lane,,Bury,14,PE17,0xE6100000010C02FDE8FAFFC54A40F8F8186EAA6602C0,34C1D61C-2CAD-4E07-9B08-6E453309E9A8,09-11-2013
15257,Unter Linden 942,,Leipzig,53,4139,0xE6100000010C00000000000000000000000000000000,EDF34A45-176D-478D-82FD-827E0257B86B,10-09-2011
15258,5872 Matterhorn Court,,Santa Cruz,9,95062,0xE6100000010C625F5F69F77F424011F539F1B6775EC0,CC0047F5-6605-4BF0-8C2C-A97BC94EED34,25-03-2014
15259,447 Power Ave,,Oxon,14,OX16 8RS,0xE6100000010C00000000000000000000000000000000,08A70C97-1F2C-4B4E-80C8-F27813C9CE7D,01-07-2013
15260,149 Valley Blvd.,,Gateshead,14,GA10,0xE6100000010C343F4663877E4B400A78674AFEA1F9BF,7F1DE716-DB7A-46EE-97A6-EE6DBE22B85C,10-07-2013
15261,9076 Inverness Drive,,Lake Oswego,58,97034,0xE6100000010C33B3353DA5B846408F87F86079A85EC0,2CF95EC0-82A9-4CEA-A3A5-8E989F71C93C,07-03-2013
15262,572 Coldwater Drive,,Kirkland,79,98033,0xE6100000010C049EA8CE51DA4740EEF9C399E1885EC0,4DD90844-01E5-4F29-8567-316BE34B745C,27-10-2013
15263,8435 Kenmore,,Chula Vista,9,91910,0xE6100000010C948526E41F4D4040724B5C70203B5DC0,688D8C90-31D7-4631-888E-C706D52C73B7,06-11-2013
15264,2612 Berry Dr,,Matraville,50,2036,0xE6100000010CBA272B5BAEF540C0501AE25AD9EE6240,7F4F3ABF-7BAF-453D-B723-7C2B5B0343E4,26-06-2011
15265,8459 Live Oak Avenue,,Gateshead,14,GA10,0xE6100000010C7F3191A7DD714B40192AEE6EC69AF9BF,B2D3FAB1-E59F-4188-801C-A2B108429D8E,18-12-2013
15266,4804 Haynes Court,,Corvallis,58,97330,0xE6100000010CB7A9D714D95A46407A62E31015D75EC0,D15E418E-7ED0-40E6-9137-1D8B79C17C9A,03-01-2014
15267,6807 Rambling Rose Drive,,Lynnwood,79,98036,0xE6100000010C9308831337E64740FA6F3AD6848C5EC0,A01EBC1D-91E1-4155-9AA0-6B3E3919E242,21-12-2013
15268,6086 Glen Wood Drive,,Port Macquarie,50,2444,0xE6100000010C5EEC7F0D84563FC0B5111A4856156340,D6D8922E-193E-41B7-BFA8-306A68329A06,25-07-2013
15269,8781 Valley Crest Drive,,London,14,SW8 1XD,0xE6100000010C2B772741FDB94940AADE9FD14F33BFBF,2B00F2B9-647A-41B7-934C-1A3F2DBBA485,06-11-2012
15270,4845 Lighthouse Way,,Goulburn,50,2580,0xE6100000010CEA703ACBF74B41C0E2F8EA4D52B06240,EC8FF47C-5A70-4D66-9FB8-9F47026B9691,07-11-2011
15271,3870 Grand Ct.,,Matraville,50,2036,0xE6100000010CE6665C2C4AF840C0501AE25AD9EE6240,215EB1C6-57B1-4FDA-916F-661D8C12886F,05-07-2013
15272,1000 Bidweld Street,,Haney,7,V2W 1W2,0xE6100000010C2238C96943A048402757DB3036A75EC0,2BF2B26F-D847-4AD2-8BEE-98748BED53A9,19-11-2013
15273,"61, rue Pierre-Demoulin",,Paris La Defense,178,92081,0xE6100000010C00000000000000000000000000000000,AD159D96-9A5D-408C-856F-8B3DABFB60AD,21-12-2013
15274,"610, boulevard Tremblay",,Orleans,131,45000,0xE6100000010CED4F036604EC474009DC31590591FE3F,EF30F340-0528-4535-8CC7-941330258B94,21-12-2013
15275,5485 Wee Donegal,,Shawnee,7,V9B 2C3,0xE6100000010CF006089AE03848403C34BED6AFD85EC0,84538818-BF3F-4426-BC88-92F3C1AFCD18,14-03-2014
15276,8015 Climbing Vine Court,,Berkeley,9,94704,0xE6100000010CD5A0DDB387EF4240F5759220458C5EC0,117A0A27-01A5-4B17-9B96-A9C40E6BBB25,22-03-2014
15277,3563 Mulberry,,Stoke-on-Trent,14,AS23,0xE6100000010C13A4DDAE81794A407F76C803925401C0,92B90876-09A3-466B-BD81-9524AF3402E7,26-08-2013
15278,3603 Stinson,,N. Vancouver,7,V7L 4J4,0xE6100000010C84AB97D4DBA94840AC342B5FA2C95EC0,F95E1D15-5994-43DE-8AA5-C579B532FE80,29-10-2013
15279,6227 Oak Creek Ct.,,North Sydney,50,2055,0xE6100000010C971432EAB1E840C060399A370FE86240,99C1A2F1-F630-4FAD-9A1F-20D2645AA91B,13-11-2013
15280,4590 Mori Court,,Woodland Hills,9,91364,0xE6100000010C988E6509F9174140E0C11C18E7A75DC0,B0FDADFE-390A-406F-AEFB-99B5BAB7DA88,30-10-2013
15281,4885 Strawberry Court,,Burlingame,9,94010,0xE6100000010CCA832019A3CC42406591202CCD915EC0,569DEB25-F81D-433B-8158-E1AE3C65825F,15-03-2014
15282,6126 Virgil Street,,Sedro Woolley,79,98284,0xE6100000010CBF8B1669DA474840E294D871A9825EC0,9C43FAFA-CEF0-4D43-A565-BCB70C1D866E,20-07-2013
15283,8932 Westwood Way,,Berkeley,9,94704,0xE6100000010CD5A0DDB387EF4240D6C57387B48A5EC0,3C87C4D2-D1FC-48BB-A436-0F552BD79D3E,29-04-2014
15284,9330 Sinclair Ave,,Cliffside,7,V8Y 1L1,0xE6100000010C5476464D67494840EB281AEA39D95EC0,94B62A72-5447-4248-8A1A-9D916CFBD6BC,15-05-2014
15285,826 Sycamore Drive,,Cliffside,7,V8Y 1L1,0xE6100000010C61EED662D04348405FE5C06D62DC5EC0,70B21A45-C3C5-477E-837D-4BC9831CD8FB,21-05-2014
15286,6940 Hilltop Dr,,Yakima,79,98901,0xE6100000010C7AEAA9589A54474079AF85683E1F5EC0,A6721E53-E880-47C8-9C22-04FD09AB192A,11-09-2013
15287,8689 St. George Court,,Salem,58,97301,0xE6100000010CC8E555054B724640BA3FFF3EF0CB5EC0,18FD3512-5E75-4DD0-B666-72F9676F3C02,15-04-2014
15288,467 Moccasin Ct.,,Kirkby,14,KB9,0xE6100000010CE3C0C25D51C14A4045F5BF1E0D2607C0,662CDE1B-5546-4F96-9EF4-5C9CBF439946,26-01-2014
15289,5058 Anchor Ave,,Rockhampton,64,4700,0xE6100000010C644B043C4A6637C0CFFAFA12AACD6240,4D66E232-FE66-48F9-ADA1-6F958126916D,30-06-2013
15290,9717 Hiliday Hills Drive,,Santa Monica,9,90401,0xE6100000010CFE824EA3FE0241406E3F1BE446AA5DC0,4E3B3E2D-173B-4842-BA5B-6A7578EE521C,09-09-2013
15291,8914 Jam Way,,Chula Vista,9,91910,0xE6100000010CB77936634D514040C00AE090DD445DC0,9E8E6DCF-365C-4F00-9377-73809F52A25F,14-03-2012
15292,91 Kalima Place,,Burien,79,98168,0xE6100000010C938C522E9EC34740C8E37E5BD8965EC0,7C71267E-E0EF-4B0A-BC33-2E493262B3DE,12-10-2013
15293,6340 Olivera Rd,,Corvallis,58,97330,0xE6100000010C2BDAE6E0D856464074E0B55631CF5EC0,DCA858C3-B148-4730-A6CF-1DB21D5E7B2B,02-03-2012
15294,3312 Clear View Circle,,Cloverdale,66,6105,0xE6100000010C269821F2F6F33FC067D366850C025D40,75DD724A-6D6B-4861-AEBB-7499DA58BBBC,28-04-2014
15295,1254 Roux Court,,Mill Valley,9,94941,0xE6100000010C1273313B3CF642409E713CA24EA15EC0,D5FCEB55-EBF9-47AE-85A0-D7EF00CF71B6,20-10-2013
15296,786 Eastgate Ave,,Portland,58,97205,0xE6100000010C01BC07BB42CA464031EA464B74A65EC0,CAEF38FD-4FF3-46EB-9A73-E0D6578F8C80,24-02-2012
15297,"44, quai de Grenelle",,Suresnes,178,92150,0xE6100000010C435438BB7E7748401BB0C11215C30140,5290EF92-7669-4942-99A9-6B017C51ACED,21-12-2013
15298,209 Richland Dr.,,Melton,77,3337,0xE6100000010C4BD94B86C2D542C06F731DE6CE0D6240,2B558820-C486-40CC-97D4-A1B890DEB202,21-03-2012
15299,6788 Edward Ave,,Paris,161,75005,0xE6100000010CB5AB152155634840579FBD3F8CD30240,709275A5-D198-4927-8F49-22A7E90BE809,21-12-2013
15300,2815 Poor Ridge Court,,Reading,14,RG7 5H7,0xE6100000010C547E54981EB4494042ACCA507AC7EEBF,A1A16A6E-E7DD-4AFE-80CF-8B5235CD7574,29-08-2013
15301,5953 Pinewood Court,,Warrnambool,77,3280,0xE6100000010C7793CD37D70A43C0BA3F81CBD8C96140,9D241197-3134-40DF-A105-0966415F032B,17-01-2013
15302,9641 M St.,,Coronado,9,92118,0xE6100000010C0F053FFA2255404057AB4148AC475DC0,6D429810-BEC9-44AA-BF8B-192916AC4E03,10-02-2014
15303,"6963, rue Lauriston",,Paris,161,75016,0xE6100000010CDD64FA3B39694840F1E96F6691500240,BB37025A-57A9-49EB-A1E7-C528D5924586,21-12-2013
15304,7719 Athene Dr,,Lincoln Acres,9,91950,0xE6100000010C8A559524EE5440401D94B104DB485DC0,CB016872-3D6B-489F-807B-DD518759AB7A,02-10-2013
15305,416 Tupelo Drive,,Oxford,14,OX1,0xE6100000010C6D833B1D25E0494073B076244D22F4BF,5CB0E401-8D05-407B-971E-78C64C6B6C89,13-11-2013
15306,8746 Gonzalez Ct,,Langford,7,V9,0xE6100000010CC2AEAD50DA334840B97C2D7849DF5EC0,4C6545D0-2FBD-4A2B-8AA9-5B4A7A1AEBB1,01-06-2012
15307,"112, avenue du Québec",,Sèvres,178,92310,0xE6100000010C269D2B5032714840F99D4067E5AE0140,8FC2D63C-53E1-4840-AA33-7BD6C4AF88A2,21-12-2013
15308,Westheimer Straße 5601,,Darmstadt,19,64283,0xE6100000010C39EAF77907E94840B10C833B51492140,1AC5FF5C-6D84-440B-B2F7-20F4EB49CF74,24-04-2013
15309,1697 Sunny Ave,,Glendale,9,91203,0xE6100000010CB2A08E8B0E10414097DBE6976E895DC0,5AC48703-0043-4843-AEAE-A1BED87148CE,27-07-2013
15310,283 Winterberry Ct,,Westminster,7,V3L 1E7,0xE6100000010CDDF654C151A34840B56E7351B9BE5EC0,1A558D38-9AE5-47A0-8C57-9D235E837F81,01-08-2013
15311,4921 Oakwood Circle,,Malabar,50,2036,0xE6100000010C15B0368112FD40C0DDF1D68C54E06240,C4727824-1E30-4A1B-8A1C-7028F98EDEFA,16-12-2011
15312,"71, avenue Reille",,Bobigny,179,93000,0xE6100000010C06C37ED9687548405D151C09E38B0340,5B6E282B-44C9-4A97-8065-AA1EB4A85B13,21-12-2013
15313,Buergermeister-ulrich-str 7500,,München,19,80074,0xE6100000010C00000000000000000000000000000000,ECBE8214-91B3-4FC8-804E-BCCA3D61438E,11-02-2014
15314,4982 Ultra Way,,Long Beach,9,90802,0xE6100000010C564BE1EF07E24040D877ED0415895DC0,C02BD6BE-CF7A-4D24-AB79-793433C5624B,06-07-2013
15315,1097 Kulani Lane,,Kirkland,79,98033,0xE6100000010C37884794B5D94740B9D41AB77B915EC0,F603DE1B-9644-43EF-A5EE-06D4CBC688CA,14-10-2013
15316,3754 Olive Ave.,,London,14,E17 6JF,0xE6100000010CAEE5EB4298CA49403135743538CFA5BF,C43B1079-FEC4-4D12-A58B-5082798C47C1,28-04-2013
15317,2846 Thomas Ave,,Shawnee,7,V9B 2C3,0xE6100000010CC2F10CC8BC3A4840C0E85B0297E05EC0,A27EEFDC-F9F0-4A01-B12A-53CD28371909,07-10-2012
15318,9214 Birch Park Rd,,Bellflower,9,90706,0xE6100000010C275A1FAD8DEE40403EAEDB098D895DC0,A303104D-3755-406E-B7A7-8A1A8150FEB1,03-10-2013
15319,9021 Terrace Drive,,Perth,66,6006,0xE6100000010C8322D371DBED3FC0965FFABC6BF75C40,5F55372D-8BE8-4969-A6B5-7E4C31BDC19A,08-03-2014
15320,3169 Estela,,Rockhampton,64,4700,0xE6100000010C37C71A25496937C00AA7975D25CE6240,F37DAC46-65B3-4A89-861E-BF67E0A599F9,05-02-2014
15321,3874 Claudia Court,,Walla Walla,79,99362,0xE6100000010C9207E1B7EE084740F45F1D1779A15DC0,36F2FAB3-B718-43CD-8F69-9C5E7380F1D8,08-12-2011
15322,496 Ashwood Dr,,San Francisco,9,94109,0xE6100000010C4DE613FE73DE4240C4394402C3A25EC0,F2E911FC-0A3B-410A-A29E-851555C4B562,12-06-2013
15323,Westheimer Straße 9601,,Berlin,19,14129,0xE6100000010CE1BDBFF8EC354A408D8847761C5D2A40,5CDE788B-85E7-44BB-B1AB-4C6BCD6B2BA5,16-07-2013
15324,8065 Shakespeare Drive,,Port Orchard,79,98366,0xE6100000010C4AE06C88D5CA47406C66C9CB04A25EC0,8BA3ED74-E4E0-48F1-9481-442C59E7F5DE,29-07-2013
15325,6785 Union St.,,Newcastle,50,2300,0xE6100000010CE37319C7267340C0EE139B4FCBFD6240,0A13EBD6-5176-4076-9757-01B2DF20931B,26-02-2013
15326,2765 Robbins Place,,Royal Oak,7,V8X,0xE6100000010CBDD46E0FB23E484025A54EBBEBDE5EC0,6BEEDE20-99B7-4C9B-8320-4A9695DFAA1E,22-01-2012
15327,Am Gallberg 2345,,Hamburg,20,20354,0xE6100000010CFDF306904DCA4A4019DF9F5859FA2340,9A726653-4E3F-4AE1-8E82-A4582E12EB6E,18-08-2013
15328,2552 Palm Ave,,Beverly Hills,9,90210,0xE6100000010CB051E5EF87084140C1956A75359F5DC0,CD0D805B-2654-4AE0-9C1A-25687601D232,02-09-2013
15329,670 Echo Canyon Lane,,Oregon City,58,97045,0xE6100000010C7049F71A12A94640EE039617709F5EC0,E5FED862-E6B8-4ADD-A8CF-CB5C49995E6E,27-11-2013
15330,9000 Adobe St,,Grossmont,9,91941,0xE6100000010C94139D63F464404099AD68B305475DC0,912E91CF-50C4-46D3-BACE-8F4204092F63,17-11-2013
15331,"77, avenue du Président-Kennedy",,Drancy,179,93700,0xE6100000010CB596B33C917048406B0E3A1C0F870340,D3167C1F-BA6E-455E-9B01-59C706FA9AD6,21-12-2013
15332,"3716, avenue Reille",,Metz,143,57000,0xE6100000010C704FDCDA04854840456634706FB81840,64DAF7C1-1460-428A-9041-FA728CEC5BF5,21-12-2013
15333,6396 Market Place,,Newport Beach,9,92625,0xE6100000010C8752CD0A41CE4040096F1B9CC8795DC0,D02235FD-AA25-48C7-80BE-8C578E860850,12-08-2013
15334,3451 Meier Road,,Springwood,50,2777,0xE6100000010CE2145D1E51DC40C0E25C8251E3CC6240,673BCA3E-DA91-4605-A896-04365FDC74DE,20-10-2013
15335,3970 Falcon Dr,,Reading,14,RG7 5H7,0xE6100000010CC84B23D405BC4940BC7D8ECA9FD9EEBF,775464BC-4FCD-4DF2-B31D-665518B1094C,09-08-2012
15336,7892 M Ln.,,Downey,9,90241,0xE6100000010C6811153052F34040F56EBCD3B6845DC0,F6C97310-6F6D-48C1-9477-A9FB744C7C83,22-05-2014
15337,290 Reed Way,,Malabar,50,2036,0xE6100000010C4EEF6752AEFF40C09C5DBD1976EB6240,F41884BC-573B-4CAB-8993-7C7AF1829B9E,05-07-2011
15338,1351 Boxer Blvd.,,Redwood City,9,94063,0xE6100000010C57D425FA38C1424084F201D953915EC0,CDA7DE51-F80C-4037-97FF-F3E68A135D8A,13-08-2013
15339,5756 Mehaffey Way,,San Diego,9,92102,0xE6100000010C0FAC25FFC15A404076046F7EF04B5DC0,5BEF7850-6948-46A2-8B65-5E313B64C179,04-03-2014
15340,2124 Royal Arch Court,,Milwaukie,58,97222,0xE6100000010CECC665EDA2B74640F1E12AA15DAA5EC0,61782F2F-A904-4C0C-9222-1FF2C19190FB,27-07-2013
15341,9779 Shuey Ave.,,W. York,14,BD1 4SJ,0xE6100000010C14DFB980E1E84A4027FF9E58300EFCBF,2751773D-DA02-426B-AA93-389A55AFEBF6,29-08-2013
15342,8903 Summertime Dr.,,Milsons Point,50,2061,0xE6100000010C45D2FF52FEEE40C0C0C71FC8EEE36240,B916D16F-1C24-4B26-AA6F-9FC97C044AB8,17-10-2011
15343,4128 Stanford Way,,Corvallis,58,97330,0xE6100000010CAEB145BB2151464054A1CC3323D35EC0,35AD91F6-E6FC-41D7-80C8-C3D3ED1EEAF7,01-01-2014
15344,3406 Raven Court,,Westminster,7,V3L 1E7,0xE6100000010C29A7E118649C484090096924B6B35EC0,BB601C8C-AF0D-482C-893C-864CF0F3B309,05-08-2013
15345,5065 Cloverleaf Circle,,Berkeley,9,94704,0xE6100000010C585D76C903F04240C21D03D47C8B5EC0,6B4F0605-145E-413D-B6FF-46CE717DDC19,28-02-2014
15346,7399 Pacific,,North Ryde,50,2113,0xE6100000010CF1297C6D32EA40C00B15BA35EDDE6240,2BC90768-FC3D-4557-9086-923E0359DF64,08-04-2013
15347,2845 La Vista Avenue,,Walla Walla,79,99362,0xE6100000010C18F98AA8680D47408D8D482DF78C5DC0,3524A44C-90A2-40A3-8785-61331D839B4D,16-10-2012
15348,8761 Dancing Court,,South Melbourne,77,3205,0xE6100000010CDF4977A446E542C0343BBBBB9E196240,AEE22B66-4CD3-460F-A16F-5348CD7C5529,27-01-2013
15349,1833 Worth Ct,,Findon,66,5023,0xE6100000010C0D9DEF15847641C07AD0CDC05D576140,B20391A2-3B3A-4E04-8EBA-4FA431638743,25-03-2012
15350,2377 Joyce Dr,,Lebanon,58,97355,0xE6100000010C8DEAE57D714A46403D59D999CFA85EC0,F5823961-010B-4237-8EF0-24569269BA1E,07-03-2014
15351,7544 Stanford Street,,Burien,79,98168,0xE6100000010C9BD5A5B9A3B547400E79B3A9048F5EC0,FE1860D2-D176-4CC0-890B-EB1694739CB4,03-05-2014
15352,8398 Mt. Hood Circle,,Melton,77,3337,0xE6100000010C697A2CC076D042C0A005C41AF50B6240,97AEAE18-3D18-422B-B588-AD1ED8208A9F,09-09-2011
15353,7330 Saddlehill Lane,,Issaquah,79,98027,0xE6100000010CA95F3FFF4CC647406E5861D7C2735EC0,96F0DFA5-815B-4A19-A761-3CD418D4C1EF,23-04-2012
15354,"1722, rue de Cambrai",,Metz,143,57000,0xE6100000010C7A9A4C5B308D4840699D6462AAC01840,8BC8E324-64F8-4489-BEB7-BDCF00EC1D4B,21-12-2013
15355,5408 South St,,Salem,58,97301,0xE6100000010C5E4FF024D47E46406C5F402FDCBC5EC0,4A763B0C-D58B-4B11-831B-58071C633E83,03-05-2013
15356,5448 Hill Drive,Unit 3b,Lemon Grove,9,91945,0xE6100000010C4302FAD14259404061CF888401435DC0,5B201965-C783-451A-9F5B-D8A90BE95A86,22-03-2014
15357,3365 Atherton Circle,# 13,Bendigo,77,3550,0xE6100000010C4A5592DB145F42C067F9CB1FC10A6240,245C5AC2-E106-4D4A-9B76-66677F352D93,25-08-2013
15358,3399 Climbing Dr,,Darlinghurst,50,2010,0xE6100000010C944CA39322EF40C067768E487DE26240,1D40DD6C-5FF0-46C4-9CEF-C561F230BEEA,01-10-2013
15359,6436 Brookview Dr,,Puyallup,79,98371,0xE6100000010C310431E145964740D2E766ED7A925EC0,A3EFFDEF-4EB3-4696-9FA9-4D779E522783,23-08-2013
15360,6730 Green Leaf Drive,,Beaverton,58,97005,0xE6100000010C64BD183433BD4640CF3FD15BB3AA5EC0,FDCA940A-0B9F-4C58-955C-E6EB441A300D,15-06-2014
15361,8278 Sequoia Court,,West Sussex,14,RH15 9UD,0xE6100000010C00000000000000000000000000000000,F9971AE1-D858-4BC2-806C-B7807947B583,29-07-2013
15362,9875 Pheasant Drive,,London,14,W1N 9FA,0xE6100000010C1CDDDB85C3C4494016AB062CFC46C0BF,352C7F8F-712B-4402-8DEB-479C61D6B499,13-10-2013
15363,7971 Rolling Green Circle,,Burien,79,98168,0xE6100000010C8ED28D9802C34740B172F68DAB8C5EC0,91ED665C-EAD3-4756-8DA4-634AE5AB7BDE,13-09-2013
15364,9768 Brandywine Way,,Perth,66,6006,0xE6100000010C5A4CF7AE98E13FC0EE876465BFF05C40,31FACC92-0522-4E47-B2AE-5FE7354189DA,07-01-2013
15365,6141 Race Road,,Wollongong,50,2500,0xE6100000010C8032AC62A53141C0E995102F83D66240,8ADD3808-74D7-4755-ABB6-C709C03A50B4,17-05-2012
15366,1176 Oil Road,,Redmond,79,98052,0xE6100000010C2A18C9889ED04740758EAEF884925EC0,2EFFA672-7165-4AD5-8BAA-4A6979F7B5AB,25-07-2013
15367,2672 Pansy Dr.,,Seattle,79,98104,0xE6100000010C22C059DEBFC747406492C68FAF965EC0,58A7B296-8B94-40DA-9004-14193248BD1A,03-01-2014
15368,8785 Whitehall Drive,,Vancouver,7,V7L 4J4,0xE6100000010C5283449F05A148405D392C0BABBA5EC0,6DF4309D-6692-44C3-B659-50719DF1BE07,19-08-2013
15369,536 Panoramic Avenue,,Beverly Hills,9,90210,0xE6100000010CB8D86C3AD70941403368142F0D905DC0,BD41EFD3-E6C6-4252-A837-ADFC23EE4E11,20-11-2012
15370,7581 Alaska Dr.,,Bellflower,9,90706,0xE6100000010CD23E694D84EB4040F6165272747D5DC0,0224A92E-7BB0-4BF9-950F-1E002B2E1C95,19-04-2014
15371,Unter Linden 54,,Neunkirchen,70,66578,0xE6100000010CFCFE537378B84840BD70D97C8A731C40,86676DC2-DA77-410A-8E1A-CB99B679F722,13-01-2014
15372,"739, route de Marseille",,Tremblay-en-France,179,93290,0xE6100000010CCFD12331DD7848409E7FA559ED6E0440,CBE02047-C117-4A85-A195-2724E1504DA3,21-12-2013
15373,4689 Deerwood Court,#512,Reading,14,RG7 5H7,0xE6100000010C89B20A72F9BF49409070EB04BCD1EEBF,D71FEB1E-0DE2-482C-AB0B-67C0E2764116,15-10-2013
15374,8185 Sol Street,,Lake Oswego,58,97034,0xE6100000010C9688D0D7CEB94640443E506142A95EC0,8BD3E5A7-163F-4B9A-ADB4-B45D8514B914,27-07-2012
15375,3099 Morello Court,,La Jolla,9,92806,0xE6100000010C9CFFDD34AAE940403CCBAEEA50775DC0,7967BBD7-D143-41B5-9D02-934B5FBC7FE6,21-11-2012
15376,"39, route de Marseille",,Saint Germain en Laye,164,78100,0xE6100000010C077BA7DE747348408DDFC321DCC60040,DAC938BA-C8C7-406E-800F-DF43FFF282F4,21-12-2013
15377,2631 Springer Court,,El Cajon,9,92020,0xE6100000010C383C9F46BA60404022C9C2D09D3E5DC0,5E118A41-7718-4A94-8DA3-1625D60022D3,16-12-2013
15378,Am Gallberg 48,,Mühlheim,20,63151,0xE6100000010C00000000000000000000000000000000,4B8FF1DA-D179-494A-A4BB-2E49A948C596,24-11-2013
15379,5191 Fishy Lane,,Townsville,64,4810,0xE6100000010C53790A9E763A33C0E424354852596240,DFC3D1BC-9738-4E8E-87A1-15D0248933DE,02-12-2011
15380,7798 Longbrood Way,,Lakewood,9,90712,0xE6100000010C7BBCFA2AFBE94040ED3B2408F3935DC0,6C5807B8-001B-4CAD-84A0-D1809F79C409,29-03-2014
15381,7585 Ida Drive,,Los Angeles,9,90012,0xE6100000010CBA5A09F0950641407FADE29D90845DC0,C5B7D740-ACC9-405C-89F9-CFFFBB3B4B58,05-05-2014
15382,5621 Arcadia Pl.,,Gold Coast,64,4217,0xE6100000010C105197E4FFFC3BC0DF22DAF127276340,86D1D1C7-48FB-4E4F-960E-9842656DCA63,03-08-2012
15383,8102 Birch Bark Road,,Melbourne,77,3000,0xE6100000010C2160CE93DEEC42C0A0542F7B6F1D6240,8EB4B4A4-C2ED-4BB6-BF8F-02B64365DBA0,26-02-2013
15384,5662 Lane Way,,Vancouver,7,V7L 4J4,0xE6100000010C6892F82C62AC4840256BF5120FC85EC0,D96D8B87-01EB-4309-BABB-12682118FE68,16-05-2014
15385,8358 Azalea Avenue,,Salem,58,97301,0xE6100000010C02A7DA3932794640D1563D1637C75EC0,48B3794F-27DC-4276-8A35-31D7F99CC13F,10-01-2014
15386,9458 Flame Drive,,York,14,YO15,0xE6100000010CC3B41E9D80F44A4060E435F0524FF1BF,9C4BF98C-3857-4ECA-9F63-5745A0014184,26-07-2013
15387,9347 Arlington Way,,Colma,9,94014,0xE6100000010C74CE9D0895D042406E8E0D053B945EC0,54B78FCA-AA4A-481E-8B0F-2B43D8016FA8,13-08-2013
15388,Residenz Straße 944,,Hof,8,95010,0xE6100000010C70C2D451DB324940A06F9B8867D62740,7482BAF1-38D9-418D-8065-471584221BE0,28-12-2013
15389,6907 Woodchuck Pl,,Melbourne,77,3000,0xE6100000010CFF59416F83E842C0837957449C216240,FD1B55CA-ABF6-4747-A6ED-AAA5012976CA,13-09-2013
15390,9640 Alderwood Lane,,Santa Monica,9,90401,0xE6100000010C058D5AC2C80741406E3F1BE446AA5DC0,91CA3260-3578-4CFE-91B9-A41B21A116D9,15-12-2013
15391,Am Gallberg 456,,Kassel,19,34117,0xE6100000010CB19E18719E9E49407F7438096BF52240,0167C65C-1DEF-4955-AC48-158F026D78CF,10-08-2013
15392,3397 Farm Bureau Road,,Darlinghurst,50,2010,0xE6100000010CFFC8F7A56FF040C0886A01A909E16240,083F0265-1A59-453F-BD6F-3CF67FE296B8,17-07-2013
15393,8589 Shady Ln.,,Geelong,77,3220,0xE6100000010C5081EAB4111A43C09DE5C5A9250A6240,A5CB5516-7E3D-4213-AF73-6A8E58578AF4,02-08-2013
15394,Curieweg 942,,Kiel,70,24044,0xE6100000010C00000000000000000000000000000000,2B01EBB2-D910-4949-861E-12A7E71384B4,16-01-2013
15395,8192 Seagull Court,,Port Macquarie,50,2444,0xE6100000010C0E9D112D9A6A3FC0A0DBFB304B176340,B5758470-700C-4977-B09E-9847EE591D0D,18-02-2014
15396,Werftstr 544,,Solingen,53,42651,0xE6100000010C4E772DA7C39B4940C854708207701C40,51718B0F-8964-4B3F-AAE3-4CD91308C571,01-01-2014
15397,"75, rue de Cambrai",,Les Ulis,177,91940,0xE6100000010C2C59AFB6DB584840EAB570278D550140,A0EDDC45-AEE3-4C94-8686-855913E44E41,21-12-2013
15398,4024 Montana,# 113,Hawthorne,64,4171,0xE6100000010C6A4294DA18703BC04536A6FAA31E6340,C945DF06-D5B6-4B12-A6C2-9FC631926B44,08-06-2014
15399,3894 Dennis Circle,,Berks,14,SL4 1RH,0xE6100000010CAAAE901473BE4940E72E9E97AD85E3BF,ACACA33B-638C-4101-860E-0910374AA253,09-05-2013
15400,8225 Hidden Oak Ct,,Olympia,79,98501,0xE6100000010CF9A0588417824740BB7F6D77D5BF5EC0,D90421D2-1C29-4FA2-901B-EF0ECD3C6773,30-05-2014
15401,6090 San Francisco,,Milsons Point,50,2061,0xE6100000010C41A3C70C87EB40C09646B787E6E46240,1CB21B50-E251-4E10-91F3-56AA117C2BBA,05-10-2013
15402,Helsenbergbogen 6,,Neunkirchen,70,66578,0xE6100000010C993F173B25A64840D303E659A4781C40,E624AD67-47D3-4BEE-8C4B-69B5FE72D91A,19-06-2011
15403,Buergermeister-ulrich-str 6411,,Saarlouis,70,66740,0xE6100000010CCD19420AB1B0484082638FF6E8061B40,D3BEC696-6A3A-4360-9F22-8E2E8D61A058,17-03-2014
15404,9039 North Spoonwood Court,,Daly City,9,94015,0xE6100000010CE53B3ADFD9DB4240AC8EA5C7F2A95EC0,1B6031D3-091C-4E43-89EE-F6C8F8141473,09-10-2013
15405,3445 Fine Drive,,Sooke,7,V0,0xE6100000010CE758309E38284840B3DBF9B0C2F25EC0,74941E55-C2E1-4FFC-98A6-7120A156DA78,22-12-2011
15406,"16, rue de l´Avenir",,Cergy,181,95000,0xE6100000010C81EDABF4DA7A48403559CEC145830040,786C9BD0-4E99-4A1E-B952-DA8437331C5C,21-12-2013
15407,2075 Browse Ct,,London,14,SW19 3RU,0xE6100000010CA3E5087A7FB24940C08DC7ECBD7ACABF,7A492C27-1416-4834-A366-BB7964849730,22-04-2013
15408,5719 A St.,,Olympia,79,98501,0xE6100000010C90A47D2176754740BB7F6D77D5BF5EC0,C98F9E3F-4BD3-46BA-8B75-9EE1EA5383FC,20-11-2013
15409,"11, avenue du Président-Kennedy",,Paris,161,75007,0xE6100000010C961B1E361A6D4840F46B1C144A4B0240,03C1F334-5D11-451B-A28F-785B7042E466,21-12-2013
15410,9910 North Wateroak Ct,,Burien,79,98168,0xE6100000010CD2777DA6ADB84740C8852DE1B6935EC0,EE8CCC1F-7086-4ED7-B7CB-7194F5AC3098,12-05-2012
15411,6787 Terra Calitina,,Downey,9,90241,0xE6100000010C8136F4E89DFE40408438316078855DC0,ABD27836-53FA-4407-B535-F298DBC3CD56,22-04-2013
15412,7800 Corrinne Court,,East Brisbane,64,4169,0xE6100000010CF1AEF57D0B7D3BC0E5B7D3D6E01E6340,80781063-8921-4072-B974-E7931010E08B,16-06-2011
15413,1694 All Dr.,,Bellingham,79,98225,0xE6100000010C4E033D7F8358484067FA6A9951945EC0,60E692CE-0732-4285-B0E7-D7C5EDAAFF71,19-03-2014
15414,4610 Pinto Road,,N. Vancouver,7,V7L 4J4,0xE6100000010C0FB3711B8AAF484032FE60AB35CB5EC0,D1B171FD-7FCB-420F-BC47-24744657EE4A,23-05-2014
15415,4397 Lakewood Court,,San Carlos,9,94070,0xE6100000010C62A8C34E0FC54240B5FA7C71F2945EC0,3637C51B-D559-4D01-B081-063277147036,09-11-2013
15416,565 Park Highlands,,Sydney,50,1002,0xE6100000010CB41355007EF540C0EC4A3589A0E66240,E43B6A0A-CFB2-4378-96E6-446B48108FEE,01-07-2013
15417,1206 Olive St,,Burbank,9,91502,0xE6100000010C176B5A57FC144140E9D321ADF5955DC0,5ED4D306-E382-46AF-BD70-A2EA029E1C95,21-09-2013
15418,2474 Madhatter Ln,,Concord,9,94519,0xE6100000010CF883CC6EA4FD4240E84C0794157B5EC0,16570321-5FC5-422C-999A-848CE2703C5F,06-02-2014
15419,2515 Beauty St,,Geelong,77,3220,0xE6100000010C84A36B792F1543C02354F8ECE9066240,52EC978A-931C-4178-A0D9-BCCBA1EC995A,18-03-2014
15420,3648 Willow Drive,,North Sydney,50,2055,0xE6100000010CDECDBAF628EC40C0C14D4D5993E76240,07EB2FD4-AF6D-45BD-A1EE-4934C1185CBA,28-02-2014
15421,846 Springwood Way,,Townsville,64,4810,0xE6100000010C32D176AD6E3C33C0BE01F1D961586240,7144F7AD-163E-488A-A260-E5C796E41677,21-08-2013
15422,3797 Baird Court,,Cliffside,7,V8Y 1L1,0xE6100000010CA513E14A064A48405336D74C98DB5EC0,DFDAE688-C78E-4EF0-BD31-8F6DC90EEC20,02-07-2013
15423,5038 Candy Rd,# 126,Colma,9,94014,0xE6100000010C16DBF3C070D44240199ADC5EFC9F5EC0,79675030-FD01-4CAA-AF65-01204688A926,17-01-2014
15424,8242 Gilardy Dr,,Bellflower,9,90706,0xE6100000010CAF5CDA35E4F240404A16AD213C815DC0,18CBBBF4-92E0-4ED8-AE21-286759C8DF6F,13-04-2014
15425,9737 Boxwood Dr,,Bellflower,9,90706,0xE6100000010CF8256E76D1EC404089B0CAFB357E5DC0,C2437105-1EC9-4DDF-A8C6-D7F0C0FEE987,10-12-2013
15426,2058 Richard Ave,,York,14,YO15,0xE6100000010CF0BD756831F54A40C7015F56E14EF1BF,F3F945AD-6051-48F2-904F-DC50A07D6EC1,02-01-2014
15427,Parkstr 4851,,Essen,20,45001,0xE6100000010C00000000000000000000000000000000,FBA04F55-88AC-479D-8FA7-483EF7435BEA,26-04-2014
15428,3196 Peachwillow,,Palo Alto,9,94303,0xE6100000010CB017495007B54240BB7C9B8E688B5EC0,DCF5E2C1-6606-4CED-8EFA-25A49D001B5B,23-06-2012
15429,2701 Piedmont Dr,,Gold Coast,64,4217,0xE6100000010C5FA9EAE1DDFF3BC0F330BAB0022F6340,1BCCE89C-3145-44A5-8CE2-E238DD4C2207,10-01-2014
15430,7601 Green Valley Rd,,Peterborough,14,PB12,0xE6100000010C271FC9B9624D4A40FA01B8AC7603D0BF,F7C6A517-B22A-4C2C-ABAA-3BD42543138B,16-12-2013
15431,3970 Falcon Dr,,Woodland Hills,9,91364,0xE6100000010CB206CF1C891741402F0F982CC5B15DC0,53FB31B8-92CA-4191-955C-FC5ECD729FC5,14-03-2014
15432,3989 Terrace Drive,,Bellingham,79,98225,0xE6100000010C4FDC0FF05E6448404432CA7B4B9F5EC0,A5839876-38E7-4E8E-BA7B-5098D0D3075B,17-01-2014
15433,8629 Partridge Dr,,Beaverton,58,97005,0xE6100000010CA3742BA0CBB6464027BCC78F8EA75EC0,6D28D729-B695-4E03-8FD9-2F385B9DCA66,21-06-2014
15434,5251 Driftwood Drive,,Walla Walla,79,99362,0xE6100000010CE7D468AE5708474024C9BD6C438C5DC0,7488AC66-E790-474B-8D8B-2609182A07C4,15-07-2013
15435,6740 11th St. NE,,London,14,SW8 4BG,0xE6100000010C63907D6E72BE494084207FE618C8C2BF,74C20410-895D-4E5C-B01D-0869ECE29AFB,07-01-2014
15436,165 East Lane Road,,Lakewood,9,90712,0xE6100000010C1A22D4E874E540406EBE299ECE915DC0,9234AD5E-5DA9-4554-99E5-53003F6D3392,15-11-2013
15437,9697 Clear Court,,Santa Cruz,9,95062,0xE6100000010C620D8919057F42409DC88523E4885EC0,700907A5-0EF3-4C24-A893-20F71ED4FBFC,30-04-2013
15438,623 Chestnut Ave,,Chula Vista,9,91910,0xE6100000010CB77936634D514040F0409A3A9E425DC0,B9591960-FBA3-43BF-B85C-1D6B2BED81E1,18-06-2012
15439,Unter Linden 9,,Erlangen,8,91054,0xE6100000010C37441AE882CC48402A97DC456B052640,73945F0C-0457-4F12-8433-9CE9AC78A61E,04-04-2014
15440,4651 Brownstone Rd,,N. Vancouver,7,V7L 4J4,0xE6100000010C963F41EF46AE4840BC5F033CF8C05EC0,2999B947-D8EC-4E70-9241-906D1151C832,02-05-2012
15441,2728 Clown Court,,Oak Bay,7,V8P,0xE6100000010C5982E0ED5A354840982C114693DE5EC0,3A347F2A-B1D0-4F7B-A69D-51CC06E7FA5C,02-03-2012
15442,2769 San Jose Drive,,National City,9,91950,0xE6100000010CA346B7D55D5A40403395EDEA194E5DC0,89D69D72-5072-44A5-9267-F78C964BA0EC,09-03-2014
15443,3756 Lime Ridge Drive,,Edmonds,79,98020,0xE6100000010CA2F03A1E42E847404E1CD1ACB4A35EC0,B565303C-A0EC-4575-B3CC-37BCD96F25CA,15-11-2013
15444,6706 Ridgeview Dr,,Lake Oswego,58,97034,0xE6100000010CF0F27C056AB34640A1D006632FAD5EC0,E65EDFEE-8F77-4A08-84C5-FE17D087BAA8,02-07-2013
15445,5292 Blue Ridge Drive,,Lebanon,58,97355,0xE6100000010CF5170DAC4D4946403D59D999CFA85EC0,D08782CD-59F2-4211-B9C3-6238537B53BF,03-10-2013
15446,62 Yolanda Circle,,Billericay,14,CM11,0xE6100000010C684FC96A42D5494041B7D86EE4B1DA3F,039E6388-1F08-419D-BF19-C4A1F5D4B060,20-11-2013
15447,"66, allée des Princes",,Courbevoie,178,92400,0xE6100000010C4C0E88D4FF7748407A122509EF0B0240,0137EF26-8858-482E-BBF2-BFB69809EE06,21-12-2013
15448,"11, rue du Puits Dixme",,Orleans,131,45000,0xE6100000010C219A893F30FD474023154E581B8DFE3F,58A60EE8-0204-40D0-B667-49DB8B378534,21-12-2013
15449,8496 La Salle Ct.,,El Cajon,9,92020,0xE6100000010C62DEC1A4D3624040F46D6AF462335DC0,6C4E5836-0B23-44D4-ADC8-C40109ADC8FC,17-10-2013
15450,3271 Black Walnut,,Newton,7,V2M1N7,0xE6100000010C26E1B688B5FA4A4059F872B48AA85EC0,1917DA78-3966-4F50-9632-E05F20F10599,14-02-2014
15451,3245 Vista Oak Dr.,,Caloundra,64,4551,0xE6100000010CAD59F62628CE3AC0E4B1DA4CE0266340,DB544D04-6CDF-4D4D-98FF-A7424ADE735D,18-11-2011
15452,1135 Glenellen Court,,San Carlos,9,94070,0xE6100000010C5048DDF0D1BE4240F71532CD61935EC0,AFFD8FF6-D0B3-4D6C-8BFC-201EE2475740,25-05-2014
15453,7502 Elwood Drive,,Sooke,7,V0,0xE6100000010C5F1BD94E512B48405B1588FCB6E35EC0,D00644EF-6BF9-41B9-B52E-CEF4738185A0,03-01-2012
15454,"51, rue Henri Gagnon",,Saint Germain en Laye,164,78100,0xE6100000010C7CFD32D5777848400E17225726C80040,EEE02C39-C3A5-48FE-A7BA-AFAB98192001,21-12-2013
15455,"1234, rue Ste-Honoré",,Villeneuve-d'Ascq,145,59491,0xE6100000010C70EC09D895514940FD70BACDE7310940,DC61B1D5-7E11-4C32-B6B4-58DB1176D0FA,21-12-2013
15456,8784 Detroit Ave.,,Long Beach,9,90802,0xE6100000010CF0B24EC383E840404183CA6053885DC0,690A359B-4BDB-4BC4-B971-9B6928C08F7D,28-05-2014
15457,7741 Morgan Ave.,,Hawthorne,64,4171,0xE6100000010CF292F2CBCC703BC0AC6E71D6FC256340,83A4A178-9CB5-4F4B-9B8F-501B780071F1,13-08-2013
15458,3698 Driftwood Court,,Hobart,71,7001,0xE6100000010C24EFCDF7996945C0B9CDCA7485726240,4E10F43E-BDFF-4569-A3BF-37DD17038381,19-09-2013
15459,3230 Market Place,,Chula Vista,9,91910,0xE6100000010C8A21F0FD494C4040831A83E1A0395DC0,33459891-7157-43F1-A966-60C123E70E6E,02-03-2014
15460,1054 Vine Circle,,Burbank,9,91502,0xE6100000010C798B51B5B5144140DD6459FB8C915DC0,4D14431F-6501-439E-A58E-F62638D9308A,11-06-2012
15461,"33, rue du Puits Dixme",,Lille,145,59000,0xE6100000010CA012386ACC53494062CA9FB19F660840,15AF69E7-003C-479A-A75F-89F845E98607,21-12-2013
15462,Am Kreuz 4055,,Bonn,20,53131,0xE6100000010C00000000000000000000000000000000,7DAA419D-C20B-488D-80E2-B76F94B28FC1,28-05-2014
15463,"47, impasse Ste-Madeleine",,Drancy,179,93700,0xE6100000010C784AC64CB06E48403049C6F5908C0340,DF23879D-A4F6-4028-9122-BE093B58B973,21-12-2013
15464,"6, route de Marseille",,Suresnes,178,92150,0xE6100000010C6342D4921B694840539B6859A0BD0140,EE3768C7-E189-45BB-91E9-EFB1B13D2BA6,21-12-2013
15465,8565 Marie Drive,,Beverly Hills,9,90210,0xE6100000010CC46D031AC50D4140C1956A75359F5DC0,1D202E81-E1F7-4293-B1D3-AC47923590C5,22-08-2013
15466,7289 Las Quebrados Ln,,Haney,7,V2W 1W2,0xE6100000010CEC170D1414984840FEAC368E90A95EC0,925AB91D-EEC9-4681-B562-FF9183FC178B,17-03-2014
15467,"1020, quai de Grenelle",,Versailles,164,78000,0xE6100000010CAE507F93706048403BACEA1895F10040,80B3FAA5-9DA8-4819-ADA6-BD1E54814D41,21-12-2013
15468,8590 Dublin Court,,Findon,66,5023,0xE6100000010CDCE49825DB7741C0C16872B90E4E6140,EED7C60F-CA56-4849-947F-4841634467E4,25-03-2013
15469,240 Rapallo Lane,,Concord,9,94519,0xE6100000010C3B7AC6FB4AF84240D5FDF2C454815EC0,002CE4D2-9382-43FA-8DC4-7BB7DB7DA142,19-04-2014
15470,1481 Bent Street,,Marysville,79,98270,0xE6100000010C97092CC35C0D484014B32415FF835EC0,615EE0E4-F02A-4C04-90C7-5EF0F9D7557A,07-01-2013
15471,"802, avenue du Port",,Courbevoie,178,92400,0xE6100000010C3ECECEE87E754840441C717350070240,7A88177E-2536-4AB7-B1C1-DB83DA6143C5,21-12-2013
15472,6180 Ryan Court,,Shawnee,7,V9B 2C3,0xE6100000010C5E6306E041384840B61742E350D65EC0,D1A73AA8-7D6A-46E9-890E-1AC423011C89,20-12-2013
15473,5474 Limewood Pl.,,St. Leonards,50,2065,0xE6100000010C9B0A528F93EA40C0A57EDCF46CE06240,84CCBEF9-7E46-44FF-A491-1DB5E1292329,17-11-2013
15474,9237 Cordova Way,,North Ryde,50,2113,0xE6100000010CF1297C6D32EA40C0B46F53ACCBE26240,B97EE8C2-7D1F-4955-A4A4-7EEB39C8F404,15-08-2013
15475,4044 Pine Creek Way,,Grossmont,9,91941,0xE6100000010C538DCEB03E5E40401A6F4EB3883F5DC0,89E99FC1-E1D5-45C6-BEE6-BEF1C618D080,15-09-2011
15476,7922 Rancho View Drive,,London,14,W1Y 3RA,0xE6100000010C04773FF460C94940FFE100829146C0BF,A60B4D68-8778-4582-83BB-7F1F0D1DA8A7,18-11-2013
15477,413 West Road,,Lynnwood,79,98036,0xE6100000010C54776C4FF2EC474037B351F28F935EC0,32182EA1-7B9D-40E2-A289-0137F3DB7979,22-12-2013
15478,426 San Rafael,,Newcastle,50,2300,0xE6100000010C2BBE3995FE7340C0F593F93B0DF56240,41F68016-5214-4528-A0DD-F142271D7557,02-01-2014
15479,8521 C Mt. Hood Circle,,Billericay,14,CM11,0xE6100000010C2B9BB998F4D14940DCF4C52C5BB7DA3F,2BB37960-BCD4-44A0-98B2-498F3F104037,14-03-2013
15480,2416 Fairlane Place,,Sedro Woolley,79,98284,0xE6100000010C7FD0DBF4EB3D48404F40D5D8F97D5EC0,04339112-5C31-4711-AD4C-894442693746,23-04-2014
15481,1695 Valley High Dr,,Sooke,7,V0,0xE6100000010C42C11DC5B22A4840A49486E7ADFA5EC0,BD4E28B1-74D5-4311-8C88-15FD296D9F1E,06-01-2014
15482,3450 Oakleaf Ct.,,Beverly Hills,9,90210,0xE6100000010CE110A98E5114414099F7616EB19D5DC0,8D3FD2C4-E20E-4F5F-9490-3FCF8F88DFB5,06-05-2014
15483,6607 Panoramic Avenue,,Port Hammond,7,V6B 3P7,0xE6100000010CF02748B48DA84840EC7FF38E3CBF5EC0,F2F788B0-DDA7-4372-A2DE-2437CA76C2E5,28-08-2013
15484,673 Hawes St.,# 119 A,Coronado,9,92118,0xE6100000010CCEDC184EA0524040D8438E312C4C5DC0,18847738-FD49-4144-A488-237BABFCAA45,04-04-2014
15485,3484 Chocolate Court,,Marysville,79,98270,0xE6100000010C3332E37CE702484083BC445F11925EC0,CF3FBFA0-2A7A-4C08-A891-40CF00B58E38,12-04-2013
15486,Helsenbergbogen 2,,Frankfurt am Main,70,60075,0xE6100000010C00000000000000000000000000000000,99472BF5-865F-458D-8505-B34F6EEDB863,27-12-2013
15487,1308 Mt. Hood Circle,,Chula Vista,9,91910,0xE6100000010CE20398BBBB56404096AD0E8E1F3E5DC0,60819726-AB34-49FC-91AB-C461277AF6C9,01-07-2012
15488,1094 Loveridge Circle,,Oregon City,58,97045,0xE6100000010C8A48F1479DB04640ED9176B856AE5EC0,797644C4-EB29-4158-B27A-14F66966157C,24-11-2013
15489,9171 Morello Ave,,Corvallis,58,97330,0xE6100000010C86C4C4368F4C464064ACA37209CC5EC0,1C3DE482-4D96-4FAD-92E5-66BA239D93F1,25-07-2013
15490,Pflugstr 8414,,Stuttgart,70,70511,0xE6100000010C00000000000000000000000000000000,64C011E7-2C20-4B5A-825F-A2AF97405E71,13-01-2014
15491,"862, rue Mazagran",,Courbevoie,178,92400,0xE6100000010C3ECECEE87E754840E474D311C80D0240,14BDFFA0-A94E-4DD3-860C-F867E0482B87,21-12-2013
15492,9211 Holiday Hills Drive,,Newport Beach,9,92625,0xE6100000010CD62F60C643D14040541A4B20FA6F5DC0,A3A6B6C2-A2CF-442F-9FD1-11CF59E35884,14-08-2013
15493,Erlenweg 6664,,Saarlouis,70,66740,0xE6100000010C71F83149A69F484019BDE8CD04F71A40,572BDA8B-7F87-4A56-9C7F-0F3257BA9BEF,02-04-2014
15494,4396 Greystone Dr,,Victoria,7,V8V,0xE6100000010CC6DADEC2F7344840E75611CFDADC5EC0,7C8A3E8D-F185-4BD5-A0F7-BB64651C3D6D,16-12-2013
15495,5637 Teak Court,,Lakewood,9,90712,0xE6100000010CF96AFDE07AF040400BC7A8E68E825DC0,6A7902F9-227A-43E2-83B7-3F15CA368B23,02-02-2014
15496,9972 San Miguel Rd,,East Brisbane,64,4169,0xE6100000010C46752EEE86793BC0622C0587B1276340,2B6D661D-0FF6-4AE1-92CB-FC2DCBA7FADA,10-02-2014
15497,"28bis, boulevard du Montparnasse",,Paris,161,75013,0xE6100000010C796DA9207A684840D48D9A01028A0240,C36A5C06-1BF6-41F0-8FD1-47F88C3CAB00,21-12-2013
15498,1832 RiverRock Dr,,Warrnambool,77,3280,0xE6100000010C464A4D1AB2FD42C0BA3F81CBD8C96140,41BA5B7F-A239-4508-9E39-6E9D74E69473,13-10-2011
15499,"65, rue Faubourg St Antoine",,Orleans,131,45000,0xE6100000010C59A20194CBFB4740913631480292FE3F,7688B613-0EFE-4335-AA04-38FF955523AF,21-12-2013
15500,6451 Grand Drive,,Milwaukie,58,97222,0xE6100000010C2209CD3E27C0464030BB692B1DB25EC0,3196675B-CAD5-40F9-940D-F2139A47A99D,22-10-2013
15501,8532 Monterey Ave,,Perth,66,6006,0xE6100000010C75C440B167EB3FC0D92C31D120FB5C40,77D3E2B7-D23E-47B2-88AD-3C845720DB35,05-05-2013
15502,8200 Showtime Court,,Brisbane,64,4000,0xE6100000010C40B6175F8B7B3BC0B90648A22C226340,A4E83B05-E317-49CB-8AE9-F193002926D0,07-06-2011
15503,3550 Mildred Ln,,Warrington,14,WA3 7BH,0xE6100000010C2DE64027A4C04A4047C995AB373804C0,EE4FAFDF-BAFB-4E9D-9128-58E944A65901,26-10-2013
15504,4569 La Salle Ct.,,Puyallup,79,98371,0xE6100000010C8AA22612C0A1474014616DC30B945EC0,33E51D33-F68D-4E25-8B33-A34A5803E592,18-04-2013
15505,1162 Relief Valley Ct,,Seaford,77,3198,0xE6100000010C158B5356550843C075AD5EDF6A1F6240,E6C81729-F4F1-4D01-A165-24F713B73CD2,08-11-2011
15506,4211 Las Lomas Way,,Bellingham,79,98225,0xE6100000010C71598489025B4840B118AEF4B3A85EC0,AC52294A-7D54-4359-8D2F-0D20C0D82CE5,04-03-2013
15507,9228 Golden Meadow,,Westminster,7,V3L 1E7,0xE6100000010C9F87DAB692934840D95F636D15C15EC0,AAEE45C1-818B-4EBD-9DA4-768062A296C3,02-11-2013
15508,Postfach 2 66 66,,Saarbrücken,70,66001,0xE6100000010C06EAC3C368A14840E3B5B3BA59FB1B40,3ED531A1-3E37-4202-9EAE-A4032F806639,08-03-2012
15509,764 Quail Court,,Sedro Woolley,79,98284,0xE6100000010CFD2A2E79064148402FE9DB0A59875EC0,911E9C76-07C9-4CB5-BECA-DEA88C39163A,27-10-2011
15510,297 Mt. Tank Circle,,Lake Oswego,58,97034,0xE6100000010C0B33656D28B54640513EB663C1AE5EC0,C04F0683-2311-47D0-936D-3F79924AB3F2,19-04-2012
15511,"910, rue Montcalm",,Saint Germain en Laye,164,78100,0xE6100000010CBA0AD67FD47248408DDFC321DCC60040,0F46D846-7151-498E-A413-90670CB6947E,21-12-2013
15512,5464 Olive Ave,,Cliffside,7,V8Y 1L1,0xE6100000010C60666778393E48403252F9A054D15EC0,D954D047-A95C-494F-ADEA-D946384C9475,04-08-2013
15513,2665 Escobar,,Matraville,50,2036,0xE6100000010C20A68DFDE5FA40C0E00C896B02EA6240,C78C1F54-39AA-43A8-A8DB-96571C8BD69A,14-03-2012
15514,6208 ViewPoint Court,,London,14,EC1R 0DU,0xE6100000010C5024B6A8B2B94940BB1C486F671EBBBF,F4DB592E-AB2E-4EF2-BFC3-D7C65EC27EF8,23-08-2013
15515,3328 North Wateroak Ct,#8,El Cajon,9,92020,0xE6100000010C8C80E402ED644040F00A14139B445DC0,EFDE55F0-B621-4EA1-9B9A-32D6EBFD1186,14-01-2014
15516,"11, quai de l´ Iton",,Courbevoie,178,92400,0xE6100000010CF6DD1E899A6948400FEB19EF63060240,F35D2B4E-E3A1-4221-B51D-C0CD987B9839,21-12-2013
15517,6024 Lacanda,,Fremont,9,94536,0xE6100000010C3742CA1A02CD4240D0F7FE20988A5EC0,350860F3-5AE2-4351-B11A-DFEB5E26A271,24-02-2012
15518,"22, rue de l'Espace De Schengen",,Lille,145,59000,0xE6100000010C509BB5C2095749405563388F3F670840,D28980C7-166A-44D8-B827-CCF7F17137D4,21-12-2013
15519,7305 Humphrey Drive,,West Covina,9,91791,0xE6100000010CFD9DD789530841407645B3F15C725DC0,CD30F400-92FC-4C43-966E-9CE0735C82CD,05-10-2013
15520,609 Power Ave.,,Milsons Point,50,2061,0xE6100000010CFEAE55DE64EC40C0C60CF6E993DF6240,34B65728-4DE0-4B63-AC92-5AC95F08241B,18-12-2011
15521,5891 Madhatter Ln,,Warrnambool,77,3280,0xE6100000010C1BC0A2B5890343C01810148B7ECD6140,CACB8D11-1B79-49A5-9BBF-1334128C368F,29-06-2014
15522,8364 St. Paul Circle,,Bellingham,79,98225,0xE6100000010C75DD7A7F1D684840B5DA873014A05EC0,F32F99F5-4D1A-4DDE-B4EC-E2116637D8DC,27-10-2013
15523,9095 Ironwood Drive,,Santa Cruz,9,95062,0xE6100000010C8854EB72F976424062B5C46454875EC0,502F26BE-67F8-4C0E-ABE9-792706B74D2E,30-05-2014
15524,"534, rue Mazagran",,Roubaix,145,59100,0xE6100000010C63481288A65C49404A42A7594B7F0940,1D869FAC-D6FB-4AB3-A79A-0F4949F9DE3C,21-12-2013
15525,6732 Arcadia Pl.,#e,Colma,9,94014,0xE6100000010CC03295BAACDB42403E36B48618915EC0,769D693F-D62C-4469-B92B-E1F0101F5BF5,22-10-2013
15526,6705 Tweed Lane,,Caloundra,64,4551,0xE6100000010C666E23D84CC73AC0F1B73E79E5256340,127A15C9-0DEE-4EEF-A6D0-06FD46FFFDF2,24-07-2011
15527,8454 Candy Rd,,Oregon City,58,97045,0xE6100000010CC6FAA88D7DA8464005D1DE19A2A95EC0,8E9C1AAF-30F8-4F39-87F6-CBBC9B8976EB,27-04-2013
15528,4823 Park Blvd.,,Seattle,79,98104,0xE6100000010C97B7F3AE47D047406D2AE39AB98B5EC0,2FCE9F7C-558F-4DC9-8645-1065D714080E,13-02-2014
15529,9482 Rosebrook Ct.,,San Gabriel,9,91776,0xE6100000010C080E9A362C0D4140DAAAEBDF56865DC0,B402E8DF-2176-49A3-88D1-682088D8A95B,27-03-2014
15530,4620 Kane Circle,,Perth,66,6006,0xE6100000010C50E0582F3BE33FC0D7F967E5D5FE5C40,3E4E8304-5E1B-45C2-93B9-73B149DCA6B4,23-08-2013
15531,6104 North Civic Drive,,Renton,79,98055,0xE6100000010CA21BC37408B64740485801EA44845EC0,9D605BBC-5BF6-4469-8E1F-326BC6E847E7,11-04-2014
15532,3674 Green Valley Rd,,Glendale,9,91203,0xE6100000010C29062493DD14414059F4CB27D0975DC0,28338EDB-66EA-4707-AEF3-0B067E6BAA9B,11-07-2013
15533,6091 Bluefish Lane,,Beaverton,58,97005,0xE6100000010C13603B9246C14640278DF225B4B55EC0,6C8C39E2-A470-4691-87DD-0624106B41E9,22-01-2014
15534,551 Two Bay Road,,Mill Valley,9,94941,0xE6100000010C2A537E5608F6424042849D45A1A25EC0,B89EC451-8F73-4D46-BCB6-D181B6EF811C,07-05-2014
15535,7484 Lacanda Ct.,,Liverpool,14,L4 4HB,0xE6100000010C65CA137092B44A4091EF91836BC607C0,625C3F9D-8523-4C82-88A7-9C8ABABD2C5B,28-01-2014
15536,8373 Endriss,,Port Orchard,79,98366,0xE6100000010C4AE06C88D5CA47400672EF894F9D5EC0,55361826-96EB-4D8B-A481-A6820142C260,02-08-2013
15537,"39, avenue des Laurentides",,Saint Germain en Laye,164,78100,0xE6100000010CD3B96163F37048408298A8D328CB0040,6D53A1DF-DC8E-420F-80B1-752143DFFDAE,21-12-2013
15538,8310 Atchinson Stage Ct,,Redwood City,9,94063,0xE6100000010C85844FBAD2BE42407FF322BD3F835EC0,4DDEBAA2-C89C-49F3-B8B1-5AC0DD0708B0,01-06-2012
15539,"8188, chaussée de Tournai",,Paris,161,75012,0xE6100000010CAC88D27AA06E4840E128E3316C5A0340,AD644491-78D8-42AC-8891-A8516DDC2491,21-12-2013
15540,3972 Almond Drive,,Melbourne,77,3000,0xE6100000010C21385232A4E442C0CA174A0138206240,E8FC2FA1-C325-4D81-8D0F-B463CB2EFCDF,20-12-2011
15541,6481 Hastings Drive,,W. York,14,BD1 4SJ,0xE6100000010C33DC27CE91E94A409F0E35BDD6FFFBBF,43F09446-8D0E-4B10-88B2-099651717F8B,20-03-2014
15542,6642 Sandview Dr,,Yakima,79,98901,0xE6100000010C9A82A4172D4F4740B83FD07382155EC0,A75821A0-C948-4B8E-81DF-E1DF6090EB39,21-03-2012
15543,9592 Adelia Court,,Corvallis,58,97330,0xE6100000010C771D7528464E464059FABE48C5D05EC0,011681D9-F6C5-4C42-9165-FEF7167CD6F9,07-07-2013
15544,8358 Azalea Avenue,,Findon,66,5023,0xE6100000010CDC7D4AD7277141C001FC45E3B4546140,884BAF04-9B2F-4126-AA41-0B4AC754D2BD,16-01-2013
15545,"5, rue de la Comédie",,Roubaix,145,59100,0xE6100000010CDF2EB584A55C4940B4A2BEEE81780940,92FAF14B-493A-44A9-987D-681097C5000F,21-12-2013
15546,4038 Elk Dr,,Portland,58,97205,0xE6100000010C9352A5962EC6464046D211CECDB35EC0,1CD55EBC-5151-4F9E-89AA-9B872DFF3AFF,24-05-2014
15547,Am Karlshof 368,,Bonn,20,53131,0xE6100000010C00000000000000000000000000000000,FCCBD621-3B5F-48EB-84B5-9A4542ADA44D,21-07-2013
15548,5241 St. Andrews Way,,Cambridge,14,CB4 4BZ,0xE6100000010CA0AA789475214A4038092427E66BC03F,94649941-8626-47D0-8E9D-BFD985E2FA19,18-12-2011
15549,5533 Fremont Street,# 113,Portland,58,97205,0xE6100000010C26FBC2C702C54640AA339ED8B8AA5EC0,5AEA8340-781B-4F85-BF76-5AF07477FEA8,17-01-2014
15550,Zollstr 28,,Frankfurt am Main,20,60082,0xE6100000010C00000000000000000000000000000000,436B4715-BFC9-4997-B9E6-05BADD2E7CDC,02-02-2014
15551,8991 Temple Court,,Coronado,9,92118,0xE6100000010C7F12A133F955404037BA49132C525DC0,DF7343E1-A865-40CA-A62E-44245EA039DB,07-10-2013
15552,4032 Woodruff Ln.,,Springwood,50,2777,0xE6100000010CE2145D1E51DC40C083E9A71EF9D76240,89BB4340-74A7-4A45-9F5B-4248EA9B5137,28-04-2014
15553,3397 Farm Bureau Road,,Spring Valley,9,91977,0xE6100000010CBEB923CCD55F40402A8A5A01034A5DC0,EE363B42-9722-4CBD-A51A-1589734154B0,27-04-2014
15554,Postenweg 3138,,Eilenburg,85,4838,0xE6100000010C61616C62FBC149400FE9716F70562940,6B383B79-19EB-4074-92A3-3051BE6A046A,22-08-2013
15555,6986 Countrywood Ct.,,Newcastle,50,2300,0xE6100000010CB25A5CD4947B40C03CE201DFA6F16240,7E0C1B55-3A25-4F4C-84D3-C80176820359,14-01-2014
15556,9765 Marie Drive,,Renton,79,98055,0xE6100000010C9E89517E65C347403786052100905EC0,30C9B6FC-7070-4B79-BF7D-862D4BD213EB,18-11-2013
15557,1769 Nicholas Drive,,Bellingham,79,98225,0xE6100000010CE183F2C6625A48401FA3284E1A955EC0,9B16FD76-06DC-4B51-B56D-0EA2078349B6,22-06-2013
15558,1047 Las Quebradas Lane,,Oak Bay,7,V8P,0xE6100000010C133BFEC48D3B48402AC0FBAA86D35EC0,0D448BC5-1A4D-4852-A73C-F78E02597798,05-04-2013
15559,4009 San Ysidro Court,,Burien,79,98168,0xE6100000010CD731423C49B94740C8E37E5BD8965EC0,1EF8B091-D1B9-40E2-9DC0-67BD37FDF4AD,17-09-2012
15560,5960 Cross Road,# 20,Newton,7,V2M1N7,0xE6100000010C295972D4CEF34A4085739A8FC1A75EC0,A7EB61B9-1BE0-494F-9B07-D76FCE15C15A,04-02-2014
15561,"1211, rue des Ecoles",,Saint-Denis,179,93400,0xE6100000010CD6C24B7AFB78484085A5E5855BA70240,813E3E6A-BE6B-4942-AA01-54E0C02EF6EB,21-12-2013
15562,7511 Cooper Dr.,,Beaverton,58,97005,0xE6100000010C53FFB51819C74640039505BEFDBB5EC0,2EAC430A-ECDD-483C-B713-6AB9552691AB,12-12-2013
15563,661 Cardinal Dr,,Lincoln Acres,9,91950,0xE6100000010CECD3D6AC1C59404080B96E3B9A4C5DC0,BCA34147-5729-4A51-B3A7-C9F6936E0E87,13-02-2014
15564,Husemann Straße 4444,,Mühlheim,20,63151,0xE6100000010C00000000000000000000000000000000,359BFD59-564E-4CCF-A533-91CC9545A90A,23-02-2012
15565,447 Barberry Court,,Milwaukie,58,97222,0xE6100000010CD0C055A861B94640BECF18134AAE5EC0,D02BC622-D813-443A-90DB-533894C3F286,06-10-2013
15566,"9406, rue Maillard",,Boulogne-sur-Mer,148,62200,0xE6100000010C80B26D949361494029202AA0D8A9F93F,359AEAF4-8BD6-4D67-986D-A50AE8CA3E57,21-12-2013
15567,3787 Browse St,,Lavender Bay,50,2060,0xE6100000010C16105219BFF140C0697BA8117EE66240,F89B561A-0DA0-4180-81FE-C7B93F395CCE,08-07-2013
15568,8524 C Mt. Hood Circle,,Oregon City,58,97045,0xE6100000010CAA0EBEE5BFA646404BADCBEE29995EC0,75FE5BD6-87D9-44CD-84AA-AF506D540AE6,27-10-2013
15569,Rykestr 8295,,Hamburg,19,22001,0xE6100000010C00000000000000000000000000000000,58A87DF9-1422-49FF-8F15-D9004054542E,28-10-2011
15570,8564 Red Tree Way,,Torrance,9,90505,0xE6100000010CBACA38280DEC4040DF37AB3D258E5DC0,907644C7-303E-4C9B-A7EA-BF4E9F38F3D8,26-10-2013
15571,9551 Jones Rd,,Portland,58,97205,0xE6100000010C306AA5779BBE4640E5BFE33BE2A45EC0,4E49888D-B82C-4B6B-8FB8-785142CBEA51,26-05-2012
15572,9846 Pestana Way,,Melbourne,77,3000,0xE6100000010C2BCF56F5EEEA42C0306560C689226240,F46C7B76-F499-4159-8FB3-2CC132D68B14,18-07-2013
15573,5457 Woodcrest Dr.,,Springwood,50,2777,0xE6100000010C1FAE0D5874DB40C0045F5CD9D0CE6240,59A41322-27F6-4E6F-8A0A-54691F6C86F4,21-05-2013
15574,3792 Esperanza Drive,,Beverly Hills,9,90210,0xE6100000010C08D467B3F708414001210087FFA25DC0,D2BFD294-1DEF-4343-948E-B5285AD29605,14-04-2014
15575,525 Sea Point Way,,Chula Vista,9,91910,0xE6100000010C948526E41F4D4040A367B1939B4B5DC0,91638D50-5017-464A-B8B8-E06C1647F152,03-02-2014
15576,560 Highland Drive,,London,14,W10 6BL,0xE6100000010C7CBCA8FB63BA4940AD997A7FA5FCCBBF,DF95FB1B-112A-44F7-A051-EAB9AB4938BA,05-12-2013
15577,2582 South Ranchford Ct.,,Sunbury,77,3429,0xE6100000010C8A0C75C2E6C042C04694D349C11D6240,C73C948A-D4E3-48BB-8D17-C7E130B90FF7,07-02-2014
15578,717 Westwood Court,,Burbank,9,91502,0xE6100000010C6669EEAF351841409EA2E0C9C38D5DC0,3BE18A8C-C3B4-4A41-BC62-AAFEAB385343,26-12-2013
15579,1088 Ash Lane,,Bury,14,PE17,0xE6100000010CEAA3FEA367D44A407ADA8368436D02C0,992A92B8-0900-460A-83AB-77F3A443EBE6,19-08-2012
15580,4292 Wellington Avenue,,Port Orchard,79,98366,0xE6100000010C5D9A175D93C647401043579124B05EC0,286EB789-607A-42BE-BE8F-24D7ADAC4E0E,24-12-2013
15581,5787 Ygnacio Valley Road,,Port Orchard,79,98366,0xE6100000010C0E263C9466C847400174A0A9869C5EC0,D9B33DF4-7C7D-4382-B5C4-0B26F5B91375,04-03-2014
15582,1902 E. 42nd Street,,Kirkland,79,98033,0xE6100000010CCF981B12FFD24740F5711010A0825EC0,D577950D-705B-4A28-A233-485621F4A462,19-11-2013
15583,1616 East Lane,,Goulburn,50,2580,0xE6100000010C04F306FCDD4841C0CA8251F176B86240,1732F02F-6541-4711-A53A-677D8389FD31,14-02-2013
15584,3651 Willow Lake Rd,,Shawnee,7,V9B 2C3,0xE6100000010C1CB21B5251404840215B4CD012EA5EC0,C0CE4613-0A1A-4315-8952-4D95138A4CA0,10-09-2013
15585,20 Chestnut Ave,,Edmonds,79,98020,0xE6100000010C83C29A597BE947406E65E237B1915EC0,171A8BBC-CD1D-4D84-BAD1-F27BEFA78921,07-07-2013
15586,1343 Granola Dr.,,Berkeley,9,94704,0xE6100000010C824FD91FF4F1424099EED90371965EC0,A9F97555-E93F-4C2B-8893-F00D8414EC94,16-03-2014
15587,4679 Duke Way,,Walla Walla,79,99362,0xE6100000010CDF99FB329A1047402CA7A5AC14935DC0,F7712CB8-25E2-4963-BA5F-9E8B1574BF62,19-09-2011
15588,1301 Burwood Way,,San Francisco,9,94109,0xE6100000010CF3DD30F875E4424025011A48FF995EC0,FB70EAB8-4F8B-4A4E-A988-9A020FBE00B0,01-11-2013
15589,Zur Lindung 609,,Sulzbach Taunus,70,66272,0xE6100000010C00000000000000000000000000000000,3646FA71-7AB3-4F7C-91DC-242744DA09D6,10-05-2013
15590,Carlsplatz 5,,Berlin,20,14111,0xE6100000010C00000000000000000000000000000000,A69A0EC5-BA73-4F65-9805-2402DB92280D,27-09-2013
15591,6247 Aspen Drive,,Darlinghurst,50,2010,0xE6100000010C16379E01F1F640C094EB5B475CE66240,96EF5C8F-FC1C-4D18-B499-E8B92E897530,26-04-2013
15592,6214 Terra Drive,,Port Orchard,79,98366,0xE6100000010C0A83CEEEECC247409058F2ED82A75EC0,0DD14746-6EE1-4923-903C-9E824F5C4C09,01-10-2013
15593,Kampstr 9859,,Ingolstadt,8,85049,0xE6100000010C3451BB0B666A4840871F37B5BFB62640,A9B21FC3-2B47-4DDD-AC37-DDA140F11321,10-10-2011
15594,"2, route de Marseille",,Burlingame,9,94010,0xE6100000010C0255841A76C44240585E4DADB7955EC0,6D4DE177-AE29-4FE1-8761-FDB31BB357B3,15-09-2013
15595,9580 Kalima Place,,North Ryde,50,2113,0xE6100000010C328493FDF3DE40C0B7676DFAFDDC6240,5EC2B82F-4461-491C-AB97-E95188B5EC3C,09-10-2013
15596,4816 Condor Dr,,Royal Oak,7,V8X,0xE6100000010C49E16DD7973B48403BFFAFAB20CF5EC0,0C5C772D-93A1-452E-8873-C750A77F7722,07-11-2013
15597,4603 Brock Lane,,Beverly Hills,9,90210,0xE6100000010C25770D28840F414062A8DD6AEF9C5DC0,DFD51284-6337-4CBF-B644-A442C47B25EA,23-03-2014
15598,3537 Pheasant Circle,,Coffs Harbour,50,2450,0xE6100000010CE17459CC472D3EC0948F52CDCA266340,0B92E51F-ACD9-4A86-8647-822FF509CE24,08-08-2011
15599,2680 Claudia Drive,,Chula Vista,9,91910,0xE6100000010CE035B3AE26574040A77C35FF9F3C5DC0,F17EE02D-7EFF-4A58-BC34-0E457AC339C6,31-07-2013
15600,5376 Sahara Drive,,Daly City,9,94015,0xE6100000010CDE31ACC494D5424021372575BBAA5EC0,EA7AB5BE-9268-4D15-B090-C1B5DAD88FE6,22-01-2014
15601,"88, place de la République",,Paris,161,75009,0xE6100000010C5797CDBDED6B484022AF898AA8ED0240,4BA710A5-04DB-441F-9C80-C030FA2589E7,21-12-2013
15602,3708 Lenox Ct,,Metchosin,7,V9,0xE6100000010C7F080F2B2B38484071186F6F38E25EC0,97D2CBA4-2668-4545-9822-A259B6AA2C50,18-02-2014
15603,6658 Radar Blvd,,Lakewood,9,90712,0xE6100000010CBF45FBE847EB4040030E1D9DD3845DC0,0DBC1CC0-D575-465F-A996-0DB1BA61E91C,01-09-2013
15604,6105 Brownstone Rd,,Coronado,9,92118,0xE6100000010C9E558B52285A40405F9034266C4E5DC0,C3EC51F2-4135-4C47-8A74-17113D40F5FA,30-11-2013
15605,5244 Black Walnut Ct.,,Haney,7,V2W 1W2,0xE6100000010C835012E67297484032906DC4C7A85EC0,ABD98178-6AA9-41AD-87E7-7AA550633CCA,20-06-2013
15606,4832 Park Glen Ct.,,Oxon,14,OX16 8RS,0xE6100000010C00000000000000000000000000000000,5BFFEF0E-11D1-495D-B95B-5A5F58E1AD52,16-05-2014
15607,1104 O St.,,Coronado,9,92118,0xE6100000010C0938106A345A4040A649F93C9C425DC0,14D4BA9B-3304-4AD0-BF41-7C1EEE1C4338,16-04-2014
15608,971 Harness Circle,,Milsons Point,50,2061,0xE6100000010CB35C732354E640C01306836762E56240,4C478341-744B-48DD-A720-54B492139C54,09-12-2011
15609,2599 Amaranth Way,,Coronado,9,92118,0xE6100000010CDF7DB1FEAA5C4040207527042C555DC0,424BA554-18C1-4E5D-A6C2-70AD05F14ABB,10-05-2014
15610,6058 Foothill Way,,Cliffside,7,V8Y 1L1,0xE6100000010CBE2B327DFB3C484049B0CCE2E8D25EC0,A54F00F7-9947-483C-BC15-455F9421948C,16-07-2013
15611,463 Ahneita Dr,,Milwaukie,58,97222,0xE6100000010CA5F90A6686C14640CEEC68F602A85EC0,FB8132E9-6DDB-4BD7-B473-1D5FC870EFBE,26-10-2011
15612,4176 Cotton Ct,,Spring Valley,9,91977,0xE6100000010C2422C354A55B40403AEE06A0CB355DC0,0C12EB7F-A4C2-40F3-9F1D-71C994A96B00,08-03-2012
15613,5710 Ida Drive,,Perth,66,6006,0xE6100000010CA3D0EB33D9F63FC08204C728CD015D40,F7FF93CE-CDDE-4A74-99CF-0CA42783E388,11-09-2012
15614,8834 Firestone Drive,,Santa Monica,9,90401,0xE6100000010C9BC0A17213FF4040475DA60E1C9B5DC0,C44EB016-C8E9-4225-8747-EEC1179404BE,06-03-2014
15615,5457 Chrislend Court,,Woodburn,58,97071,0xE6100000010C581854F9F78C4640E38233F542AF5EC0,58606E8F-AAC9-47EC-910E-AD047F352F8C,24-01-2014
15616,"2112, avenue de Villiers",,Verrieres Le Buisson,177,91370,0xE6100000010C68B9809B4D614840C8098408F8090240,25060665-83AC-4F6E-BA6C-4F96B5405A49,21-12-2013
15617,3027 W 69th St,,Oakland,9,94611,0xE6100000010C4D21A29C59E94240E572C67AA2945EC0,CB2B4810-5650-4516-ACFA-6B3CFDFA5B1E,29-04-2014
15618,7113 Ranch Valley Ct,,Oxford,14,OX14 4SE,0xE6100000010CA9713C4F44C9494062AC83FA8484F4BF,0A8B6A75-0FBB-4167-B8D9-E0EE7F835974,23-11-2012
15619,24 Megan Dr.,,Chula Vista,9,91910,0xE6100000010C9A4D93B0CB4E4040CBDEE71C9F3F5DC0,3E2B4F37-11E1-4ECE-9D13-F43ACE74618B,22-05-2014
15620,8131 Mission Drive,,Boulogne-sur-Mer,148,62200,0xE6100000010C5F30347A7C584940CDF2E4B1D1ABF93F,D5CCE5E4-3F22-455E-AC03-1C607EC67CA1,21-12-2013
15621,9903 Clearland Circle,,Watford,14,WA3,0xE6100000010CD851875D1DD649403FA9D5A631FAD8BF,F040BF80-BD65-4601-80C2-49E04613D4D7,04-09-2013
15622,7726 N Jackson Way,,Burien,79,98168,0xE6100000010CCA2E2A1BA8C64740B172F68DAB8C5EC0,5E8FCC88-48C7-478A-A768-17DE86652FA2,16-09-2013
15623,2310 Donegal Way,,Wollongong,50,2500,0xE6100000010CBE47B2BE2B3541C010C8E540C1DD6240,F66A5626-B1FA-4401-9887-D50C4BEC8218,11-09-2012
15624,7512 Sanford Street,,Issaquah,79,98027,0xE6100000010C92EBF49C23BA47404C7FBE5DD7885EC0,80BCBAA6-6318-40AC-80CD-E41EAF9C9190,30-07-2011
15625,Herzogstr 3998,,Dresden,19,1071,0xE6100000010C00000000000000000000000000000000,FCF32F20-5E27-42C8-ABCC-48A9F6B27A48,04-04-2013
15626,5630 Icicle Circle,,Chula Vista,9,91910,0xE6100000010CBD41A32FF9524040257273C91D445DC0,6E572597-B77E-42CB-A8FB-00E0FBCEDB59,13-04-2014
15627,Marketplatz 5492,,Hamburg,19,22001,0xE6100000010C00000000000000000000000000000000,202C74ED-16A9-400B-B51E-586884994EDA,14-04-2014
15628,8980 Sea Ranch Ct,,London,14,SW1P 2NU,0xE6100000010C2249501BE2B94940134D704BBB90C1BF,1956C1CA-937A-47C8-BFE2-A03F40689259,06-04-2013
15629,3962 Camel Place,,Puyallup,79,98371,0xE6100000010C555FAB9810954740D89D702ED4945EC0,FDC263DE-C76E-4113-A916-CF6F25D5475B,29-08-2013
15630,4074 Northwood Dr,,Hervey Bay,64,4655,0xE6100000010C55E9665E445439C01604097B96156340,C1D32FDD-3F25-41CD-9869-1A7A34B36531,20-12-2013
15631,162 Courthouse Drive,,Cloverdale,66,6105,0xE6100000010CBC8787D0B0F03FC08CFAABD524F95C40,9F675359-4849-40FE-A014-0ACDE377E7ED,28-10-2012
15632,6912 Hamilton Avenue,,Beaverton,58,97005,0xE6100000010C44ACD0FDEEC54640BDC3DA27D8AD5EC0,888FA9C5-C2F8-4831-8503-C92051F503BA,03-10-2013
15633,Dunckerstr 4,,Mühlheim,20,63151,0xE6100000010C00000000000000000000000000000000,91DF783D-A735-4714-9526-B13A1DCB7431,17-09-2013
15634,3099 Corte Segundo,,North Sydney,50,2055,0xE6100000010CAD89CBA018E640C06B6D9BE6E5EC6240,9C3786DC-7150-449A-B9B4-949D6C3AD006,26-11-2012
15635,4823 Park Blvd.,,Cliffside,7,V8Y 1L1,0xE6100000010C60666778393E48401BF4255FC0CF5EC0,269F5267-CF4F-4A3B-A584-E450557DB84C,27-06-2014
15636,8153 S Royal Links Circle,,Metchosin,7,V9,0xE6100000010CC2A1246B8B2A484068082A0B86D95EC0,B94EF736-6ADF-4271-9B05-6930F89949ED,29-08-2013
15637,4775 Kentucky Dr.,Unit E,Melbourne,77,3000,0xE6100000010CBEDE9EC4BCE142C09B03538325216240,ACD7BA96-6363-491D-A8C6-530183B47C76,17-04-2014
15638,Celler Weg 3040,Verkaufsabteilung,Berlin,19,14129,0xE6100000010C076FECD791324A4021231965C95D2A40,8914F62B-1BED-4290-B1D9-E74EF08473C4,25-07-2013
15639,1358 Palmer Rd,,Redmond,79,98052,0xE6100000010C5BB1E572C6D94740A62E83E4BC915EC0,E6B9197F-19A3-4863-918A-285C44E63D9B,21-08-2013
15640,2854 Ironwood Way,,Redmond,79,98052,0xE6100000010CDD84207E37DC47404191F8B503865EC0,6C313ABE-54DF-474D-A932-EDB41B5A6282,30-08-2013
15641,6312 Woodcrest Dr,,Victoria,7,V8V,0xE6100000010CBF7497F88B3A484086C7F534E8D85EC0,EE657CBA-D644-4A16-B6A6-5C6A6F70BCC3,04-11-2013
15642,9597 Pass,,Port Macquarie,50,2444,0xE6100000010C0E9D112D9A6A3FC0B5111A4856156340,8DBCE006-1517-4426-A964-3A5092A3147C,06-01-2013
15643,717 Pheasant Circle,,Bremerton,79,98312,0xE6100000010C7D76219E7CCD4740F838D790489E5EC0,6D2B50B8-C92A-453E-A3BD-FD303ADC0C54,21-02-2014
15644,3545 RiverRock Dr.,,Colma,9,94014,0xE6100000010C59F49F3128DC4240064D523A9BA85EC0,7975058D-6EA0-4A4B-A637-9941A0813A4D,16-01-2014
15645,7085 North 29th St,,Oregon City,58,97045,0xE6100000010CD1F9A2BA08B0464034B97C52A79E5EC0,38ABA032-1C76-4AEB-B045-4E5FCDD87C74,11-01-2014
15646,607 B Way,,Geelong,77,3220,0xE6100000010C5414540E650C43C0BE7D0E6CD6076240,75CA2E73-8635-4D74-BE82-28A573C24F93,17-04-2013
15647,5024 Euclid Avenue,,Renton,79,98055,0xE6100000010CE58725FC5BC0474056653A6AB1945EC0,F57BF05B-EFE6-45DB-9FAA-F062ABCBBBDF,20-09-2013
15648,1646 Twinview Drive,,Langley,7,V3A 4R2,0xE6100000010C94E0BA4659844840D6C1D1EF9CB55EC0,BC099173-D39B-4638-8EA6-7A3E39295B3D,27-03-2014
15649,7028 Stonedale,,Perth,66,6006,0xE6100000010C551628EF69E23FC03E37901418FE5C40,ABC31F3F-26DC-4997-9F09-254FAA644DB5,10-05-2012
15650,6559 Via Rerrari,,Woodland Hills,9,91364,0xE6100000010C02F7A143A916414065F2F062849C5DC0,971D0DFA-F1DC-4E7E-9C2A-C3A8F8487525,28-06-2014
15651,6092 Chestnut,,Concord,9,94519,0xE6100000010CE5FE757C03F842409A23AB04A87B5EC0,B197B43D-9B4D-4598-8984-261A15A023D7,23-02-2012
15652,1260 Mt. Washington Way,,Victoria,7,V8V,0xE6100000010C12A87F0A683C48404FF8901FCDD15EC0,AA9FDA07-8524-401F-A3CE-818D0029F864,13-07-2012
15653,1962 Race Road,,Geelong,77,3220,0xE6100000010C5414540E650C43C052D7B56F24046240,197C0390-C7B9-4DA1-AA79-C866C8FF391C,17-01-2014
15654,1046 San Carlos Avenue,,Colma,9,94014,0xE6100000010CC03295BAACDB4240E5E666835D975EC0,91422276-67BE-4051-AF98-08EEF320893F,29-12-2012
15655,9123 Springfield Drive,,Fremont,9,94536,0xE6100000010C0A6F6728D5C4424016DA4524AA7F5EC0,5EFBC16B-6B12-4742-A9E8-2622D56B432C,01-06-2013
15656,9163 Hilltop Road,,San Gabriel,9,91776,0xE6100000010C95B45795AE094140A696E946AD915DC0,A9B1C22B-6697-4DB8-8CFD-96AB595DC73E,10-05-2012
15657,151 Book Ct,,Seattle,79,98104,0xE6100000010CA8482EA87FD14740B84AFBD0839E5EC0,FE0B52A7-2772-4568-B5C5-47525723A815,15-01-2012
15658,1369 Rambling Lane,,Burbank,9,91502,0xE6100000010C0E760DBC551041404B2999875D985DC0,B2883F89-5A92-4C01-A707-12B6A22ED0BD,12-02-2014
15659,2348 Fruitwood,,York,14,Y03 4TN,0xE6100000010C96ABC7D1CFF34A40CF918D5D315CF1BF,E2045D91-3E65-4BA7-B177-9D0F37DA556A,30-03-2014
15660,3101 Greendell Rd,,Leeds,14,LE18,0xE6100000010C0C703E800DDC4A40D42C4782E5C6F8BF,9E9739E0-5BAB-4FFE-BC32-59DB41B6FC2D,02-09-2012
15661,1930 Corte Del Sol,,Melbourne,77,3000,0xE6100000010C2BA7DA93B4E242C0669E7F0DC9256240,4988A5F5-EC2C-4418-A00F-096D2E65EA00,24-11-2013
15662,7615 Buena Vista,,Coronado,9,92118,0xE6100000010CBF3AC7DF7B58404087661F39AC4A5DC0,C9E63DC8-E1E6-4730-BB98-7FBB62A46AAD,13-02-2012
15663,8641 Summit View Dr.,,Gateshead,14,GA10,0xE6100000010C8DC4D30F74834B40FEC8015BB69EF9BF,6BAF3697-5791-4CC0-92C3-7430667A0685,16-07-2013
15664,1687 Rose Drive,,San Diego,9,92102,0xE6100000010C13DA6405F25E4040BC3C9060B04C5DC0,3E2BD8CA-AEF8-4444-BA9E-44B5440A81F2,05-09-2013
15665,4891 Olivera Rd,,Sooke,7,V0,0xE6100000010C7F54A1C3BF324840AB7ABCEB6CEC5EC0,185FCC4B-28B0-429F-8A5B-491352203172,13-01-2012
15666,6386 Holiday Hill Dr,,Lebanon,58,97355,0xE6100000010CBC91E4A908434640C9948F3707BE5EC0,0C13329B-34B2-463C-BEDB-F1A1C5EEDF05,13-05-2014
15667,2501 Wilke Drive,,Spokane,79,99202,0xE6100000010C41AFF7EF6BDD474075FE598981545DC0,5BAEE9F2-2EA0-4046-B1FB-D4D88BD9B5F5,22-11-2013
15668,4250 Park Tree Ct,,Issaquah,79,98027,0xE6100000010C5DD4B2EFB4B74740E700A232AA775EC0,E9F3170B-EA7A-4915-9BB5-36516251F375,22-08-2012
15669,3219 Sandra Circle,,Bellingham,79,98225,0xE6100000010C075E30C7FC694840904BE602E3955EC0,3A1A52AD-E37A-47AC-86D5-7778955BA77A,27-07-2013
15670,2753 Galloway Dr.,,Malabar,50,2036,0xE6100000010C0DC488886B0141C091AEFBCDB7E36240,14F3DB50-389C-475C-B50F-8AAFB5816DDA,12-09-2011
15671,"081, boulevard du Montparnasse",,Saint-Denis,179,93400,0xE6100000010C401BA24C0C7548409674CE9551B00240,ADF023D3-374E-4FCF-BB29-26F4F7C99403,21-12-2013
15672,9597 Sweeney Road,,Lavender Bay,50,2060,0xE6100000010C63C4E104D1EA40C0B4036165E9E86240,9C84C4D2-127C-43E5-965F-10EAD8B4F119,07-01-2014
15673,7932 Pierce Ct.,,Lane Cove,50,1597,0xE6100000010CEC348EB01BE640C012F85F1B03E26240,EEF03E9B-A4F8-4ADD-AB42-30E9B50B66ED,01-05-2013
15674,1901 Missing Canyon Court,,Goulburn,50,2580,0xE6100000010C236083C9C04941C0D7571E7261BA6240,9ECAEE1B-834B-432D-95DC-BE9869A1B0CB,28-09-2013
15675,4776 Kentucky Drive,,London,14,W1N 9FA,0xE6100000010CB8FADFBA09CA4940673D1280D147C0BF,0D8912B5-A7A9-433B-B9E5-311F5B256458,23-08-2012
15676,6813 Morning Way,,Sooke,7,V0,0xE6100000010C8EAE5C4D5E33484024D7028762F05EC0,9534050D-1451-46AB-8A48-0137E7BD3997,27-11-2013
15677,6346 St Paul Way,,Olympia,79,98501,0xE6100000010C5E4D2DCF137C474040BC5B569CB55EC0,02E6EBDE-2D33-44CE-85D5-93CE43C89AB1,27-03-2014
15678,6566 Serene Ct.,,Burlingame,9,94010,0xE6100000010C65734EAF0ACF42407287892D80965EC0,F9926BCB-2E29-4E85-9617-C695707F49D8,26-03-2014
15679,7289 Las Quebrados Ln,,Rhodes,50,2138,0xE6100000010C546FCB2198F040C0738B960751E26240,B94AAB54-4788-45CE-B391-818DEF765F33,06-09-2013
15680,4169 Deercreek Ln,,El Cajon,9,92020,0xE6100000010C879D4DB2FC61404013005087DF3A5DC0,4266003A-46FD-4762-BFFF-E75C80503638,16-06-2014
15681,Heiderweg 4284,,Werne,53,59368,0xE6100000010C71FAF9577CD749404C613934557D1E40,0BA2D8E2-199C-43EF-8F2E-A922296B3050,28-11-2013
15682,9650 Valley View Road,,Cheltenham,14,GL50,0xE6100000010C4067A23D4CF04940E39FFC45AD9D00C0,55FE2F2C-7F9A-4CEF-9AE2-B517DFEDBE28,12-10-2013
15683,9377 Lightwood Drive,,Burien,79,98168,0xE6100000010C8ED28D9802C34740B114A5138A895EC0,B412E4CD-974E-469D-A6A1-EAB155714BDE,20-04-2012
15684,Zollhof 7266,,Neunkirchen,70,66578,0xE6100000010CD4ADF7D3EFA948400AB65C1C497C1C40,A3698BD3-FD7E-40B0-8F20-0B2325EC1D8D,25-06-2014
15685,"2, rue Royale",,Colomiers,117,31770,0xE6100000010CAFC5D3C84FD34540EFA306857242F53F,E720BEFE-238F-4A42-9DD5-BD0EE391206A,21-12-2013
15686,405 Scenic Avenue,,Oak Bay,7,V8P,0xE6100000010C90C9C216282F484012910FB650D45EC0,27088E69-4385-4F0F-BE76-0A780D420B7F,06-12-2013
15687,3355 Alier Drive,,San Gabriel,9,91776,0xE6100000010CF24AA8FD8D0A4140DAAAEBDF56865DC0,0F9457A7-DF69-4444-9BD0-20795763747D,05-03-2014
15688,4596 Hill Meadow Place,,Walla Walla,79,99362,0xE6100000010C97340B206C0F4740CA63752CB7A05DC0,05685E65-7AB3-4C9D-8A75-9BADDE6FAA9B,24-12-2013
15689,Hochstr 2777,,Münster,70,48001,0xE6100000010C015791A537F649405159D2B445801E40,61C061C7-4FBC-4966-809E-D0E2A0251A66,04-07-2013
15690,Kalkweg 4425,,Ingolstadt,8,85049,0xE6100000010CDB041C62CB5A4840D0FAF60C6DB42640,0C140849-4461-4F44-A03A-6B585FF9D08D,02-04-2013
15691,3316 Ringing Dr,,Los Angeles,9,90012,0xE6100000010C20B7BC1FF80341409F7B8A00B3935DC0,C8439B8E-E3F9-46DE-BC8E-0313F8080ED1,13-11-2013
15692,2898 Forest Way,,Bellflower,9,90706,0xE6100000010C275A1FAD8DEE4040B67C34987A805DC0,D643A9FD-A0C8-46DC-A8EE-D0913580418F,31-07-2013
15693,6774 Alier Drive,,Port Hammond,7,V6B 3P7,0xE6100000010C1A63450E82A3484049019C2644CA5EC0,723C4CFB-35EA-43B9-905E-7EFA26092CF2,09-04-2013
15694,Am Grossen Dern 4583,,Bonn,20,53131,0xE6100000010C00000000000000000000000000000000,2A764417-46D1-4B12-AB36-8A8DA614E4E2,22-07-2013
15695,"144, avenue Foch",,Paris,161,75003,0xE6100000010C4143D920E46D4840F5DD89D2144C0240,D4BA1027-2317-42D0-9FA9-CDB05D0810DE,21-12-2013
15696,1180 Rhea Ct,,West Covina,9,91791,0xE6100000010C5F4F2C4A740741402413161074815DC0,13A0BB41-313F-47D3-A798-F8D572E06041,30-04-2014
15697,"67bis, boulevard du Montparnasse",,Morangis,177,91420,0xE6100000010C7C386F7039514840FC6CEE50F9AE0240,639FEB15-032C-4C1D-8D78-E6B398A409DB,21-12-2013
15698,7547 Payot Court,,Lincoln Acres,9,91950,0xE6100000010C4D2FF516835440408E6C7C019E3A5DC0,38C9B4F9-B74F-4599-8062-4B0E35098785,25-06-2014
15699,9551 Alet Court,,Spring Valley,9,91977,0xE6100000010C5D77008D6A5F40408812155343495DC0,B08FFCB5-92E1-4FD2-BD0C-B9875A592558,20-08-2013
15700,5484 Viking Dr,,Hawthorne,64,4171,0xE6100000010C5F25CA8250743BC0AC6E71D6FC256340,5537F819-1FD2-4C62-8DFF-53BE7EA5C91F,18-06-2011
15701,8523 Magic Dr,,Bremerton,79,98312,0xE6100000010CE9F09830D3C24740D69350CF5AB35EC0,A85E1443-5F0D-440D-807C-692E352B6A70,03-03-2012
15702,7538 Black Pine Lane,,Hervey Bay,64,4655,0xE6100000010C003FD1A8365639C07D019EF8E01E6340,980116DF-1DC2-4746-A3D2-F1884D443943,18-08-2013
15703,8829 Northstar Drive,,Berkeley,9,94704,0xE6100000010C527706B758F54240CBBDC5A15B885EC0,BBD5E5A1-9A4B-437B-88B6-6F4AD942BCA5,27-01-2014
15704,3743 Greenbelt Way,,La Jolla,9,92806,0xE6100000010C232D0519A2E64040B6D7C88E167B5DC0,14EBE751-769A-4263-B2EB-949FC81CBDF5,20-11-2011
15705,620 Trasher Road,,Downey,9,90241,0xE6100000010C6E824578BFFD4040A1CB1A79FB865DC0,E5648792-6D84-48C6-90B4-EFDB89BCE9AE,07-04-2014
15706,8442 Euclid Avenue,,Port Hammond,7,V6B 3P7,0xE6100000010C5CCF873FECA74840DA088CDF72BE5EC0,AC0FA01B-76DE-45AB-ABF4-3BB759471CC1,20-08-2013
15707,8229 Crawford Street,# 2,Redwood City,9,94063,0xE6100000010CAE5A48AD2EC24240BB00929E8B905EC0,466B4849-F256-41FD-A1E7-2FD6A9A1DD83,12-09-2013
15708,6306 El Dorado Way,,Beverly Hills,9,90210,0xE6100000010C115BEFFD460A4140E933737CB9A05DC0,33289481-0EC1-4D37-BDE1-2684E3834730,20-02-2014
15709,6347 Brookview Drive,,Berkeley,9,94704,0xE6100000010CF0FF7EF12AEB4240CBBDC5A15B885EC0,B23CB738-870F-4F1C-9E84-F3DEB1A4CB25,14-04-2014
15710,7334 Sterling Hill,Unit G12,Hobart,71,7001,0xE6100000010C0D4AFC40816845C0A30EF73D7F6A6240,D392D434-B072-40EE-9397-53AB60DD5DC0,10-12-2013
15711,3005 Potomac Drive,,Beaverton,58,97005,0xE6100000010CB3C710BBF5B746407F09E9598FB25EC0,F1DCE8CD-902B-493E-9210-EFC4B43AC801,08-07-2013
15712,7628 Beech Ct,,Westminster,7,V3L 1E7,0xE6100000010CF536E5C9CCA04840FD50538971C35EC0,D48F4C8B-63BD-4B5A-A15D-E40A65404E1D,08-06-2014
15713,8869 C Olivera Rd,,Redmond,79,98052,0xE6100000010C68AE2B0366CF4740D7CE57D0F4905EC0,17C3DEE2-5DC6-46E8-BC7C-4D92740EF11B,25-07-2013
15714,2075 Browse Ct,,Burlingame,9,94010,0xE6100000010CD1B496566CC5424045ED2F2BAB8E5EC0,FE1D521F-5A13-400F-AB20-87423A5E0FA7,17-02-2012
15715,3570 Book Ct,,Novato,9,94947,0xE6100000010C38A7373BFB0743403AA6744A60AB5EC0,A0EFB466-8024-4C74-B23B-64935D56AA42,24-09-2013
15716,8394 Summertime Dr.,,Reading,14,RG7 5H7,0xE6100000010C282AADA64AC14940DA88C10AF2D0EEBF,240419A7-0B21-4F39-9D38-8422B7B943AD,20-07-2012
15717,7801 Foxhill Dr,#505,Westminster,7,V3L 1E7,0xE6100000010C1B7775D2479E4840FE4AFE9EDBB65EC0,61966E3C-3D49-420F-B1EF-2DFBCB4EE6DB,27-05-2014
15718,3294 Buena Vista,,Berks,14,SL4 1RH,0xE6100000010C6D3114110AC5494022B66841AD8DE3BF,25B8C542-9F7D-4F9D-9553-61ECF4A16C3C,15-03-2014
15719,2461 Prancing Drive,,Hobart,71,7001,0xE6100000010C0EEAC309EC7245C0AC2BF0F6EF736240,AEE258A3-45A5-4A8D-AC35-4CBBD7E2BE5C,25-08-2012
15720,9083 Eastgate Avenue,,National City,9,91950,0xE6100000010CF83A5676705740406AB832555B475DC0,6C8FB1F0-EC7C-4735-9C62-3623C88363C7,27-02-2013
15721,3997 Alpine Drive,,Olympia,79,98501,0xE6100000010CC13AA45101844740D03A295313B65EC0,1C408311-3DD9-402F-9890-BFAAB65EE372,29-10-2013
15722,7311 Blackridge Dr.,,Lane Cove,50,1597,0xE6100000010CEE92BAABF1E340C08D195DCEE1E56240,050EB7A3-E2B2-4516-9F82-49DABF2EBA8C,14-05-2013
15723,3529 Midway Ct,,Woodburn,58,97071,0xE6100000010CBF692502648C464001C18C0CD7BB5EC0,4661C820-8640-4899-A335-22867EAEEB6D,08-12-2013
15724,6189 Stonewood Ct.,,London,14,W10 6BL,0xE6100000010C1E59007348C44940C33CC2C414FECBBF,CECEA24D-1870-48F9-B892-B3A3B252E765,09-03-2014
15725,5248 Gladstone Drive,,Rhodes,50,2138,0xE6100000010CD72A76EB5CE840C04BEAA8A737E56240,3CDC3F17-9953-4500-800B-1D4D4CB65928,04-09-2012
15726,Räuscherweg 345,,Saarbrücken,70,66001,0xE6100000010CBB74D1BA4CA348400B4CFCB877F31B40,3EEE178C-9D1F-437D-9CCA-49CE94CEA6E3,24-01-2013
15727,4440 Stillwater Court,,Seaford,77,3198,0xE6100000010C50882DE9610643C04459955E072B6240,35F7D334-BB88-4032-883B-758D275752D6,12-08-2013
15728,8483 Temple Court,,Bellflower,9,90706,0xE6100000010C50469AE787F84040D24754934E8A5DC0,8CC35E81-BE75-423A-9318-4CA5B4873B6C,05-04-2014
15729,6560 Waterview Terrace,,Downey,9,90241,0xE6100000010C6428EE3F50FD4040045F04927E885DC0,04102AA3-A640-46F2-AFCE-560AF1C0888B,23-11-2013
15730,9256 Santa Fe Street,,Bremerton,79,98312,0xE6100000010C7589A8545ACB4740713DE40F6DBA5EC0,8764B676-7AB3-474C-9E1C-193B479A5847,21-12-2012
15731,4900 La Salle St.,,Calgary,1,T2P 2G8,0xE6100000010CE4FAB110968B4940C360964D44825CC0,E77EF72D-5648-4AB1-AE4E-45DBFE4463C9,14-07-2013
15732,6142 Kentucky Drive,,Townsville,64,4810,0xE6100000010C2E29E3BC663E33C02A98248F90556240,D0496775-1390-4747-8EC5-F43564FC82AF,25-01-2013
15733,7588 Deerfield Dr,#36,Palo Alto,9,94303,0xE6100000010C1CA3CA0282B54240D6619AC9C08D5EC0,2A616054-5C61-491D-AA56-6EB1A5FF6E0A,06-09-2013
15734,539 Rolling Green Circle,,Sooke,7,V0,0xE6100000010C537F379B52384840A49486E7ADFA5EC0,3F7562B0-0B3D-4F84-B189-3206B5CD5AE1,17-03-2012
15735,"81, cours Mirabeau",,Paris,161,75012,0xE6100000010CB7312EA34E71484015477444A5360240,77672343-E801-4BD5-92A7-BCDAF1008DDA,21-12-2013
15736,6093 Midway Ct.,,Hawthorne,64,4171,0xE6100000010C65EB35D3BF7C3BC0E852BBA2B31B6340,577E089B-1AF3-4F1E-9FD3-A275B2477F2C,09-12-2013
15737,5890 Yosemite Circle,,Hawthorne,64,4171,0xE6100000010CE1AFBC23956C3BC009656A9EF7266340,35E3E609-8F60-4072-A617-3F7ECC95BF5E,06-02-2014
15738,"844, rue Basse-du-Rocher",,Paris,161,75017,0xE6100000010CF87D2329B26F484019960FDD0D760240,14EA228D-B75E-422E-81C6-5297686CC315,21-12-2013
15739,7228 Sierra Ridge,Unit A309,North Sydney,50,2055,0xE6100000010CAD89CBA018E640C02362007B17E76240,E1E4872F-0131-4241-AA61-257D215BF9EA,04-09-2013
15740,3575 Tulip St,,N. Vancouver,7,V7L 4J4,0xE6100000010CCBF674CB48A248400B5B0290EFCF5EC0,01DE2889-A5DD-4E92-BFA9-EAB03C4792BE,29-07-2013
15741,5070 Via Alta,,Oregon City,58,97045,0xE6100000010C299845A8A6A946407A6E638DDE9D5EC0,5C56FE45-4029-47EA-B5FF-EB49D2ADECEF,20-04-2014
15742,Heiderplatz 662,,Salzgitter,19,38231,0xE6100000010C00000000000000000000000000000000,92881F10-C177-44A4-B789-71B171033E69,08-06-2014
15743,332 Laguna Niguel,,Seaford,77,3198,0xE6100000010C050977C4DE0643C0111BF32BAB226240,0E195A2F-BA45-434A-8481-4C5FD122C666,10-11-2012
15744,1185 Laguna St,,Tacoma,79,98403,0xE6100000010C19C305E29FA74740AB6ED7599EA65EC0,2D5105EC-9951-48D5-B515-4B32F367BC4E,29-06-2014
15745,2934 Treat Blvd,,Grossmont,9,91941,0xE6100000010CC84243AD1D644040E4C8E24C093E5DC0,C4FFF732-D776-48D7-ABE1-CE7201EE2417,28-05-2014
15746,9302 Blue Ridge,,Lynnwood,79,98036,0xE6100000010C6F6F227692EF4740D3C2C86B5F965EC0,0A65E7D6-B6BA-4618-93C6-20642A9F77A7,03-03-2014
15747,"123, rue de Cambrai",,Lille,145,59000,0xE6100000010C5A7BAD29264649403DAED711D1960840,4F4ACC84-34DE-4551-8714-EE8FF0FFE299,21-12-2013
15748,3519 Woodruff Lane,,Burbank,9,91502,0xE6100000010C147490AC651A414027ACC38FE89C5DC0,6E460761-A229-4227-943C-D1176E54B7D0,12-04-2014
15749,584 Blue Circle,,Portland,58,97205,0xE6100000010C26E942721AC2464092FC74DD5FB55EC0,CCA0C3B1-8F58-4F5D-91EA-EAE86FE0CFD8,22-05-2014
15750,2103 Baldwin Dr,,Liverpool,14,L4 4HB,0xE6100000010C98C84AA96AAE4A4091EF91836BC607C0,256FA07A-E849-462C-B50E-BB5D2DDE1B82,19-09-2013
15751,8153 Shoe St.,,Port Hammond,7,V6B 3P7,0xE6100000010C1CA883C65AA048409BC0C75AC0C45EC0,B52D426E-698B-4715-85BF-CB08BF64D7E4,04-04-2014
15752,5030 RaceCt,,Marysville,79,98270,0xE6100000010C0E6732327010484093B5F4B7E7875EC0,DF52A14D-E1D0-427E-9643-C6ECEF6D7A96,31-03-2014
15753,2853 Rollinghill Way,,Chula Vista,9,91910,0xE6100000010C948526E41F4D4040F0409A3A9E425DC0,CF927AE5-5767-4724-B092-60E7882292DE,07-09-2013
15754,1061 Carzino Ct,,Bracknell,14,RG12 8TB,0xE6100000010C440DFEB132B449409A97D9B5332FE8BF,67EC4738-884F-435E-8175-FFCD6751DA38,13-08-2011
15755,2639 Parkview Court,,Oregon City,58,97045,0xE6100000010C8A48F1479DB04640ED465DF38DAD5EC0,B2B4B904-424D-4C1D-9970-A60E8804FE45,27-06-2013
15756,4956 Vista Del Diablo,,Ballard,79,98107,0xE6100000010C241DFDEE0FDE474013BC95558A9F5EC0,F6E63E64-0BF7-4D52-9A79-6CB833A38EFF,21-09-2013
15757,717 Ridge Park Drive,,Corvallis,58,97330,0xE6100000010C492886FD6A5346409A78918EE1C85EC0,93311E90-94F3-47D6-A684-5A74EC2C2997,27-07-2013
15758,7031 Horseshoe Circle,,Burlingame,9,94010,0xE6100000010C53A357CD85CF42408B735B30E69F5EC0,5503776F-FBA2-4DA1-B02A-BA483D63B3ED,08-04-2014
15759,3895 Mt. Tooth Place,,York,14,YO15,0xE6100000010C84D97ACA43F74A40CB49F6598955F1BF,C2479A9A-77A4-4961-BD2A-01486AF40CC3,06-10-2013
15760,423 East 33rd Street,,Bremerton,79,98312,0xE6100000010C4FD6383869C84740A2D5A2CB14AE5EC0,F709A26D-ED41-4528-9BAB-EFB3A5A69C4C,22-03-2013
15761,757 Eureka Lane,,Walla Walla,79,99362,0xE6100000010CA9C9CC6B24144740629845571C965DC0,8E89CB30-1DB6-405F-8529-74610CA0C204,01-07-2013
15762,9088 Almaden Dr,,Beaverton,58,97005,0xE6100000010C8363E36987BF4640111DCAC257A85EC0,F51BF788-6B88-4087-A330-B34329AC8514,28-10-2013
15763,8381 Lake Place,,Gateshead,14,GA10,0xE6100000010C1E39129EE6784B40AEA85D5406A0F9BF,A5716FBC-53AE-4FA6-9236-861731FDAA24,22-11-2012
15764,832 Bellows Ct.,,Oxford,14,OX1,0xE6100000010CF6544A4118E849404B48698E6525F4BF,F390D429-B758-47E9-9D8D-401AD6C1B232,05-01-2014
15765,2039 Doon Cr,# 120,Long Beach,9,90802,0xE6100000010C80D925C4FADB404085FC6D1267915DC0,37AC6F58-5F8A-4E66-A467-CBCD1979A621,14-11-2013
15766,8011 McNutt Ave,,Cambridge,14,CB4 4BZ,0xE6100000010CD29349E409224A407979758FF766BC3F,0E17CE61-2413-46E9-AA65-B204F439748F,25-09-2013
15767,3280 Oil Road,,Olympia,79,98501,0xE6100000010CAEF81BEDAB794740BB7F6D77D5BF5EC0,FBAEFD1C-02D4-4DDD-9665-89D25667A716,26-11-2013
15768,Zur Lindung 7,,Neunkirchen,70,66578,0xE6100000010CE2D7F17683A548406F9FF8D45A711C40,931213FE-D263-4BA6-8A4A-CDD0179242D8,10-09-2013
15769,7980 Los Gatos Court,,Bury,14,PE17,0xE6100000010C8644F2672CCC4A40210FB00CBC6D02C0,3B0D28F8-954E-431E-B3A1-2B9C1B2C5D8C,21-07-2013
15770,Heiderweg 4624,,Salzgitter,19,38231,0xE6100000010C00000000000000000000000000000000,25C9712A-3AE7-405A-A387-198B21C82528,16-12-2013
15771,1439 Brock Lane,,Langley,7,V3A 4R2,0xE6100000010CF256132DFA84484097FA8337D99E5EC0,2245A426-B0C2-48EC-9C81-48D47332FCBF,14-11-2013
15772,5844 Miguel Drive,,Torrance,9,90505,0xE6100000010C03608C992FEB40401E920CDE2C915DC0,60387B45-FA7D-4FA5-B015-464F8ECFBC79,13-05-2014
15773,8841 Warmcastle Court,,Concord,9,94519,0xE6100000010CDF849EED20FE4240191239499E755EC0,693E7859-DCB8-4709-81EF-79C59CC85963,18-11-2013
15774,2212 Sagull Court,,San Diego,9,92102,0xE6100000010C73E8CB66985B4040E9932CBA704A5DC0,08349188-C795-4070-AAA7-E818FB103ED1,06-08-2013
15775,4216 Stonehedge Dr,,Lemon Grove,9,91945,0xE6100000010CCB798BCA7A62404025956B0580475DC0,B0B5E4D7-9D9D-4B07-9089-AB17A979CB07,27-10-2013
15776,"1004, rue des Bouchers",,Paris,161,75019,0xE6100000010CC14CB23EED7A4840D370264203180340,45243CBB-B991-43E5-B416-58DC7651F9C3,21-12-2013
15777,3494 Radar Blvd,,Colma,9,94014,0xE6100000010C16DBF3C070D44240143DFD2226985EC0,CD64B02C-2D20-4354-9488-8032A0F3888E,16-05-2014
15778,1291 Honey Court,,East Brisbane,64,4169,0xE6100000010C9B57E4249A743BC007E9F2355E1F6340,980D1C19-009F-44AD-8821-AA05574F7113,27-09-2012
15779,"45, rue Faubourg St Antoine",,Lille,145,59000,0xE6100000010CFAF63F826E494940506D4793E15D0840,28A253E6-5C17-4011-83BF-AB13FEE0ED68,21-12-2013
15780,7939 O St.,,Chula Vista,9,91910,0xE6100000010CB3DD6C4923524040D39D6B3D5C495DC0,AA9C26F4-DDEF-4660-82D1-CE6183C4989F,18-05-2014
15781,3107 High St,,Langley,7,V3A 4R2,0xE6100000010C9D5D0F92519548406D9D6AE857A45EC0,27D0D653-6052-45DA-97C7-5DC3BB7FCE35,05-03-2012
15782,9120 Pinewood Court,,Hervey Bay,64,4655,0xE6100000010C19B4CF90054B39C0DB02BC91FA186340,B77BF40C-BE4A-45E2-A570-57BBE763C1DE,04-11-2013
15783,2894 Foothill Way,,Palo Alto,9,94303,0xE6100000010CBCD0D0CC6CB742400AE89FA207825EC0,79FA2994-2298-4003-BBD0-0459362CA3C1,22-06-2014
15784,971 Harness Circle,,San Carlos,9,94070,0xE6100000010CCCC5FED175BB42402636380CDC985EC0,1F2419CD-86BC-4927-9FB3-BABF8919B6BC,28-03-2012
15785,7490 Sharon Dr,,Gloucestershire,14,GL7 1RY,0xE6100000010C95509701DBD34940B5DC05554386FFBF,F835D06E-6CAF-4304-AD4F-BBA72E228BE8,24-10-2012
15786,8192 Pine Creek Way,,La Jolla,9,92806,0xE6100000010C19F01E3021ED4040E7C8DCC98F765DC0,E69B39A5-F934-450A-9A86-43AF5CDD8087,27-03-2013
15787,Heidestieg Straße 2664,,Salzgitter,19,38231,0xE6100000010C00000000000000000000000000000000,417EBC93-7253-49A1-BC01-118D30E74820,12-12-2012
15788,9179 Dos Rios Drive,,Bury,14,PE17,0xE6100000010CFC6F8CC232C14A4007D3A633E86A02C0,C6527FB7-FC24-4752-A17A-91D114F43677,14-03-2014
